2025-05-27 09:51:24 [INFO]: Request received {
  "method": "GET",
  "url": "/api/events/06b00ab8-a451-4064-97b1-f9eecbaa2adf",
  "headers": {
    "host": "localhost:3000",
    "connection": "keep-alive",
    "sec-ch-ua-platform": "\"Linux\"",
    "authorization": "Bearer eyJhbGciOiJIUzI1NiIsInR5cCI6IkpXVCJ9.eyJpZCI6ImQ2NDU2MmNmLTY0YjEtNGY3Yi04Y2MzLWQxYzY2ZDgzMWVjMCIsInJvbGUiOiJhZG1pbiIsImlhdCI6MTc0ODI2ODk4NywiZXhwIjoxNzQ4Mjc5Nzg3fQ.xjsOypIitixkXbHVt_bItzHgCZIgy8AcC9aSRHF51x4",
    "user-agent": "Mozilla/5.0 (X11; Linux x86_64) AppleWebKit/537.36 (KHTML, like Gecko) Chrome/131.0.0.0 Safari/537.36",
    "accept": "application/json, text/plain, */*",
    "sec-ch-ua": "\"Google Chrome\";v=\"131\", \"Chromium\";v=\"131\", \"Not_A Brand\";v=\"24\"",
    "sec-ch-ua-mobile": "?0",
    "origin": "http://localhost:5173",
    "sec-fetch-site": "same-site",
    "sec-fetch-mode": "cors",
    "sec-fetch-dest": "empty",
    "referer": "http://localhost:5173/",
    "accept-encoding": "gzip, deflate, br, zstd",
    "accept-language": "en-US,en;q=0.9",
    "if-none-match": "W/\"ba-i/HVvyZgZTPSyoGAXbs7dxZJOHE\""
  },
  "body": {}
}
2025-05-27 09:51:24 [INFO]: Request received {
  "method": "GET",
  "url": "/api/camps",
  "headers": {
    "host": "localhost:3000",
    "connection": "keep-alive",
    "sec-ch-ua-platform": "\"Linux\"",
    "authorization": "Bearer eyJhbGciOiJIUzI1NiIsInR5cCI6IkpXVCJ9.eyJpZCI6ImQ2NDU2MmNmLTY0YjEtNGY3Yi04Y2MzLWQxYzY2ZDgzMWVjMCIsInJvbGUiOiJhZG1pbiIsImlhdCI6MTc0ODI2ODk4NywiZXhwIjoxNzQ4Mjc5Nzg3fQ.xjsOypIitixkXbHVt_bItzHgCZIgy8AcC9aSRHF51x4",
    "user-agent": "Mozilla/5.0 (X11; Linux x86_64) AppleWebKit/537.36 (KHTML, like Gecko) Chrome/131.0.0.0 Safari/537.36",
    "accept": "application/json, text/plain, */*",
    "sec-ch-ua": "\"Google Chrome\";v=\"131\", \"Chromium\";v=\"131\", \"Not_A Brand\";v=\"24\"",
    "sec-ch-ua-mobile": "?0",
    "origin": "http://localhost:5173",
    "sec-fetch-site": "same-site",
    "sec-fetch-mode": "cors",
    "sec-fetch-dest": "empty",
    "referer": "http://localhost:5173/",
    "accept-encoding": "gzip, deflate, br, zstd",
    "accept-language": "en-US,en;q=0.9",
    "if-none-match": "W/\"3e3-m+dKOiRkUBTlK+dMUWe5mvrKpco\""
  },
  "body": {}
}
2025-05-27 09:51:24 [INFO]: Request received {
  "method": "GET",
  "url": "/api/campevents",
  "headers": {
    "host": "localhost:3000",
    "connection": "keep-alive",
    "sec-ch-ua-platform": "\"Linux\"",
    "authorization": "Bearer eyJhbGciOiJIUzI1NiIsInR5cCI6IkpXVCJ9.eyJpZCI6ImQ2NDU2MmNmLTY0YjEtNGY3Yi04Y2MzLWQxYzY2ZDgzMWVjMCIsInJvbGUiOiJhZG1pbiIsImlhdCI6MTc0ODI2ODk4NywiZXhwIjoxNzQ4Mjc5Nzg3fQ.xjsOypIitixkXbHVt_bItzHgCZIgy8AcC9aSRHF51x4",
    "user-agent": "Mozilla/5.0 (X11; Linux x86_64) AppleWebKit/537.36 (KHTML, like Gecko) Chrome/131.0.0.0 Safari/537.36",
    "accept": "application/json, text/plain, */*",
    "sec-ch-ua": "\"Google Chrome\";v=\"131\", \"Chromium\";v=\"131\", \"Not_A Brand\";v=\"24\"",
    "sec-ch-ua-mobile": "?0",
    "origin": "http://localhost:5173",
    "sec-fetch-site": "same-site",
    "sec-fetch-mode": "cors",
    "sec-fetch-dest": "empty",
    "referer": "http://localhost:5173/",
    "accept-encoding": "gzip, deflate, br, zstd",
    "accept-language": "en-US,en;q=0.9",
    "if-none-match": "W/\"692-aK0lBgTV1mRtvDAozf/et88Cwaw\""
  },
  "body": {}
}
2025-05-27 09:51:24 [INFO]: Request received {
  "method": "GET",
  "url": "/api/events/06b00ab8-a451-4064-97b1-f9eecbaa2adf",
  "headers": {
    "host": "localhost:3000",
    "connection": "keep-alive",
    "sec-ch-ua-platform": "\"Linux\"",
    "authorization": "Bearer eyJhbGciOiJIUzI1NiIsInR5cCI6IkpXVCJ9.eyJpZCI6ImQ2NDU2MmNmLTY0YjEtNGY3Yi04Y2MzLWQxYzY2ZDgzMWVjMCIsInJvbGUiOiJhZG1pbiIsImlhdCI6MTc0ODI2ODk4NywiZXhwIjoxNzQ4Mjc5Nzg3fQ.xjsOypIitixkXbHVt_bItzHgCZIgy8AcC9aSRHF51x4",
    "user-agent": "Mozilla/5.0 (X11; Linux x86_64) AppleWebKit/537.36 (KHTML, like Gecko) Chrome/131.0.0.0 Safari/537.36",
    "accept": "application/json, text/plain, */*",
    "sec-ch-ua": "\"Google Chrome\";v=\"131\", \"Chromium\";v=\"131\", \"Not_A Brand\";v=\"24\"",
    "sec-ch-ua-mobile": "?0",
    "origin": "http://localhost:5173",
    "sec-fetch-site": "same-site",
    "sec-fetch-mode": "cors",
    "sec-fetch-dest": "empty",
    "referer": "http://localhost:5173/",
    "accept-encoding": "gzip, deflate, br, zstd",
    "accept-language": "en-US,en;q=0.9",
    "if-none-match": "W/\"ba-i/HVvyZgZTPSyoGAXbs7dxZJOHE\""
  },
  "body": {}
}
2025-05-27 09:51:24 [INFO]: Request received {
  "method": "GET",
  "url": "/api/camps",
  "headers": {
    "host": "localhost:3000",
    "connection": "keep-alive",
    "sec-ch-ua-platform": "\"Linux\"",
    "authorization": "Bearer eyJhbGciOiJIUzI1NiIsInR5cCI6IkpXVCJ9.eyJpZCI6ImQ2NDU2MmNmLTY0YjEtNGY3Yi04Y2MzLWQxYzY2ZDgzMWVjMCIsInJvbGUiOiJhZG1pbiIsImlhdCI6MTc0ODI2ODk4NywiZXhwIjoxNzQ4Mjc5Nzg3fQ.xjsOypIitixkXbHVt_bItzHgCZIgy8AcC9aSRHF51x4",
    "user-agent": "Mozilla/5.0 (X11; Linux x86_64) AppleWebKit/537.36 (KHTML, like Gecko) Chrome/131.0.0.0 Safari/537.36",
    "accept": "application/json, text/plain, */*",
    "sec-ch-ua": "\"Google Chrome\";v=\"131\", \"Chromium\";v=\"131\", \"Not_A Brand\";v=\"24\"",
    "sec-ch-ua-mobile": "?0",
    "origin": "http://localhost:5173",
    "sec-fetch-site": "same-site",
    "sec-fetch-mode": "cors",
    "sec-fetch-dest": "empty",
    "referer": "http://localhost:5173/",
    "accept-encoding": "gzip, deflate, br, zstd",
    "accept-language": "en-US,en;q=0.9",
    "if-none-match": "W/\"3e3-m+dKOiRkUBTlK+dMUWe5mvrKpco\""
  },
  "body": {}
}
2025-05-27 09:51:24 [INFO]: Request received {
  "method": "GET",
  "url": "/api/campevents",
  "headers": {
    "host": "localhost:3000",
    "connection": "keep-alive",
    "sec-ch-ua-platform": "\"Linux\"",
    "authorization": "Bearer eyJhbGciOiJIUzI1NiIsInR5cCI6IkpXVCJ9.eyJpZCI6ImQ2NDU2MmNmLTY0YjEtNGY3Yi04Y2MzLWQxYzY2ZDgzMWVjMCIsInJvbGUiOiJhZG1pbiIsImlhdCI6MTc0ODI2ODk4NywiZXhwIjoxNzQ4Mjc5Nzg3fQ.xjsOypIitixkXbHVt_bItzHgCZIgy8AcC9aSRHF51x4",
    "user-agent": "Mozilla/5.0 (X11; Linux x86_64) AppleWebKit/537.36 (KHTML, like Gecko) Chrome/131.0.0.0 Safari/537.36",
    "accept": "application/json, text/plain, */*",
    "sec-ch-ua": "\"Google Chrome\";v=\"131\", \"Chromium\";v=\"131\", \"Not_A Brand\";v=\"24\"",
    "sec-ch-ua-mobile": "?0",
    "origin": "http://localhost:5173",
    "sec-fetch-site": "same-site",
    "sec-fetch-mode": "cors",
    "sec-fetch-dest": "empty",
    "referer": "http://localhost:5173/",
    "accept-encoding": "gzip, deflate, br, zstd",
    "accept-language": "en-US,en;q=0.9",
    "if-none-match": "W/\"692-aK0lBgTV1mRtvDAozf/et88Cwaw\""
  },
  "body": {}
}
2025-05-27 09:51:29 [INFO]: Request received {
  "method": "GET",
  "url": "/api/events",
  "headers": {
    "host": "localhost:3000",
    "connection": "keep-alive",
    "sec-ch-ua-platform": "\"Linux\"",
    "authorization": "Bearer eyJhbGciOiJIUzI1NiIsInR5cCI6IkpXVCJ9.eyJpZCI6ImQ2NDU2MmNmLTY0YjEtNGY3Yi04Y2MzLWQxYzY2ZDgzMWVjMCIsInJvbGUiOiJhZG1pbiIsImlhdCI6MTc0ODI2ODk4NywiZXhwIjoxNzQ4Mjc5Nzg3fQ.xjsOypIitixkXbHVt_bItzHgCZIgy8AcC9aSRHF51x4",
    "user-agent": "Mozilla/5.0 (X11; Linux x86_64) AppleWebKit/537.36 (KHTML, like Gecko) Chrome/131.0.0.0 Safari/537.36",
    "accept": "application/json, text/plain, */*",
    "sec-ch-ua": "\"Google Chrome\";v=\"131\", \"Chromium\";v=\"131\", \"Not_A Brand\";v=\"24\"",
    "sec-ch-ua-mobile": "?0",
    "origin": "http://localhost:5173",
    "sec-fetch-site": "same-site",
    "sec-fetch-mode": "cors",
    "sec-fetch-dest": "empty",
    "referer": "http://localhost:5173/",
    "accept-encoding": "gzip, deflate, br, zstd",
    "accept-language": "en-US,en;q=0.9",
    "if-none-match": "W/\"6c1-caF07UQ1/pGh/4ystukY9WrN+2g\""
  },
  "body": {}
}
2025-05-27 09:51:29 [INFO]: Request received {
  "method": "GET",
  "url": "/api/events",
  "headers": {
    "host": "localhost:3000",
    "connection": "keep-alive",
    "sec-ch-ua-platform": "\"Linux\"",
    "authorization": "Bearer eyJhbGciOiJIUzI1NiIsInR5cCI6IkpXVCJ9.eyJpZCI6ImQ2NDU2MmNmLTY0YjEtNGY3Yi04Y2MzLWQxYzY2ZDgzMWVjMCIsInJvbGUiOiJhZG1pbiIsImlhdCI6MTc0ODI2ODk4NywiZXhwIjoxNzQ4Mjc5Nzg3fQ.xjsOypIitixkXbHVt_bItzHgCZIgy8AcC9aSRHF51x4",
    "user-agent": "Mozilla/5.0 (X11; Linux x86_64) AppleWebKit/537.36 (KHTML, like Gecko) Chrome/131.0.0.0 Safari/537.36",
    "accept": "application/json, text/plain, */*",
    "sec-ch-ua": "\"Google Chrome\";v=\"131\", \"Chromium\";v=\"131\", \"Not_A Brand\";v=\"24\"",
    "sec-ch-ua-mobile": "?0",
    "origin": "http://localhost:5173",
    "sec-fetch-site": "same-site",
    "sec-fetch-mode": "cors",
    "sec-fetch-dest": "empty",
    "referer": "http://localhost:5173/",
    "accept-encoding": "gzip, deflate, br, zstd",
    "accept-language": "en-US,en;q=0.9",
    "if-none-match": "W/\"6c1-caF07UQ1/pGh/4ystukY9WrN+2g\""
  },
  "body": {}
}
2025-05-27 09:51:29 [INFO]: Request received {
  "method": "GET",
  "url": "/api/users/d64562cf-64b1-4f7b-8cc3-d1c66d831ec0",
  "headers": {
    "host": "localhost:3000",
    "connection": "keep-alive",
    "sec-ch-ua-platform": "\"Linux\"",
    "authorization": "Bearer eyJhbGciOiJIUzI1NiIsInR5cCI6IkpXVCJ9.eyJpZCI6ImQ2NDU2MmNmLTY0YjEtNGY3Yi04Y2MzLWQxYzY2ZDgzMWVjMCIsInJvbGUiOiJhZG1pbiIsImlhdCI6MTc0ODI2ODk4NywiZXhwIjoxNzQ4Mjc5Nzg3fQ.xjsOypIitixkXbHVt_bItzHgCZIgy8AcC9aSRHF51x4",
    "user-agent": "Mozilla/5.0 (X11; Linux x86_64) AppleWebKit/537.36 (KHTML, like Gecko) Chrome/131.0.0.0 Safari/537.36",
    "accept": "application/json, text/plain, */*",
    "sec-ch-ua": "\"Google Chrome\";v=\"131\", \"Chromium\";v=\"131\", \"Not_A Brand\";v=\"24\"",
    "sec-ch-ua-mobile": "?0",
    "origin": "http://localhost:5173",
    "sec-fetch-site": "same-site",
    "sec-fetch-mode": "cors",
    "sec-fetch-dest": "empty",
    "referer": "http://localhost:5173/",
    "accept-encoding": "gzip, deflate, br, zstd",
    "accept-language": "en-US,en;q=0.9",
    "if-none-match": "W/\"a4-agL/Tpl+fPE3OBbTsF2MtyhgO9w\""
  },
  "body": {}
}
2025-05-27 09:51:29 [INFO]: Request received {
  "method": "GET",
  "url": "/api/users/d64562cf-64b1-4f7b-8cc3-d1c66d831ec0",
  "headers": {
    "host": "localhost:3000",
    "connection": "keep-alive",
    "sec-ch-ua-platform": "\"Linux\"",
    "authorization": "Bearer eyJhbGciOiJIUzI1NiIsInR5cCI6IkpXVCJ9.eyJpZCI6ImQ2NDU2MmNmLTY0YjEtNGY3Yi04Y2MzLWQxYzY2ZDgzMWVjMCIsInJvbGUiOiJhZG1pbiIsImlhdCI6MTc0ODI2ODk4NywiZXhwIjoxNzQ4Mjc5Nzg3fQ.xjsOypIitixkXbHVt_bItzHgCZIgy8AcC9aSRHF51x4",
    "user-agent": "Mozilla/5.0 (X11; Linux x86_64) AppleWebKit/537.36 (KHTML, like Gecko) Chrome/131.0.0.0 Safari/537.36",
    "accept": "application/json, text/plain, */*",
    "sec-ch-ua": "\"Google Chrome\";v=\"131\", \"Chromium\";v=\"131\", \"Not_A Brand\";v=\"24\"",
    "sec-ch-ua-mobile": "?0",
    "origin": "http://localhost:5173",
    "sec-fetch-site": "same-site",
    "sec-fetch-mode": "cors",
    "sec-fetch-dest": "empty",
    "referer": "http://localhost:5173/",
    "accept-encoding": "gzip, deflate, br, zstd",
    "accept-language": "en-US,en;q=0.9",
    "if-none-match": "W/\"a4-agL/Tpl+fPE3OBbTsF2MtyhgO9w\""
  },
  "body": {}
}
2025-05-27 09:51:32 [INFO]: Request received {
  "method": "POST",
  "url": "/api/auth/login",
  "headers": {
    "host": "localhost:3000",
    "connection": "keep-alive",
    "content-length": "50",
    "sec-ch-ua-platform": "\"Linux\"",
    "user-agent": "Mozilla/5.0 (X11; Linux x86_64) AppleWebKit/537.36 (KHTML, like Gecko) Chrome/131.0.0.0 Safari/537.36",
    "accept": "application/json, text/plain, */*",
    "sec-ch-ua": "\"Google Chrome\";v=\"131\", \"Chromium\";v=\"131\", \"Not_A Brand\";v=\"24\"",
    "content-type": "application/json",
    "sec-ch-ua-mobile": "?0",
    "origin": "http://localhost:5173",
    "sec-fetch-site": "same-site",
    "sec-fetch-mode": "cors",
    "sec-fetch-dest": "empty",
    "referer": "http://localhost:5173/",
    "accept-encoding": "gzip, deflate, br, zstd",
    "accept-language": "en-US,en;q=0.9"
  },
  "body": {
    "email": "***",
    "password": "***"
  }
}
2025-05-27 09:51:32 [INFO]: Attempting login {
  "email": "admin@admin.com"
}
2025-05-27 09:51:33 [INFO]: Database query executed {
  "sql": "SELECT * FROM users WHERE email = $1",
  "params": [
    "admin@admin.com"
  ],
  "rowCount": 1,
  "duration": "308ms"
}
2025-05-27 09:51:33 [INFO]: Login successful {
  "id": "d64562cf-64b1-4f7b-8cc3-d1c66d831ec0"
}
2025-05-27 09:51:33 [INFO]: Login successful {
  "email": "admin@admin.com"
}
2025-05-27 09:51:33 [INFO]: Request received {
  "method": "GET",
  "url": "/api/users/d64562cf-64b1-4f7b-8cc3-d1c66d831ec0",
  "headers": {
    "host": "localhost:3000",
    "connection": "keep-alive",
    "sec-ch-ua-platform": "\"Linux\"",
    "authorization": "Bearer eyJhbGciOiJIUzI1NiIsInR5cCI6IkpXVCJ9.eyJpZCI6ImQ2NDU2MmNmLTY0YjEtNGY3Yi04Y2MzLWQxYzY2ZDgzMWVjMCIsInJvbGUiOiJhZG1pbiIsImlhdCI6MTc0ODMxNDI5MywiZXhwIjoxNzQ4MzI1MDkzfQ.h0aqNKkg5O-8MpOy8o6uNYcOMr77dX80GJP-NFtea3A",
    "user-agent": "Mozilla/5.0 (X11; Linux x86_64) AppleWebKit/537.36 (KHTML, like Gecko) Chrome/131.0.0.0 Safari/537.36",
    "accept": "application/json, text/plain, */*",
    "sec-ch-ua": "\"Google Chrome\";v=\"131\", \"Chromium\";v=\"131\", \"Not_A Brand\";v=\"24\"",
    "sec-ch-ua-mobile": "?0",
    "origin": "http://localhost:5173",
    "sec-fetch-site": "same-site",
    "sec-fetch-mode": "cors",
    "sec-fetch-dest": "empty",
    "referer": "http://localhost:5173/",
    "accept-encoding": "gzip, deflate, br, zstd",
    "accept-language": "en-US,en;q=0.9",
    "if-none-match": "W/\"a4-agL/Tpl+fPE3OBbTsF2MtyhgO9w\""
  },
  "body": {}
}
2025-05-27 09:51:33 [INFO]: Fetching user by id {
  "id": "d64562cf-64b1-4f7b-8cc3-d1c66d831ec0"
}
2025-05-27 09:51:33 [INFO]: Request received {
  "method": "GET",
  "url": "/api/camps",
  "headers": {
    "host": "localhost:3000",
    "connection": "keep-alive",
    "sec-ch-ua-platform": "\"Linux\"",
    "authorization": "Bearer eyJhbGciOiJIUzI1NiIsInR5cCI6IkpXVCJ9.eyJpZCI6ImQ2NDU2MmNmLTY0YjEtNGY3Yi04Y2MzLWQxYzY2ZDgzMWVjMCIsInJvbGUiOiJhZG1pbiIsImlhdCI6MTc0ODMxNDI5MywiZXhwIjoxNzQ4MzI1MDkzfQ.h0aqNKkg5O-8MpOy8o6uNYcOMr77dX80GJP-NFtea3A",
    "user-agent": "Mozilla/5.0 (X11; Linux x86_64) AppleWebKit/537.36 (KHTML, like Gecko) Chrome/131.0.0.0 Safari/537.36",
    "accept": "application/json, text/plain, */*",
    "sec-ch-ua": "\"Google Chrome\";v=\"131\", \"Chromium\";v=\"131\", \"Not_A Brand\";v=\"24\"",
    "sec-ch-ua-mobile": "?0",
    "origin": "http://localhost:5173",
    "sec-fetch-site": "same-site",
    "sec-fetch-mode": "cors",
    "sec-fetch-dest": "empty",
    "referer": "http://localhost:5173/",
    "accept-encoding": "gzip, deflate, br, zstd",
    "accept-language": "en-US,en;q=0.9",
    "if-none-match": "W/\"3e3-m+dKOiRkUBTlK+dMUWe5mvrKpco\""
  },
  "body": {}
}
2025-05-27 09:51:33 [INFO]: Fetching all camps
2025-05-27 09:51:33 [INFO]: Database query executed {
  "sql": "SELECT id, username, email, role, nationality, created_at FROM users WHERE id = $1",
  "params": [
    "d64562cf-64b1-4f7b-8cc3-d1c66d831ec0"
  ],
  "rowCount": 1,
  "duration": "55ms"
}
2025-05-27 09:51:33 [INFO]: Fetched user by id {
  "id": "d64562cf-64b1-4f7b-8cc3-d1c66d831ec0"
}
2025-05-27 09:51:33 [INFO]: Request received {
  "method": "GET",
  "url": "/api/users/d64562cf-64b1-4f7b-8cc3-d1c66d831ec0",
  "headers": {
    "host": "localhost:3000",
    "connection": "keep-alive",
    "sec-ch-ua-platform": "\"Linux\"",
    "authorization": "Bearer eyJhbGciOiJIUzI1NiIsInR5cCI6IkpXVCJ9.eyJpZCI6ImQ2NDU2MmNmLTY0YjEtNGY3Yi04Y2MzLWQxYzY2ZDgzMWVjMCIsInJvbGUiOiJhZG1pbiIsImlhdCI6MTc0ODMxNDI5MywiZXhwIjoxNzQ4MzI1MDkzfQ.h0aqNKkg5O-8MpOy8o6uNYcOMr77dX80GJP-NFtea3A",
    "user-agent": "Mozilla/5.0 (X11; Linux x86_64) AppleWebKit/537.36 (KHTML, like Gecko) Chrome/131.0.0.0 Safari/537.36",
    "accept": "application/json, text/plain, */*",
    "sec-ch-ua": "\"Google Chrome\";v=\"131\", \"Chromium\";v=\"131\", \"Not_A Brand\";v=\"24\"",
    "sec-ch-ua-mobile": "?0",
    "origin": "http://localhost:5173",
    "sec-fetch-site": "same-site",
    "sec-fetch-mode": "cors",
    "sec-fetch-dest": "empty",
    "referer": "http://localhost:5173/",
    "accept-encoding": "gzip, deflate, br, zstd",
    "accept-language": "en-US,en;q=0.9",
    "if-none-match": "W/\"a4-agL/Tpl+fPE3OBbTsF2MtyhgO9w\""
  },
  "body": {}
}
2025-05-27 09:51:33 [INFO]: Fetching user by id {
  "id": "d64562cf-64b1-4f7b-8cc3-d1c66d831ec0"
}
2025-05-27 09:51:33 [INFO]: Database query executed {
  "sql": "SELECT id, username, email, role, nationality, created_at FROM users WHERE id = $1",
  "params": [
    "d64562cf-64b1-4f7b-8cc3-d1c66d831ec0"
  ],
  "rowCount": 1,
  "duration": "45ms"
}
2025-05-27 09:51:33 [INFO]: Fetched user by id {
  "id": "d64562cf-64b1-4f7b-8cc3-d1c66d831ec0"
}
2025-05-27 09:51:33 [INFO]: Database query executed {
  "sql": "SELECT id, camp_name, camp_location, created_at FROM camp",
  "params": [],
  "rowCount": 7,
  "duration": "257ms"
}
2025-05-27 09:51:33 [INFO]: Fetched all camps
2025-05-27 09:51:33 [INFO]: Request received {
  "method": "GET",
  "url": "/api/camps",
  "headers": {
    "host": "localhost:3000",
    "connection": "keep-alive",
    "sec-ch-ua-platform": "\"Linux\"",
    "authorization": "Bearer eyJhbGciOiJIUzI1NiIsInR5cCI6IkpXVCJ9.eyJpZCI6ImQ2NDU2MmNmLTY0YjEtNGY3Yi04Y2MzLWQxYzY2ZDgzMWVjMCIsInJvbGUiOiJhZG1pbiIsImlhdCI6MTc0ODMxNDI5MywiZXhwIjoxNzQ4MzI1MDkzfQ.h0aqNKkg5O-8MpOy8o6uNYcOMr77dX80GJP-NFtea3A",
    "user-agent": "Mozilla/5.0 (X11; Linux x86_64) AppleWebKit/537.36 (KHTML, like Gecko) Chrome/131.0.0.0 Safari/537.36",
    "accept": "application/json, text/plain, */*",
    "sec-ch-ua": "\"Google Chrome\";v=\"131\", \"Chromium\";v=\"131\", \"Not_A Brand\";v=\"24\"",
    "sec-ch-ua-mobile": "?0",
    "origin": "http://localhost:5173",
    "sec-fetch-site": "same-site",
    "sec-fetch-mode": "cors",
    "sec-fetch-dest": "empty",
    "referer": "http://localhost:5173/",
    "accept-encoding": "gzip, deflate, br, zstd",
    "accept-language": "en-US,en;q=0.9",
    "if-none-match": "W/\"3e3-m+dKOiRkUBTlK+dMUWe5mvrKpco\""
  },
  "body": {}
}
2025-05-27 09:51:33 [INFO]: Fetching all camps
2025-05-27 09:51:34 [INFO]: Database query executed {
  "sql": "SELECT id, camp_name, camp_location, created_at FROM camp",
  "params": [],
  "rowCount": 7,
  "duration": "44ms"
}
2025-05-27 09:51:34 [INFO]: Fetched all camps
2025-05-27 09:51:35 [INFO]: Request received {
  "method": "GET",
  "url": "/api/users/d64562cf-64b1-4f7b-8cc3-d1c66d831ec0",
  "headers": {
    "host": "localhost:3000",
    "connection": "keep-alive",
    "sec-ch-ua-platform": "\"Linux\"",
    "authorization": "Bearer eyJhbGciOiJIUzI1NiIsInR5cCI6IkpXVCJ9.eyJpZCI6ImQ2NDU2MmNmLTY0YjEtNGY3Yi04Y2MzLWQxYzY2ZDgzMWVjMCIsInJvbGUiOiJhZG1pbiIsImlhdCI6MTc0ODMxNDI5MywiZXhwIjoxNzQ4MzI1MDkzfQ.h0aqNKkg5O-8MpOy8o6uNYcOMr77dX80GJP-NFtea3A",
    "user-agent": "Mozilla/5.0 (X11; Linux x86_64) AppleWebKit/537.36 (KHTML, like Gecko) Chrome/131.0.0.0 Safari/537.36",
    "accept": "application/json, text/plain, */*",
    "sec-ch-ua": "\"Google Chrome\";v=\"131\", \"Chromium\";v=\"131\", \"Not_A Brand\";v=\"24\"",
    "sec-ch-ua-mobile": "?0",
    "origin": "http://localhost:5173",
    "sec-fetch-site": "same-site",
    "sec-fetch-mode": "cors",
    "sec-fetch-dest": "empty",
    "referer": "http://localhost:5173/",
    "accept-encoding": "gzip, deflate, br, zstd",
    "accept-language": "en-US,en;q=0.9",
    "if-none-match": "W/\"a4-agL/Tpl+fPE3OBbTsF2MtyhgO9w\""
  },
  "body": {}
}
2025-05-27 09:51:35 [INFO]: Fetching user by id {
  "id": "d64562cf-64b1-4f7b-8cc3-d1c66d831ec0"
}
2025-05-27 09:51:35 [INFO]: Request received {
  "method": "GET",
  "url": "/api/events",
  "headers": {
    "host": "localhost:3000",
    "connection": "keep-alive",
    "sec-ch-ua-platform": "\"Linux\"",
    "authorization": "Bearer eyJhbGciOiJIUzI1NiIsInR5cCI6IkpXVCJ9.eyJpZCI6ImQ2NDU2MmNmLTY0YjEtNGY3Yi04Y2MzLWQxYzY2ZDgzMWVjMCIsInJvbGUiOiJhZG1pbiIsImlhdCI6MTc0ODMxNDI5MywiZXhwIjoxNzQ4MzI1MDkzfQ.h0aqNKkg5O-8MpOy8o6uNYcOMr77dX80GJP-NFtea3A",
    "user-agent": "Mozilla/5.0 (X11; Linux x86_64) AppleWebKit/537.36 (KHTML, like Gecko) Chrome/131.0.0.0 Safari/537.36",
    "accept": "application/json, text/plain, */*",
    "sec-ch-ua": "\"Google Chrome\";v=\"131\", \"Chromium\";v=\"131\", \"Not_A Brand\";v=\"24\"",
    "sec-ch-ua-mobile": "?0",
    "origin": "http://localhost:5173",
    "sec-fetch-site": "same-site",
    "sec-fetch-mode": "cors",
    "sec-fetch-dest": "empty",
    "referer": "http://localhost:5173/",
    "accept-encoding": "gzip, deflate, br, zstd",
    "accept-language": "en-US,en;q=0.9",
    "if-none-match": "W/\"6c1-caF07UQ1/pGh/4ystukY9WrN+2g\""
  },
  "body": {}
}
2025-05-27 09:51:35 [INFO]: Fetching all events
2025-05-27 09:51:35 [INFO]: Database query executed {
  "sql": "SELECT id, username, email, role, nationality, created_at FROM users WHERE id = $1",
  "params": [
    "d64562cf-64b1-4f7b-8cc3-d1c66d831ec0"
  ],
  "rowCount": 1,
  "duration": "47ms"
}
2025-05-27 09:51:35 [INFO]: Fetched user by id {
  "id": "d64562cf-64b1-4f7b-8cc3-d1c66d831ec0"
}
2025-05-27 09:51:35 [INFO]: Database query executed {
  "sql": "SELECT id, event_name, from_date, end_date, created_at FROM event",
  "params": [],
  "rowCount": 9,
  "duration": "47ms"
}
2025-05-27 09:51:35 [INFO]: Fetched all events
2025-05-27 09:51:35 [INFO]: Request received {
  "method": "GET",
  "url": "/api/users/d64562cf-64b1-4f7b-8cc3-d1c66d831ec0",
  "headers": {
    "host": "localhost:3000",
    "connection": "keep-alive",
    "sec-ch-ua-platform": "\"Linux\"",
    "authorization": "Bearer eyJhbGciOiJIUzI1NiIsInR5cCI6IkpXVCJ9.eyJpZCI6ImQ2NDU2MmNmLTY0YjEtNGY3Yi04Y2MzLWQxYzY2ZDgzMWVjMCIsInJvbGUiOiJhZG1pbiIsImlhdCI6MTc0ODMxNDI5MywiZXhwIjoxNzQ4MzI1MDkzfQ.h0aqNKkg5O-8MpOy8o6uNYcOMr77dX80GJP-NFtea3A",
    "user-agent": "Mozilla/5.0 (X11; Linux x86_64) AppleWebKit/537.36 (KHTML, like Gecko) Chrome/131.0.0.0 Safari/537.36",
    "accept": "application/json, text/plain, */*",
    "sec-ch-ua": "\"Google Chrome\";v=\"131\", \"Chromium\";v=\"131\", \"Not_A Brand\";v=\"24\"",
    "sec-ch-ua-mobile": "?0",
    "origin": "http://localhost:5173",
    "sec-fetch-site": "same-site",
    "sec-fetch-mode": "cors",
    "sec-fetch-dest": "empty",
    "referer": "http://localhost:5173/",
    "accept-encoding": "gzip, deflate, br, zstd",
    "accept-language": "en-US,en;q=0.9",
    "if-none-match": "W/\"a4-agL/Tpl+fPE3OBbTsF2MtyhgO9w\""
  },
  "body": {}
}
2025-05-27 09:51:35 [INFO]: Fetching user by id {
  "id": "d64562cf-64b1-4f7b-8cc3-d1c66d831ec0"
}
2025-05-27 09:51:35 [INFO]: Request received {
  "method": "GET",
  "url": "/api/events",
  "headers": {
    "host": "localhost:3000",
    "connection": "keep-alive",
    "sec-ch-ua-platform": "\"Linux\"",
    "authorization": "Bearer eyJhbGciOiJIUzI1NiIsInR5cCI6IkpXVCJ9.eyJpZCI6ImQ2NDU2MmNmLTY0YjEtNGY3Yi04Y2MzLWQxYzY2ZDgzMWVjMCIsInJvbGUiOiJhZG1pbiIsImlhdCI6MTc0ODMxNDI5MywiZXhwIjoxNzQ4MzI1MDkzfQ.h0aqNKkg5O-8MpOy8o6uNYcOMr77dX80GJP-NFtea3A",
    "user-agent": "Mozilla/5.0 (X11; Linux x86_64) AppleWebKit/537.36 (KHTML, like Gecko) Chrome/131.0.0.0 Safari/537.36",
    "accept": "application/json, text/plain, */*",
    "sec-ch-ua": "\"Google Chrome\";v=\"131\", \"Chromium\";v=\"131\", \"Not_A Brand\";v=\"24\"",
    "sec-ch-ua-mobile": "?0",
    "origin": "http://localhost:5173",
    "sec-fetch-site": "same-site",
    "sec-fetch-mode": "cors",
    "sec-fetch-dest": "empty",
    "referer": "http://localhost:5173/",
    "accept-encoding": "gzip, deflate, br, zstd",
    "accept-language": "en-US,en;q=0.9",
    "if-none-match": "W/\"6c1-caF07UQ1/pGh/4ystukY9WrN+2g\""
  },
  "body": {}
}
2025-05-27 09:51:35 [INFO]: Fetching all events
2025-05-27 09:51:35 [INFO]: Database query executed {
  "sql": "SELECT id, username, email, role, nationality, created_at FROM users WHERE id = $1",
  "params": [
    "d64562cf-64b1-4f7b-8cc3-d1c66d831ec0"
  ],
  "rowCount": 1,
  "duration": "41ms"
}
2025-05-27 09:51:35 [INFO]: Fetched user by id {
  "id": "d64562cf-64b1-4f7b-8cc3-d1c66d831ec0"
}
2025-05-27 09:51:35 [INFO]: Database query executed {
  "sql": "SELECT id, event_name, from_date, end_date, created_at FROM event",
  "params": [],
  "rowCount": 9,
  "duration": "45ms"
}
2025-05-27 09:51:35 [INFO]: Fetched all events
2025-05-27 09:51:36 [INFO]: Request received {
  "method": "GET",
  "url": "/api/users/d64562cf-64b1-4f7b-8cc3-d1c66d831ec0",
  "headers": {
    "host": "localhost:3000",
    "connection": "keep-alive",
    "sec-ch-ua-platform": "\"Linux\"",
    "authorization": "Bearer eyJhbGciOiJIUzI1NiIsInR5cCI6IkpXVCJ9.eyJpZCI6ImQ2NDU2MmNmLTY0YjEtNGY3Yi04Y2MzLWQxYzY2ZDgzMWVjMCIsInJvbGUiOiJhZG1pbiIsImlhdCI6MTc0ODMxNDI5MywiZXhwIjoxNzQ4MzI1MDkzfQ.h0aqNKkg5O-8MpOy8o6uNYcOMr77dX80GJP-NFtea3A",
    "user-agent": "Mozilla/5.0 (X11; Linux x86_64) AppleWebKit/537.36 (KHTML, like Gecko) Chrome/131.0.0.0 Safari/537.36",
    "accept": "application/json, text/plain, */*",
    "sec-ch-ua": "\"Google Chrome\";v=\"131\", \"Chromium\";v=\"131\", \"Not_A Brand\";v=\"24\"",
    "sec-ch-ua-mobile": "?0",
    "origin": "http://localhost:5173",
    "sec-fetch-site": "same-site",
    "sec-fetch-mode": "cors",
    "sec-fetch-dest": "empty",
    "referer": "http://localhost:5173/",
    "accept-encoding": "gzip, deflate, br, zstd",
    "accept-language": "en-US,en;q=0.9",
    "if-none-match": "W/\"a4-agL/Tpl+fPE3OBbTsF2MtyhgO9w\""
  },
  "body": {}
}
2025-05-27 09:51:36 [INFO]: Fetching user by id {
  "id": "d64562cf-64b1-4f7b-8cc3-d1c66d831ec0"
}
2025-05-27 09:51:36 [INFO]: Request received {
  "method": "GET",
  "url": "/api/users",
  "headers": {
    "host": "localhost:3000",
    "connection": "keep-alive",
    "sec-ch-ua-platform": "\"Linux\"",
    "authorization": "Bearer eyJhbGciOiJIUzI1NiIsInR5cCI6IkpXVCJ9.eyJpZCI6ImQ2NDU2MmNmLTY0YjEtNGY3Yi04Y2MzLWQxYzY2ZDgzMWVjMCIsInJvbGUiOiJhZG1pbiIsImlhdCI6MTc0ODMxNDI5MywiZXhwIjoxNzQ4MzI1MDkzfQ.h0aqNKkg5O-8MpOy8o6uNYcOMr77dX80GJP-NFtea3A",
    "user-agent": "Mozilla/5.0 (X11; Linux x86_64) AppleWebKit/537.36 (KHTML, like Gecko) Chrome/131.0.0.0 Safari/537.36",
    "accept": "application/json, text/plain, */*",
    "sec-ch-ua": "\"Google Chrome\";v=\"131\", \"Chromium\";v=\"131\", \"Not_A Brand\";v=\"24\"",
    "sec-ch-ua-mobile": "?0",
    "origin": "http://localhost:5173",
    "sec-fetch-site": "same-site",
    "sec-fetch-mode": "cors",
    "sec-fetch-dest": "empty",
    "referer": "http://localhost:5173/",
    "accept-encoding": "gzip, deflate, br, zstd",
    "accept-language": "en-US,en;q=0.9",
    "if-none-match": "W/\"49b-/pYK9iG1xMxnWIiMJZArjrEJMbs\""
  },
  "body": {}
}
2025-05-27 09:51:36 [INFO]: Fetching all users
2025-05-27 09:51:36 [INFO]: Database query executed {
  "sql": "SELECT id, username, email, role, nationality, created_at FROM users WHERE id = $1",
  "params": [
    "d64562cf-64b1-4f7b-8cc3-d1c66d831ec0"
  ],
  "rowCount": 1,
  "duration": "46ms"
}
2025-05-27 09:51:36 [INFO]: Fetched user by id {
  "id": "d64562cf-64b1-4f7b-8cc3-d1c66d831ec0"
}
2025-05-27 09:51:36 [INFO]: Database query executed {
  "sql": "SELECT id, username, email, role, nationality, created_at FROM users",
  "params": [],
  "rowCount": 10,
  "duration": "40ms"
}
2025-05-27 09:51:36 [INFO]: Fetched all users
2025-05-27 09:51:36 [INFO]: Request received {
  "method": "GET",
  "url": "/api/users/d64562cf-64b1-4f7b-8cc3-d1c66d831ec0",
  "headers": {
    "host": "localhost:3000",
    "connection": "keep-alive",
    "sec-ch-ua-platform": "\"Linux\"",
    "authorization": "Bearer eyJhbGciOiJIUzI1NiIsInR5cCI6IkpXVCJ9.eyJpZCI6ImQ2NDU2MmNmLTY0YjEtNGY3Yi04Y2MzLWQxYzY2ZDgzMWVjMCIsInJvbGUiOiJhZG1pbiIsImlhdCI6MTc0ODMxNDI5MywiZXhwIjoxNzQ4MzI1MDkzfQ.h0aqNKkg5O-8MpOy8o6uNYcOMr77dX80GJP-NFtea3A",
    "user-agent": "Mozilla/5.0 (X11; Linux x86_64) AppleWebKit/537.36 (KHTML, like Gecko) Chrome/131.0.0.0 Safari/537.36",
    "accept": "application/json, text/plain, */*",
    "sec-ch-ua": "\"Google Chrome\";v=\"131\", \"Chromium\";v=\"131\", \"Not_A Brand\";v=\"24\"",
    "sec-ch-ua-mobile": "?0",
    "origin": "http://localhost:5173",
    "sec-fetch-site": "same-site",
    "sec-fetch-mode": "cors",
    "sec-fetch-dest": "empty",
    "referer": "http://localhost:5173/",
    "accept-encoding": "gzip, deflate, br, zstd",
    "accept-language": "en-US,en;q=0.9",
    "if-none-match": "W/\"a4-agL/Tpl+fPE3OBbTsF2MtyhgO9w\""
  },
  "body": {}
}
2025-05-27 09:51:36 [INFO]: Fetching user by id {
  "id": "d64562cf-64b1-4f7b-8cc3-d1c66d831ec0"
}
2025-05-27 09:51:36 [INFO]: Request received {
  "method": "GET",
  "url": "/api/users",
  "headers": {
    "host": "localhost:3000",
    "connection": "keep-alive",
    "sec-ch-ua-platform": "\"Linux\"",
    "authorization": "Bearer eyJhbGciOiJIUzI1NiIsInR5cCI6IkpXVCJ9.eyJpZCI6ImQ2NDU2MmNmLTY0YjEtNGY3Yi04Y2MzLWQxYzY2ZDgzMWVjMCIsInJvbGUiOiJhZG1pbiIsImlhdCI6MTc0ODMxNDI5MywiZXhwIjoxNzQ4MzI1MDkzfQ.h0aqNKkg5O-8MpOy8o6uNYcOMr77dX80GJP-NFtea3A",
    "user-agent": "Mozilla/5.0 (X11; Linux x86_64) AppleWebKit/537.36 (KHTML, like Gecko) Chrome/131.0.0.0 Safari/537.36",
    "accept": "application/json, text/plain, */*",
    "sec-ch-ua": "\"Google Chrome\";v=\"131\", \"Chromium\";v=\"131\", \"Not_A Brand\";v=\"24\"",
    "sec-ch-ua-mobile": "?0",
    "origin": "http://localhost:5173",
    "sec-fetch-site": "same-site",
    "sec-fetch-mode": "cors",
    "sec-fetch-dest": "empty",
    "referer": "http://localhost:5173/",
    "accept-encoding": "gzip, deflate, br, zstd",
    "accept-language": "en-US,en;q=0.9",
    "if-none-match": "W/\"6c9-kGiDFWTdDT1NTBPrTosovqe6WIA\""
  },
  "body": {}
}
2025-05-27 09:51:36 [INFO]: Fetching all users
2025-05-27 09:51:36 [INFO]: Database query executed {
  "sql": "SELECT id, username, email, role, nationality, created_at FROM users WHERE id = $1",
  "params": [
    "d64562cf-64b1-4f7b-8cc3-d1c66d831ec0"
  ],
  "rowCount": 1,
  "duration": "42ms"
}
2025-05-27 09:51:36 [INFO]: Fetched user by id {
  "id": "d64562cf-64b1-4f7b-8cc3-d1c66d831ec0"
}
2025-05-27 09:51:36 [INFO]: Database query executed {
  "sql": "SELECT id, username, email, role, nationality, created_at FROM users",
  "params": [],
  "rowCount": 10,
  "duration": "44ms"
}
2025-05-27 09:51:36 [INFO]: Fetched all users
2025-05-27 09:51:38 [INFO]: Request received {
  "method": "GET",
  "url": "/api/users/d64562cf-64b1-4f7b-8cc3-d1c66d831ec0",
  "headers": {
    "host": "localhost:3000",
    "connection": "keep-alive",
    "sec-ch-ua-platform": "\"Linux\"",
    "authorization": "Bearer eyJhbGciOiJIUzI1NiIsInR5cCI6IkpXVCJ9.eyJpZCI6ImQ2NDU2MmNmLTY0YjEtNGY3Yi04Y2MzLWQxYzY2ZDgzMWVjMCIsInJvbGUiOiJhZG1pbiIsImlhdCI6MTc0ODMxNDI5MywiZXhwIjoxNzQ4MzI1MDkzfQ.h0aqNKkg5O-8MpOy8o6uNYcOMr77dX80GJP-NFtea3A",
    "user-agent": "Mozilla/5.0 (X11; Linux x86_64) AppleWebKit/537.36 (KHTML, like Gecko) Chrome/131.0.0.0 Safari/537.36",
    "accept": "application/json, text/plain, */*",
    "sec-ch-ua": "\"Google Chrome\";v=\"131\", \"Chromium\";v=\"131\", \"Not_A Brand\";v=\"24\"",
    "sec-ch-ua-mobile": "?0",
    "origin": "http://localhost:5173",
    "sec-fetch-site": "same-site",
    "sec-fetch-mode": "cors",
    "sec-fetch-dest": "empty",
    "referer": "http://localhost:5173/",
    "accept-encoding": "gzip, deflate, br, zstd",
    "accept-language": "en-US,en;q=0.9",
    "if-none-match": "W/\"a4-agL/Tpl+fPE3OBbTsF2MtyhgO9w\""
  },
  "body": {}
}
2025-05-27 09:51:38 [INFO]: Fetching user by id {
  "id": "d64562cf-64b1-4f7b-8cc3-d1c66d831ec0"
}
2025-05-27 09:51:38 [INFO]: Database query executed {
  "sql": "SELECT id, username, email, role, nationality, created_at FROM users WHERE id = $1",
  "params": [
    "d64562cf-64b1-4f7b-8cc3-d1c66d831ec0"
  ],
  "rowCount": 1,
  "duration": "46ms"
}
2025-05-27 09:51:38 [INFO]: Fetched user by id {
  "id": "d64562cf-64b1-4f7b-8cc3-d1c66d831ec0"
}
2025-05-27 09:51:38 [INFO]: Request received {
  "method": "GET",
  "url": "/api/users/d64562cf-64b1-4f7b-8cc3-d1c66d831ec0",
  "headers": {
    "host": "localhost:3000",
    "connection": "keep-alive",
    "sec-ch-ua-platform": "\"Linux\"",
    "authorization": "Bearer eyJhbGciOiJIUzI1NiIsInR5cCI6IkpXVCJ9.eyJpZCI6ImQ2NDU2MmNmLTY0YjEtNGY3Yi04Y2MzLWQxYzY2ZDgzMWVjMCIsInJvbGUiOiJhZG1pbiIsImlhdCI6MTc0ODMxNDI5MywiZXhwIjoxNzQ4MzI1MDkzfQ.h0aqNKkg5O-8MpOy8o6uNYcOMr77dX80GJP-NFtea3A",
    "user-agent": "Mozilla/5.0 (X11; Linux x86_64) AppleWebKit/537.36 (KHTML, like Gecko) Chrome/131.0.0.0 Safari/537.36",
    "accept": "application/json, text/plain, */*",
    "sec-ch-ua": "\"Google Chrome\";v=\"131\", \"Chromium\";v=\"131\", \"Not_A Brand\";v=\"24\"",
    "sec-ch-ua-mobile": "?0",
    "origin": "http://localhost:5173",
    "sec-fetch-site": "same-site",
    "sec-fetch-mode": "cors",
    "sec-fetch-dest": "empty",
    "referer": "http://localhost:5173/",
    "accept-encoding": "gzip, deflate, br, zstd",
    "accept-language": "en-US,en;q=0.9",
    "if-none-match": "W/\"a4-agL/Tpl+fPE3OBbTsF2MtyhgO9w\""
  },
  "body": {}
}
2025-05-27 09:51:38 [INFO]: Fetching user by id {
  "id": "d64562cf-64b1-4f7b-8cc3-d1c66d831ec0"
}
2025-05-27 09:51:38 [INFO]: Database query executed {
  "sql": "SELECT id, username, email, role, nationality, created_at FROM users WHERE id = $1",
  "params": [
    "d64562cf-64b1-4f7b-8cc3-d1c66d831ec0"
  ],
  "rowCount": 1,
  "duration": "47ms"
}
2025-05-27 09:51:38 [INFO]: Fetched user by id {
  "id": "d64562cf-64b1-4f7b-8cc3-d1c66d831ec0"
}
2025-05-27 09:51:48 [INFO]: Request received {
  "method": "GET",
  "url": "/api/dashboard/admin?startDate=2025-05-01&endDate=2025-05-31",
  "headers": {
    "host": "localhost:3000",
    "connection": "keep-alive",
    "sec-ch-ua-platform": "\"Linux\"",
    "authorization": "Bearer eyJhbGciOiJIUzI1NiIsInR5cCI6IkpXVCJ9.eyJpZCI6ImQ2NDU2MmNmLTY0YjEtNGY3Yi04Y2MzLWQxYzY2ZDgzMWVjMCIsInJvbGUiOiJhZG1pbiIsImlhdCI6MTc0ODMxNDI5MywiZXhwIjoxNzQ4MzI1MDkzfQ.h0aqNKkg5O-8MpOy8o6uNYcOMr77dX80GJP-NFtea3A",
    "user-agent": "Mozilla/5.0 (X11; Linux x86_64) AppleWebKit/537.36 (KHTML, like Gecko) Chrome/131.0.0.0 Safari/537.36",
    "accept": "application/json, text/plain, */*",
    "sec-ch-ua": "\"Google Chrome\";v=\"131\", \"Chromium\";v=\"131\", \"Not_A Brand\";v=\"24\"",
    "sec-ch-ua-mobile": "?0",
    "origin": "http://localhost:5173",
    "sec-fetch-site": "same-site",
    "sec-fetch-mode": "cors",
    "sec-fetch-dest": "empty",
    "referer": "http://localhost:5173/",
    "accept-encoding": "gzip, deflate, br, zstd",
    "accept-language": "en-US,en;q=0.9"
  },
  "body": {}
}
2025-05-27 09:51:54 [INFO]: Request received {
  "method": "GET",
  "url": "/api/users/d64562cf-64b1-4f7b-8cc3-d1c66d831ec0",
  "headers": {
    "host": "localhost:3000",
    "connection": "keep-alive",
    "sec-ch-ua-platform": "\"Linux\"",
    "authorization": "Bearer eyJhbGciOiJIUzI1NiIsInR5cCI6IkpXVCJ9.eyJpZCI6ImQ2NDU2MmNmLTY0YjEtNGY3Yi04Y2MzLWQxYzY2ZDgzMWVjMCIsInJvbGUiOiJhZG1pbiIsImlhdCI6MTc0ODMxNDI5MywiZXhwIjoxNzQ4MzI1MDkzfQ.h0aqNKkg5O-8MpOy8o6uNYcOMr77dX80GJP-NFtea3A",
    "user-agent": "Mozilla/5.0 (X11; Linux x86_64) AppleWebKit/537.36 (KHTML, like Gecko) Chrome/131.0.0.0 Safari/537.36",
    "accept": "application/json, text/plain, */*",
    "sec-ch-ua": "\"Google Chrome\";v=\"131\", \"Chromium\";v=\"131\", \"Not_A Brand\";v=\"24\"",
    "sec-ch-ua-mobile": "?0",
    "origin": "http://localhost:5173",
    "sec-fetch-site": "same-site",
    "sec-fetch-mode": "cors",
    "sec-fetch-dest": "empty",
    "referer": "http://localhost:5173/",
    "accept-encoding": "gzip, deflate, br, zstd",
    "accept-language": "en-US,en;q=0.9",
    "if-none-match": "W/\"a4-agL/Tpl+fPE3OBbTsF2MtyhgO9w\""
  },
  "body": {}
}
2025-05-27 09:51:54 [INFO]: Fetching user by id {
  "id": "d64562cf-64b1-4f7b-8cc3-d1c66d831ec0"
}
2025-05-27 09:51:54 [INFO]: Request received {
  "method": "GET",
  "url": "/api/dashboard/coordinator?Date=2025-05-27",
  "headers": {
    "host": "localhost:3000",
    "connection": "keep-alive",
    "sec-ch-ua-platform": "\"Linux\"",
    "authorization": "Bearer eyJhbGciOiJIUzI1NiIsInR5cCI6IkpXVCJ9.eyJpZCI6ImQ2NDU2MmNmLTY0YjEtNGY3Yi04Y2MzLWQxYzY2ZDgzMWVjMCIsInJvbGUiOiJhZG1pbiIsImlhdCI6MTc0ODMxNDI5MywiZXhwIjoxNzQ4MzI1MDkzfQ.h0aqNKkg5O-8MpOy8o6uNYcOMr77dX80GJP-NFtea3A",
    "user-agent": "Mozilla/5.0 (X11; Linux x86_64) AppleWebKit/537.36 (KHTML, like Gecko) Chrome/131.0.0.0 Safari/537.36",
    "accept": "application/json, text/plain, */*",
    "sec-ch-ua": "\"Google Chrome\";v=\"131\", \"Chromium\";v=\"131\", \"Not_A Brand\";v=\"24\"",
    "sec-ch-ua-mobile": "?0",
    "origin": "http://localhost:5173",
    "sec-fetch-site": "same-site",
    "sec-fetch-mode": "cors",
    "sec-fetch-dest": "empty",
    "referer": "http://localhost:5173/",
    "accept-encoding": "gzip, deflate, br, zstd",
    "accept-language": "en-US,en;q=0.9"
  },
  "body": {}
}
2025-05-27 09:51:54 [INFO]: Database query executed {
  "sql": "SELECT id, username, email, role, nationality, created_at FROM users WHERE id = $1",
  "params": [
    "d64562cf-64b1-4f7b-8cc3-d1c66d831ec0"
  ],
  "rowCount": 1,
  "duration": "50ms"
}
2025-05-27 09:51:54 [INFO]: Fetched user by id {
  "id": "d64562cf-64b1-4f7b-8cc3-d1c66d831ec0"
}
2025-05-27 09:51:54 [INFO]: Request received {
  "method": "GET",
  "url": "/api/users/d64562cf-64b1-4f7b-8cc3-d1c66d831ec0",
  "headers": {
    "host": "localhost:3000",
    "connection": "keep-alive",
    "sec-ch-ua-platform": "\"Linux\"",
    "authorization": "Bearer eyJhbGciOiJIUzI1NiIsInR5cCI6IkpXVCJ9.eyJpZCI6ImQ2NDU2MmNmLTY0YjEtNGY3Yi04Y2MzLWQxYzY2ZDgzMWVjMCIsInJvbGUiOiJhZG1pbiIsImlhdCI6MTc0ODMxNDI5MywiZXhwIjoxNzQ4MzI1MDkzfQ.h0aqNKkg5O-8MpOy8o6uNYcOMr77dX80GJP-NFtea3A",
    "user-agent": "Mozilla/5.0 (X11; Linux x86_64) AppleWebKit/537.36 (KHTML, like Gecko) Chrome/131.0.0.0 Safari/537.36",
    "accept": "application/json, text/plain, */*",
    "sec-ch-ua": "\"Google Chrome\";v=\"131\", \"Chromium\";v=\"131\", \"Not_A Brand\";v=\"24\"",
    "sec-ch-ua-mobile": "?0",
    "origin": "http://localhost:5173",
    "sec-fetch-site": "same-site",
    "sec-fetch-mode": "cors",
    "sec-fetch-dest": "empty",
    "referer": "http://localhost:5173/",
    "accept-encoding": "gzip, deflate, br, zstd",
    "accept-language": "en-US,en;q=0.9",
    "if-none-match": "W/\"a4-agL/Tpl+fPE3OBbTsF2MtyhgO9w\""
  },
  "body": {}
}
2025-05-27 09:51:54 [INFO]: Fetching user by id {
  "id": "d64562cf-64b1-4f7b-8cc3-d1c66d831ec0"
}
2025-05-27 09:51:55 [INFO]: Database query executed {
  "sql": "SELECT id, username, email, role, nationality, created_at FROM users WHERE id = $1",
  "params": [
    "d64562cf-64b1-4f7b-8cc3-d1c66d831ec0"
  ],
  "rowCount": 1,
  "duration": "55ms"
}
2025-05-27 09:51:55 [INFO]: Fetched user by id {
  "id": "d64562cf-64b1-4f7b-8cc3-d1c66d831ec0"
}
2025-05-27 09:52:01 [INFO]: Request received {
  "method": "GET",
  "url": "/api/dashboard/coordinator?Date=2025-05-15",
  "headers": {
    "host": "localhost:3000",
    "connection": "keep-alive",
    "sec-ch-ua-platform": "\"Linux\"",
    "authorization": "Bearer eyJhbGciOiJIUzI1NiIsInR5cCI6IkpXVCJ9.eyJpZCI6ImQ2NDU2MmNmLTY0YjEtNGY3Yi04Y2MzLWQxYzY2ZDgzMWVjMCIsInJvbGUiOiJhZG1pbiIsImlhdCI6MTc0ODMxNDI5MywiZXhwIjoxNzQ4MzI1MDkzfQ.h0aqNKkg5O-8MpOy8o6uNYcOMr77dX80GJP-NFtea3A",
    "user-agent": "Mozilla/5.0 (X11; Linux x86_64) AppleWebKit/537.36 (KHTML, like Gecko) Chrome/131.0.0.0 Safari/537.36",
    "accept": "application/json, text/plain, */*",
    "sec-ch-ua": "\"Google Chrome\";v=\"131\", \"Chromium\";v=\"131\", \"Not_A Brand\";v=\"24\"",
    "sec-ch-ua-mobile": "?0",
    "origin": "http://localhost:5173",
    "sec-fetch-site": "same-site",
    "sec-fetch-mode": "cors",
    "sec-fetch-dest": "empty",
    "referer": "http://localhost:5173/",
    "accept-encoding": "gzip, deflate, br, zstd",
    "accept-language": "en-US,en;q=0.9"
  },
  "body": {}
}
2025-05-27 09:52:05 [INFO]: Request received {
  "method": "GET",
  "url": "/api/dashboard/coordinator?Date=2025-05-23",
  "headers": {
    "host": "localhost:3000",
    "connection": "keep-alive",
    "sec-ch-ua-platform": "\"Linux\"",
    "authorization": "Bearer eyJhbGciOiJIUzI1NiIsInR5cCI6IkpXVCJ9.eyJpZCI6ImQ2NDU2MmNmLTY0YjEtNGY3Yi04Y2MzLWQxYzY2ZDgzMWVjMCIsInJvbGUiOiJhZG1pbiIsImlhdCI6MTc0ODMxNDI5MywiZXhwIjoxNzQ4MzI1MDkzfQ.h0aqNKkg5O-8MpOy8o6uNYcOMr77dX80GJP-NFtea3A",
    "user-agent": "Mozilla/5.0 (X11; Linux x86_64) AppleWebKit/537.36 (KHTML, like Gecko) Chrome/131.0.0.0 Safari/537.36",
    "accept": "application/json, text/plain, */*",
    "sec-ch-ua": "\"Google Chrome\";v=\"131\", \"Chromium\";v=\"131\", \"Not_A Brand\";v=\"24\"",
    "sec-ch-ua-mobile": "?0",
    "origin": "http://localhost:5173",
    "sec-fetch-site": "same-site",
    "sec-fetch-mode": "cors",
    "sec-fetch-dest": "empty",
    "referer": "http://localhost:5173/",
    "accept-encoding": "gzip, deflate, br, zstd",
    "accept-language": "en-US,en;q=0.9"
  },
  "body": {}
}
2025-05-27 09:52:10 [INFO]: Request received {
  "method": "GET",
  "url": "/api/users/d64562cf-64b1-4f7b-8cc3-d1c66d831ec0",
  "headers": {
    "host": "localhost:3000",
    "connection": "keep-alive",
    "sec-ch-ua-platform": "\"Linux\"",
    "authorization": "Bearer eyJhbGciOiJIUzI1NiIsInR5cCI6IkpXVCJ9.eyJpZCI6ImQ2NDU2MmNmLTY0YjEtNGY3Yi04Y2MzLWQxYzY2ZDgzMWVjMCIsInJvbGUiOiJhZG1pbiIsImlhdCI6MTc0ODMxNDI5MywiZXhwIjoxNzQ4MzI1MDkzfQ.h0aqNKkg5O-8MpOy8o6uNYcOMr77dX80GJP-NFtea3A",
    "user-agent": "Mozilla/5.0 (X11; Linux x86_64) AppleWebKit/537.36 (KHTML, like Gecko) Chrome/131.0.0.0 Safari/537.36",
    "accept": "application/json, text/plain, */*",
    "sec-ch-ua": "\"Google Chrome\";v=\"131\", \"Chromium\";v=\"131\", \"Not_A Brand\";v=\"24\"",
    "sec-ch-ua-mobile": "?0",
    "origin": "http://localhost:5173",
    "sec-fetch-site": "same-site",
    "sec-fetch-mode": "cors",
    "sec-fetch-dest": "empty",
    "referer": "http://localhost:5173/",
    "accept-encoding": "gzip, deflate, br, zstd",
    "accept-language": "en-US,en;q=0.9",
    "if-none-match": "W/\"a4-agL/Tpl+fPE3OBbTsF2MtyhgO9w\""
  },
  "body": {}
}
2025-05-27 09:52:10 [INFO]: Fetching user by id {
  "id": "d64562cf-64b1-4f7b-8cc3-d1c66d831ec0"
}
2025-05-27 09:52:10 [INFO]: Database query executed {
  "sql": "SELECT id, username, email, role, nationality, created_at FROM users WHERE id = $1",
  "params": [
    "d64562cf-64b1-4f7b-8cc3-d1c66d831ec0"
  ],
  "rowCount": 1,
  "duration": "46ms"
}
2025-05-27 09:52:10 [INFO]: Fetched user by id {
  "id": "d64562cf-64b1-4f7b-8cc3-d1c66d831ec0"
}
2025-05-27 09:52:10 [INFO]: Request received {
  "method": "GET",
  "url": "/api/users/d64562cf-64b1-4f7b-8cc3-d1c66d831ec0",
  "headers": {
    "host": "localhost:3000",
    "connection": "keep-alive",
    "sec-ch-ua-platform": "\"Linux\"",
    "authorization": "Bearer eyJhbGciOiJIUzI1NiIsInR5cCI6IkpXVCJ9.eyJpZCI6ImQ2NDU2MmNmLTY0YjEtNGY3Yi04Y2MzLWQxYzY2ZDgzMWVjMCIsInJvbGUiOiJhZG1pbiIsImlhdCI6MTc0ODMxNDI5MywiZXhwIjoxNzQ4MzI1MDkzfQ.h0aqNKkg5O-8MpOy8o6uNYcOMr77dX80GJP-NFtea3A",
    "user-agent": "Mozilla/5.0 (X11; Linux x86_64) AppleWebKit/537.36 (KHTML, like Gecko) Chrome/131.0.0.0 Safari/537.36",
    "accept": "application/json, text/plain, */*",
    "sec-ch-ua": "\"Google Chrome\";v=\"131\", \"Chromium\";v=\"131\", \"Not_A Brand\";v=\"24\"",
    "sec-ch-ua-mobile": "?0",
    "origin": "http://localhost:5173",
    "sec-fetch-site": "same-site",
    "sec-fetch-mode": "cors",
    "sec-fetch-dest": "empty",
    "referer": "http://localhost:5173/",
    "accept-encoding": "gzip, deflate, br, zstd",
    "accept-language": "en-US,en;q=0.9",
    "if-none-match": "W/\"a4-agL/Tpl+fPE3OBbTsF2MtyhgO9w\""
  },
  "body": {}
}
2025-05-27 09:52:10 [INFO]: Fetching user by id {
  "id": "d64562cf-64b1-4f7b-8cc3-d1c66d831ec0"
}
2025-05-27 09:52:10 [INFO]: Database query executed {
  "sql": "SELECT id, username, email, role, nationality, created_at FROM users WHERE id = $1",
  "params": [
    "d64562cf-64b1-4f7b-8cc3-d1c66d831ec0"
  ],
  "rowCount": 1,
  "duration": "42ms"
}
2025-05-27 09:52:10 [INFO]: Fetched user by id {
  "id": "d64562cf-64b1-4f7b-8cc3-d1c66d831ec0"
}
2025-05-28 14:04:44 [INFO]: Request received {
  "method": "POST",
  "url": "/api/auth/login",
  "headers": {
    "content-type": "application/json",
    "user-agent": "PostmanRuntime/7.44.0",
    "accept": "*/*",
    "postman-token": "4b788439-1b15-45c5-9c43-7e87c3debf2e",
    "host": "localhost:3000",
    "accept-encoding": "gzip, deflate, br",
    "connection": "keep-alive",
    "content-length": "66"
  },
  "body": {
    "email": "***",
    "password": "***"
  }
}
2025-05-28 14:04:44 [INFO]: Attempting login {
  "email": "admin@admin.com"
}
2025-05-28 14:04:44 [INFO]: Database query executed {
  "sql": "SELECT * FROM users WHERE email = $1",
  "params": [
    "admin@admin.com"
  ],
  "rowCount": 1,
  "duration": "346ms"
}
2025-05-28 14:04:44 [INFO]: Login successful {
  "id": "d64562cf-64b1-4f7b-8cc3-d1c66d831ec0"
}
2025-05-28 14:04:44 [ERROR]: Login error {
  "error": "relation \"camp_events\" does not exist",
  "email": "admin@admin.com"
}
2025-05-28 14:06:00 [INFO]: Request received {
  "method": "POST",
  "url": "/api/auth/login",
  "headers": {
    "content-type": "application/json",
    "user-agent": "PostmanRuntime/7.44.0",
    "accept": "*/*",
    "postman-token": "f15c8da5-895b-48b7-a1e8-152c6bec6009",
    "host": "localhost:3000",
    "accept-encoding": "gzip, deflate, br",
    "connection": "keep-alive",
    "content-length": "66"
  },
  "body": {
    "email": "***",
    "password": "***"
  }
}
2025-05-28 14:06:01 [INFO]: Attempting login {
  "email": "admin@admin.com"
}
2025-05-28 14:06:01 [INFO]: Database query executed {
  "sql": "SELECT * FROM users WHERE email = $1",
  "params": [
    "admin@admin.com"
  ],
  "rowCount": 1,
  "duration": "309ms"
}
2025-05-28 14:06:01 [INFO]: Login successful {
  "id": "d64562cf-64b1-4f7b-8cc3-d1c66d831ec0"
}
2025-05-28 14:06:01 [ERROR]: Login error {
  "error": "column ce.from_date does not exist",
  "email": "admin@admin.com"
}
2025-05-28 14:08:09 [INFO]: Request received {
  "method": "POST",
  "url": "/api/auth/login",
  "headers": {
    "content-type": "application/json",
    "user-agent": "PostmanRuntime/7.44.0",
    "accept": "*/*",
    "postman-token": "3b14df8d-8f09-4b74-9b1b-515010c33d52",
    "host": "localhost:3000",
    "accept-encoding": "gzip, deflate, br",
    "connection": "keep-alive",
    "content-length": "66"
  },
  "body": {
    "email": "***",
    "password": "***"
  }
}
2025-05-28 14:08:09 [INFO]: Attempting login {
  "email": "admin@admin.com"
}
2025-05-28 14:08:10 [INFO]: Database query executed {
  "sql": "SELECT * FROM users WHERE email = $1",
  "params": [
    "admin@admin.com"
  ],
  "rowCount": 1,
  "duration": "286ms"
}
2025-05-28 14:08:10 [INFO]: Login successful {
  "id": "d64562cf-64b1-4f7b-8cc3-d1c66d831ec0"
}
2025-05-28 14:08:10 [INFO]: Login successful {
  "email": "admin@admin.com"
}
2025-05-28 14:09:42 [INFO]: Request received {
  "method": "POST",
  "url": "/api/auth/login",
  "headers": {
    "content-type": "application/json",
    "user-agent": "PostmanRuntime/7.44.0",
    "accept": "*/*",
    "postman-token": "546e5385-0f45-456e-867c-ea8c3c1a0650",
    "host": "localhost:3000",
    "accept-encoding": "gzip, deflate, br",
    "connection": "keep-alive",
    "content-length": "65"
  },
  "body": {
    "email": "***",
    "password": "***"
  }
}
2025-05-28 14:09:42 [INFO]: Attempting login {
  "email": "kimer@gmail.com"
}
2025-05-28 14:09:42 [INFO]: Database query executed {
  "sql": "SELECT * FROM users WHERE email = $1",
  "params": [
    "kimer@gmail.com"
  ],
  "rowCount": 1,
  "duration": "238ms"
}
2025-05-28 14:09:42 [INFO]: Login successful {
  "id": "4d23157d-3963-4e85-b7f9-e6ad7ee6a4f2"
}
2025-05-28 14:09:42 [INFO]: Login successful {
  "email": "kimer@gmail.com"
}
2025-05-28 14:17:17 [INFO]: Request received {
  "method": "GET",
  "url": "/api/campevents/b87a33d8-3e71-4803-bd78-8baf3f2bdbb6",
  "headers": {
    "host": "localhost:3000",
    "connection": "keep-alive",
    "sec-ch-ua-platform": "\"Android\"",
    "authorization": "Bearer eyJhbGciOiJIUzI1NiIsInR5cCI6IkpXVCJ9.eyJpZCI6ImQ2NDU2MmNmLTY0YjEtNGY3Yi04Y2MzLWQxYzY2ZDgzMWVjMCIsInJvbGUiOiJhZG1pbiIsImlhdCI6MTc0ODQwOTk2MiwiZXhwIjoxNzQ4NDIwNzYyfQ.67UgCaE_mHQZg9A6AbhQ77nZiIpe8XN8LeWAn_JeJ5A",
    "user-agent": "Mozilla/5.0 (Linux; Android 6.0; Nexus 5 Build/MRA58N) AppleWebKit/537.36 (KHTML, like Gecko) Chrome/131.0.0.0 Mobile Safari/537.36",
    "accept": "application/json, text/plain, */*",
    "sec-ch-ua": "\"Google Chrome\";v=\"131\", \"Chromium\";v=\"131\", \"Not_A Brand\";v=\"24\"",
    "sec-ch-ua-mobile": "?1",
    "origin": "http://localhost:5173",
    "sec-fetch-site": "same-site",
    "sec-fetch-mode": "cors",
    "sec-fetch-dest": "empty",
    "referer": "http://localhost:5173/",
    "accept-encoding": "gzip, deflate, br, zstd",
    "accept-language": "en-US,en;q=0.9"
  },
  "body": {}
}
2025-05-28 14:17:17 [INFO]: Fetching camp-event by ID {
  "id": "b87a33d8-3e71-4803-bd78-8baf3f2bdbb6"
}
2025-05-28 14:17:17 [INFO]: Request received {
  "method": "GET",
  "url": "/api/users",
  "headers": {
    "host": "localhost:3000",
    "connection": "keep-alive",
    "sec-ch-ua-platform": "\"Android\"",
    "authorization": "Bearer eyJhbGciOiJIUzI1NiIsInR5cCI6IkpXVCJ9.eyJpZCI6ImQ2NDU2MmNmLTY0YjEtNGY3Yi04Y2MzLWQxYzY2ZDgzMWVjMCIsInJvbGUiOiJhZG1pbiIsImlhdCI6MTc0ODQwOTk2MiwiZXhwIjoxNzQ4NDIwNzYyfQ.67UgCaE_mHQZg9A6AbhQ77nZiIpe8XN8LeWAn_JeJ5A",
    "user-agent": "Mozilla/5.0 (Linux; Android 6.0; Nexus 5 Build/MRA58N) AppleWebKit/537.36 (KHTML, like Gecko) Chrome/131.0.0.0 Mobile Safari/537.36",
    "accept": "application/json, text/plain, */*",
    "sec-ch-ua": "\"Google Chrome\";v=\"131\", \"Chromium\";v=\"131\", \"Not_A Brand\";v=\"24\"",
    "sec-ch-ua-mobile": "?1",
    "origin": "http://localhost:5173",
    "sec-fetch-site": "same-site",
    "sec-fetch-mode": "cors",
    "sec-fetch-dest": "empty",
    "referer": "http://localhost:5173/",
    "accept-encoding": "gzip, deflate, br, zstd",
    "accept-language": "en-US,en;q=0.9",
    "if-none-match": "W/\"6c9-kGiDFWTdDT1NTBPrTosovqe6WIA\""
  },
  "body": {}
}
2025-05-28 14:17:17 [INFO]: Fetching all users
2025-05-28 14:17:17 [INFO]: Database query executed {
  "sql": "SELECT id, username, email, role, nationality, created_at FROM users",
  "params": [],
  "rowCount": 7,
  "duration": "208ms"
}
2025-05-28 14:17:17 [INFO]: Fetched all users
2025-05-28 14:17:17 [INFO]: Request received {
  "method": "GET",
  "url": "/api/users",
  "headers": {
    "host": "localhost:3000",
    "connection": "keep-alive",
    "sec-ch-ua-platform": "\"Android\"",
    "authorization": "Bearer eyJhbGciOiJIUzI1NiIsInR5cCI6IkpXVCJ9.eyJpZCI6ImQ2NDU2MmNmLTY0YjEtNGY3Yi04Y2MzLWQxYzY2ZDgzMWVjMCIsInJvbGUiOiJhZG1pbiIsImlhdCI6MTc0ODQwOTk2MiwiZXhwIjoxNzQ4NDIwNzYyfQ.67UgCaE_mHQZg9A6AbhQ77nZiIpe8XN8LeWAn_JeJ5A",
    "user-agent": "Mozilla/5.0 (Linux; Android 6.0; Nexus 5 Build/MRA58N) AppleWebKit/537.36 (KHTML, like Gecko) Chrome/131.0.0.0 Mobile Safari/537.36",
    "accept": "application/json, text/plain, */*",
    "sec-ch-ua": "\"Google Chrome\";v=\"131\", \"Chromium\";v=\"131\", \"Not_A Brand\";v=\"24\"",
    "sec-ch-ua-mobile": "?1",
    "origin": "http://localhost:5173",
    "sec-fetch-site": "same-site",
    "sec-fetch-mode": "cors",
    "sec-fetch-dest": "empty",
    "referer": "http://localhost:5173/",
    "accept-encoding": "gzip, deflate, br, zstd",
    "accept-language": "en-US,en;q=0.9",
    "if-none-match": "W/\"4b7-nxt4E/qpmJ5hSLuZZQvDmh5l7qA\""
  },
  "body": {}
}
2025-05-28 14:17:17 [INFO]: Fetching all users
2025-05-28 14:17:17 [INFO]: Database query executed {
  "sql": "SELECT id, camp_id, event_id, created_at FROM camp_event WHERE id = $1",
  "params": [
    "b87a33d8-3e71-4803-bd78-8baf3f2bdbb6"
  ],
  "rowCount": 1,
  "duration": "233ms"
}
2025-05-28 14:17:17 [INFO]: Request received {
  "method": "GET",
  "url": "/api/campevents/b87a33d8-3e71-4803-bd78-8baf3f2bdbb6",
  "headers": {
    "host": "localhost:3000",
    "connection": "keep-alive",
    "sec-ch-ua-platform": "\"Android\"",
    "authorization": "Bearer eyJhbGciOiJIUzI1NiIsInR5cCI6IkpXVCJ9.eyJpZCI6ImQ2NDU2MmNmLTY0YjEtNGY3Yi04Y2MzLWQxYzY2ZDgzMWVjMCIsInJvbGUiOiJhZG1pbiIsImlhdCI6MTc0ODQwOTk2MiwiZXhwIjoxNzQ4NDIwNzYyfQ.67UgCaE_mHQZg9A6AbhQ77nZiIpe8XN8LeWAn_JeJ5A",
    "user-agent": "Mozilla/5.0 (Linux; Android 6.0; Nexus 5 Build/MRA58N) AppleWebKit/537.36 (KHTML, like Gecko) Chrome/131.0.0.0 Mobile Safari/537.36",
    "accept": "application/json, text/plain, */*",
    "sec-ch-ua": "\"Google Chrome\";v=\"131\", \"Chromium\";v=\"131\", \"Not_A Brand\";v=\"24\"",
    "sec-ch-ua-mobile": "?1",
    "origin": "http://localhost:5173",
    "sec-fetch-site": "same-site",
    "sec-fetch-mode": "cors",
    "sec-fetch-dest": "empty",
    "referer": "http://localhost:5173/",
    "accept-encoding": "gzip, deflate, br, zstd",
    "accept-language": "en-US,en;q=0.9",
    "if-none-match": "W/\"b8-NuKQjnPkkgGFH+3JcGnaVVHUu0E\""
  },
  "body": {}
}
2025-05-28 14:17:17 [INFO]: Fetching camp-event by ID {
  "id": "b87a33d8-3e71-4803-bd78-8baf3f2bdbb6"
}
2025-05-28 14:17:17 [INFO]: Request received {
  "method": "GET",
  "url": "/api/camps/2d6c3a7f-e5dd-4fb8-b5b1-0f884ecb4034",
  "headers": {
    "host": "localhost:3000",
    "connection": "keep-alive",
    "sec-ch-ua-platform": "\"Android\"",
    "authorization": "Bearer eyJhbGciOiJIUzI1NiIsInR5cCI6IkpXVCJ9.eyJpZCI6ImQ2NDU2MmNmLTY0YjEtNGY3Yi04Y2MzLWQxYzY2ZDgzMWVjMCIsInJvbGUiOiJhZG1pbiIsImlhdCI6MTc0ODQwOTk2MiwiZXhwIjoxNzQ4NDIwNzYyfQ.67UgCaE_mHQZg9A6AbhQ77nZiIpe8XN8LeWAn_JeJ5A",
    "user-agent": "Mozilla/5.0 (Linux; Android 6.0; Nexus 5 Build/MRA58N) AppleWebKit/537.36 (KHTML, like Gecko) Chrome/131.0.0.0 Mobile Safari/537.36",
    "accept": "application/json, text/plain, */*",
    "sec-ch-ua": "\"Google Chrome\";v=\"131\", \"Chromium\";v=\"131\", \"Not_A Brand\";v=\"24\"",
    "sec-ch-ua-mobile": "?1",
    "origin": "http://localhost:5173",
    "sec-fetch-site": "same-site",
    "sec-fetch-mode": "cors",
    "sec-fetch-dest": "empty",
    "referer": "http://localhost:5173/",
    "accept-encoding": "gzip, deflate, br, zstd",
    "accept-language": "en-US,en;q=0.9"
  },
  "body": {}
}
2025-05-28 14:17:17 [INFO]: Fetching camp by id {
  "id": "2d6c3a7f-e5dd-4fb8-b5b1-0f884ecb4034"
}
2025-05-28 14:17:17 [INFO]: Database query executed {
  "sql": "SELECT id, username, email, role, nationality, created_at FROM users",
  "params": [],
  "rowCount": 7,
  "duration": "39ms"
}
2025-05-28 14:17:17 [INFO]: Fetched all users
2025-05-28 14:17:17 [INFO]: Database query executed {
  "sql": "SELECT id, camp_id, event_id, created_at FROM camp_event WHERE id = $1",
  "params": [
    "b87a33d8-3e71-4803-bd78-8baf3f2bdbb6"
  ],
  "rowCount": 1,
  "duration": "46ms"
}
2025-05-28 14:17:17 [INFO]: Request received {
  "method": "GET",
  "url": "/api/users/d64562cf-64b1-4f7b-8cc3-d1c66d831ec0",
  "headers": {
    "host": "localhost:3000",
    "connection": "keep-alive",
    "sec-ch-ua-platform": "\"Android\"",
    "authorization": "Bearer eyJhbGciOiJIUzI1NiIsInR5cCI6IkpXVCJ9.eyJpZCI6ImQ2NDU2MmNmLTY0YjEtNGY3Yi04Y2MzLWQxYzY2ZDgzMWVjMCIsInJvbGUiOiJhZG1pbiIsImlhdCI6MTc0ODQwOTk2MiwiZXhwIjoxNzQ4NDIwNzYyfQ.67UgCaE_mHQZg9A6AbhQ77nZiIpe8XN8LeWAn_JeJ5A",
    "user-agent": "Mozilla/5.0 (Linux; Android 6.0; Nexus 5 Build/MRA58N) AppleWebKit/537.36 (KHTML, like Gecko) Chrome/131.0.0.0 Mobile Safari/537.36",
    "accept": "application/json, text/plain, */*",
    "sec-ch-ua": "\"Google Chrome\";v=\"131\", \"Chromium\";v=\"131\", \"Not_A Brand\";v=\"24\"",
    "sec-ch-ua-mobile": "?1",
    "origin": "http://localhost:5173",
    "sec-fetch-site": "same-site",
    "sec-fetch-mode": "cors",
    "sec-fetch-dest": "empty",
    "referer": "http://localhost:5173/",
    "accept-encoding": "gzip, deflate, br, zstd",
    "accept-language": "en-US,en;q=0.9",
    "if-none-match": "W/\"a4-agL/Tpl+fPE3OBbTsF2MtyhgO9w\""
  },
  "body": {}
}
2025-05-28 14:17:17 [INFO]: Fetching user by id {
  "id": "d64562cf-64b1-4f7b-8cc3-d1c66d831ec0"
}
2025-05-28 14:17:17 [INFO]: Database query executed {
  "sql": "SELECT id, camp_name, camp_location, created_at FROM camp WHERE id = $1",
  "params": [
    "2d6c3a7f-e5dd-4fb8-b5b1-0f884ecb4034"
  ],
  "rowCount": 1,
  "duration": "218ms"
}
2025-05-28 14:17:17 [INFO]: Fetched camp by id {
  "id": "2d6c3a7f-e5dd-4fb8-b5b1-0f884ecb4034"
}
2025-05-28 14:17:18 [INFO]: Database query executed {
  "sql": "SELECT id, username, email, role, nationality, created_at FROM users WHERE id = $1",
  "params": [
    "d64562cf-64b1-4f7b-8cc3-d1c66d831ec0"
  ],
  "rowCount": 1,
  "duration": "57ms"
}
2025-05-28 14:17:18 [INFO]: Fetched user by id {
  "id": "d64562cf-64b1-4f7b-8cc3-d1c66d831ec0"
}
2025-05-28 14:17:18 [INFO]: Request received {
  "method": "GET",
  "url": "/api/camps/2d6c3a7f-e5dd-4fb8-b5b1-0f884ecb4034",
  "headers": {
    "host": "localhost:3000",
    "connection": "keep-alive",
    "sec-ch-ua-platform": "\"Android\"",
    "authorization": "Bearer eyJhbGciOiJIUzI1NiIsInR5cCI6IkpXVCJ9.eyJpZCI6ImQ2NDU2MmNmLTY0YjEtNGY3Yi04Y2MzLWQxYzY2ZDgzMWVjMCIsInJvbGUiOiJhZG1pbiIsImlhdCI6MTc0ODQwOTk2MiwiZXhwIjoxNzQ4NDIwNzYyfQ.67UgCaE_mHQZg9A6AbhQ77nZiIpe8XN8LeWAn_JeJ5A",
    "user-agent": "Mozilla/5.0 (Linux; Android 6.0; Nexus 5 Build/MRA58N) AppleWebKit/537.36 (KHTML, like Gecko) Chrome/131.0.0.0 Mobile Safari/537.36",
    "accept": "application/json, text/plain, */*",
    "sec-ch-ua": "\"Google Chrome\";v=\"131\", \"Chromium\";v=\"131\", \"Not_A Brand\";v=\"24\"",
    "sec-ch-ua-mobile": "?1",
    "origin": "http://localhost:5173",
    "sec-fetch-site": "same-site",
    "sec-fetch-mode": "cors",
    "sec-fetch-dest": "empty",
    "referer": "http://localhost:5173/",
    "accept-encoding": "gzip, deflate, br, zstd",
    "accept-language": "en-US,en;q=0.9",
    "if-none-match": "W/\"8b-9vUKLC50dBwh3yC+TZOP2zd6Hho\""
  },
  "body": {}
}
2025-05-28 14:17:18 [INFO]: Fetching camp by id {
  "id": "2d6c3a7f-e5dd-4fb8-b5b1-0f884ecb4034"
}
2025-05-28 14:17:18 [INFO]: Request received {
  "method": "GET",
  "url": "/api/users/d64562cf-64b1-4f7b-8cc3-d1c66d831ec0",
  "headers": {
    "host": "localhost:3000",
    "connection": "keep-alive",
    "sec-ch-ua-platform": "\"Android\"",
    "authorization": "Bearer eyJhbGciOiJIUzI1NiIsInR5cCI6IkpXVCJ9.eyJpZCI6ImQ2NDU2MmNmLTY0YjEtNGY3Yi04Y2MzLWQxYzY2ZDgzMWVjMCIsInJvbGUiOiJhZG1pbiIsImlhdCI6MTc0ODQwOTk2MiwiZXhwIjoxNzQ4NDIwNzYyfQ.67UgCaE_mHQZg9A6AbhQ77nZiIpe8XN8LeWAn_JeJ5A",
    "user-agent": "Mozilla/5.0 (Linux; Android 6.0; Nexus 5 Build/MRA58N) AppleWebKit/537.36 (KHTML, like Gecko) Chrome/131.0.0.0 Mobile Safari/537.36",
    "accept": "application/json, text/plain, */*",
    "sec-ch-ua": "\"Google Chrome\";v=\"131\", \"Chromium\";v=\"131\", \"Not_A Brand\";v=\"24\"",
    "sec-ch-ua-mobile": "?1",
    "origin": "http://localhost:5173",
    "sec-fetch-site": "same-site",
    "sec-fetch-mode": "cors",
    "sec-fetch-dest": "empty",
    "referer": "http://localhost:5173/",
    "accept-encoding": "gzip, deflate, br, zstd",
    "accept-language": "en-US,en;q=0.9",
    "if-none-match": "W/\"a4-agL/Tpl+fPE3OBbTsF2MtyhgO9w\""
  },
  "body": {}
}
2025-05-28 14:17:18 [INFO]: Fetching user by id {
  "id": "d64562cf-64b1-4f7b-8cc3-d1c66d831ec0"
}
2025-05-28 14:17:18 [INFO]: Request received {
  "method": "GET",
  "url": "/api/campeventorganizers?camp_event_id=b87a33d8-3e71-4803-bd78-8baf3f2bdbb6",
  "headers": {
    "host": "localhost:3000",
    "connection": "keep-alive",
    "sec-ch-ua-platform": "\"Android\"",
    "authorization": "Bearer eyJhbGciOiJIUzI1NiIsInR5cCI6IkpXVCJ9.eyJpZCI6ImQ2NDU2MmNmLTY0YjEtNGY3Yi04Y2MzLWQxYzY2ZDgzMWVjMCIsInJvbGUiOiJhZG1pbiIsImlhdCI6MTc0ODQwOTk2MiwiZXhwIjoxNzQ4NDIwNzYyfQ.67UgCaE_mHQZg9A6AbhQ77nZiIpe8XN8LeWAn_JeJ5A",
    "user-agent": "Mozilla/5.0 (Linux; Android 6.0; Nexus 5 Build/MRA58N) AppleWebKit/537.36 (KHTML, like Gecko) Chrome/131.0.0.0 Mobile Safari/537.36",
    "accept": "application/json, text/plain, */*",
    "sec-ch-ua": "\"Google Chrome\";v=\"131\", \"Chromium\";v=\"131\", \"Not_A Brand\";v=\"24\"",
    "sec-ch-ua-mobile": "?1",
    "origin": "http://localhost:5173",
    "sec-fetch-site": "same-site",
    "sec-fetch-mode": "cors",
    "sec-fetch-dest": "empty",
    "referer": "http://localhost:5173/",
    "accept-encoding": "gzip, deflate, br, zstd",
    "accept-language": "en-US,en;q=0.9"
  },
  "body": {}
}
2025-05-28 14:17:18 [INFO]: Database query executed {
  "sql": "SELECT id, camp_name, camp_location, created_at FROM camp WHERE id = $1",
  "params": [
    "2d6c3a7f-e5dd-4fb8-b5b1-0f884ecb4034"
  ],
  "rowCount": 1,
  "duration": "42ms"
}
2025-05-28 14:17:18 [INFO]: Fetched camp by id {
  "id": "2d6c3a7f-e5dd-4fb8-b5b1-0f884ecb4034"
}
2025-05-28 14:17:18 [INFO]: Database query executed {
  "sql": "SELECT id, username, email, role, nationality, created_at FROM users WHERE id = $1",
  "params": [
    "d64562cf-64b1-4f7b-8cc3-d1c66d831ec0"
  ],
  "rowCount": 1,
  "duration": "58ms"
}
2025-05-28 14:17:18 [INFO]: Fetched user by id {
  "id": "d64562cf-64b1-4f7b-8cc3-d1c66d831ec0"
}
2025-05-28 14:17:18 [INFO]: Request received {
  "method": "GET",
  "url": "/api/campeventorganizers?camp_event_id=b87a33d8-3e71-4803-bd78-8baf3f2bdbb6",
  "headers": {
    "host": "localhost:3000",
    "connection": "keep-alive",
    "sec-ch-ua-platform": "\"Android\"",
    "authorization": "Bearer eyJhbGciOiJIUzI1NiIsInR5cCI6IkpXVCJ9.eyJpZCI6ImQ2NDU2MmNmLTY0YjEtNGY3Yi04Y2MzLWQxYzY2ZDgzMWVjMCIsInJvbGUiOiJhZG1pbiIsImlhdCI6MTc0ODQwOTk2MiwiZXhwIjoxNzQ4NDIwNzYyfQ.67UgCaE_mHQZg9A6AbhQ77nZiIpe8XN8LeWAn_JeJ5A",
    "user-agent": "Mozilla/5.0 (Linux; Android 6.0; Nexus 5 Build/MRA58N) AppleWebKit/537.36 (KHTML, like Gecko) Chrome/131.0.0.0 Mobile Safari/537.36",
    "accept": "application/json, text/plain, */*",
    "sec-ch-ua": "\"Google Chrome\";v=\"131\", \"Chromium\";v=\"131\", \"Not_A Brand\";v=\"24\"",
    "sec-ch-ua-mobile": "?1",
    "origin": "http://localhost:5173",
    "sec-fetch-site": "same-site",
    "sec-fetch-mode": "cors",
    "sec-fetch-dest": "empty",
    "referer": "http://localhost:5173/",
    "accept-encoding": "gzip, deflate, br, zstd",
    "accept-language": "en-US,en;q=0.9",
    "if-none-match": "W/\"475-cpkFcsNkEESNJz6+H68smbT//nU\""
  },
  "body": {}
}
2025-05-28 14:17:18 [INFO]: Request received {
  "method": "GET",
  "url": "/api/users/b1d9491a-8702-40d9-a999-68a7dccdc7c3",
  "headers": {
    "host": "localhost:3000",
    "connection": "keep-alive",
    "sec-ch-ua-platform": "\"Android\"",
    "authorization": "Bearer eyJhbGciOiJIUzI1NiIsInR5cCI6IkpXVCJ9.eyJpZCI6ImQ2NDU2MmNmLTY0YjEtNGY3Yi04Y2MzLWQxYzY2ZDgzMWVjMCIsInJvbGUiOiJhZG1pbiIsImlhdCI6MTc0ODQwOTk2MiwiZXhwIjoxNzQ4NDIwNzYyfQ.67UgCaE_mHQZg9A6AbhQ77nZiIpe8XN8LeWAn_JeJ5A",
    "user-agent": "Mozilla/5.0 (Linux; Android 6.0; Nexus 5 Build/MRA58N) AppleWebKit/537.36 (KHTML, like Gecko) Chrome/131.0.0.0 Mobile Safari/537.36",
    "accept": "application/json, text/plain, */*",
    "sec-ch-ua": "\"Google Chrome\";v=\"131\", \"Chromium\";v=\"131\", \"Not_A Brand\";v=\"24\"",
    "sec-ch-ua-mobile": "?1",
    "origin": "http://localhost:5173",
    "sec-fetch-site": "same-site",
    "sec-fetch-mode": "cors",
    "sec-fetch-dest": "empty",
    "referer": "http://localhost:5173/",
    "accept-encoding": "gzip, deflate, br, zstd",
    "accept-language": "en-US,en;q=0.9"
  },
  "body": {}
}
2025-05-28 14:17:18 [INFO]: Fetching user by id {
  "id": "b1d9491a-8702-40d9-a999-68a7dccdc7c3"
}
2025-05-28 14:17:18 [INFO]: Request received {
  "method": "GET",
  "url": "/api/users/895b0c9f-0205-4f2a-8fa0-f887510befdf",
  "headers": {
    "host": "localhost:3000",
    "connection": "keep-alive",
    "sec-ch-ua-platform": "\"Android\"",
    "authorization": "Bearer eyJhbGciOiJIUzI1NiIsInR5cCI6IkpXVCJ9.eyJpZCI6ImQ2NDU2MmNmLTY0YjEtNGY3Yi04Y2MzLWQxYzY2ZDgzMWVjMCIsInJvbGUiOiJhZG1pbiIsImlhdCI6MTc0ODQwOTk2MiwiZXhwIjoxNzQ4NDIwNzYyfQ.67UgCaE_mHQZg9A6AbhQ77nZiIpe8XN8LeWAn_JeJ5A",
    "user-agent": "Mozilla/5.0 (Linux; Android 6.0; Nexus 5 Build/MRA58N) AppleWebKit/537.36 (KHTML, like Gecko) Chrome/131.0.0.0 Mobile Safari/537.36",
    "accept": "application/json, text/plain, */*",
    "sec-ch-ua": "\"Google Chrome\";v=\"131\", \"Chromium\";v=\"131\", \"Not_A Brand\";v=\"24\"",
    "sec-ch-ua-mobile": "?1",
    "origin": "http://localhost:5173",
    "sec-fetch-site": "same-site",
    "sec-fetch-mode": "cors",
    "sec-fetch-dest": "empty",
    "referer": "http://localhost:5173/",
    "accept-encoding": "gzip, deflate, br, zstd",
    "accept-language": "en-US,en;q=0.9"
  },
  "body": {}
}
2025-05-28 14:17:18 [INFO]: Fetching user by id {
  "id": "895b0c9f-0205-4f2a-8fa0-f887510befdf"
}
2025-05-28 14:17:18 [INFO]: Database query executed {
  "sql": "SELECT id, username, email, role, nationality, created_at FROM users WHERE id = $1",
  "params": [
    "b1d9491a-8702-40d9-a999-68a7dccdc7c3"
  ],
  "rowCount": 1,
  "duration": "38ms"
}
2025-05-28 14:17:18 [INFO]: Fetched user by id {
  "id": "b1d9491a-8702-40d9-a999-68a7dccdc7c3"
}
2025-05-28 14:17:18 [INFO]: Request received {
  "method": "GET",
  "url": "/api/users/b1d9491a-8702-40d9-a999-68a7dccdc7c3",
  "headers": {
    "host": "localhost:3000",
    "connection": "keep-alive",
    "sec-ch-ua-platform": "\"Android\"",
    "authorization": "Bearer eyJhbGciOiJIUzI1NiIsInR5cCI6IkpXVCJ9.eyJpZCI6ImQ2NDU2MmNmLTY0YjEtNGY3Yi04Y2MzLWQxYzY2ZDgzMWVjMCIsInJvbGUiOiJhZG1pbiIsImlhdCI6MTc0ODQwOTk2MiwiZXhwIjoxNzQ4NDIwNzYyfQ.67UgCaE_mHQZg9A6AbhQ77nZiIpe8XN8LeWAn_JeJ5A",
    "user-agent": "Mozilla/5.0 (Linux; Android 6.0; Nexus 5 Build/MRA58N) AppleWebKit/537.36 (KHTML, like Gecko) Chrome/131.0.0.0 Mobile Safari/537.36",
    "accept": "application/json, text/plain, */*",
    "sec-ch-ua": "\"Google Chrome\";v=\"131\", \"Chromium\";v=\"131\", \"Not_A Brand\";v=\"24\"",
    "sec-ch-ua-mobile": "?1",
    "origin": "http://localhost:5173",
    "sec-fetch-site": "same-site",
    "sec-fetch-mode": "cors",
    "sec-fetch-dest": "empty",
    "referer": "http://localhost:5173/",
    "accept-encoding": "gzip, deflate, br, zstd",
    "accept-language": "en-US,en;q=0.9",
    "if-none-match": "W/\"b5-VqTNJSdOdddfefC5Mu/hTTblnwA\""
  },
  "body": {}
}
2025-05-28 14:17:18 [INFO]: Fetching user by id {
  "id": "b1d9491a-8702-40d9-a999-68a7dccdc7c3"
}
2025-05-28 14:17:18 [INFO]: Database query executed {
  "sql": "SELECT id, username, email, role, nationality, created_at FROM users WHERE id = $1",
  "params": [
    "895b0c9f-0205-4f2a-8fa0-f887510befdf"
  ],
  "rowCount": 1,
  "duration": "51ms"
}
2025-05-28 14:17:18 [INFO]: Fetched user by id {
  "id": "895b0c9f-0205-4f2a-8fa0-f887510befdf"
}
2025-05-28 14:17:18 [INFO]: Request received {
  "method": "GET",
  "url": "/api/users/895b0c9f-0205-4f2a-8fa0-f887510befdf",
  "headers": {
    "host": "localhost:3000",
    "connection": "keep-alive",
    "sec-ch-ua-platform": "\"Android\"",
    "authorization": "Bearer eyJhbGciOiJIUzI1NiIsInR5cCI6IkpXVCJ9.eyJpZCI6ImQ2NDU2MmNmLTY0YjEtNGY3Yi04Y2MzLWQxYzY2ZDgzMWVjMCIsInJvbGUiOiJhZG1pbiIsImlhdCI6MTc0ODQwOTk2MiwiZXhwIjoxNzQ4NDIwNzYyfQ.67UgCaE_mHQZg9A6AbhQ77nZiIpe8XN8LeWAn_JeJ5A",
    "user-agent": "Mozilla/5.0 (Linux; Android 6.0; Nexus 5 Build/MRA58N) AppleWebKit/537.36 (KHTML, like Gecko) Chrome/131.0.0.0 Mobile Safari/537.36",
    "accept": "application/json, text/plain, */*",
    "sec-ch-ua": "\"Google Chrome\";v=\"131\", \"Chromium\";v=\"131\", \"Not_A Brand\";v=\"24\"",
    "sec-ch-ua-mobile": "?1",
    "origin": "http://localhost:5173",
    "sec-fetch-site": "same-site",
    "sec-fetch-mode": "cors",
    "sec-fetch-dest": "empty",
    "referer": "http://localhost:5173/",
    "accept-encoding": "gzip, deflate, br, zstd",
    "accept-language": "en-US,en;q=0.9",
    "if-none-match": "W/\"a7-wnpvhCNeWsEkqmRbpyXTQljIVR4\""
  },
  "body": {}
}
2025-05-28 14:17:18 [INFO]: Fetching user by id {
  "id": "895b0c9f-0205-4f2a-8fa0-f887510befdf"
}
2025-05-28 14:17:18 [INFO]: Database query executed {
  "sql": "SELECT id, username, email, role, nationality, created_at FROM users WHERE id = $1",
  "params": [
    "b1d9491a-8702-40d9-a999-68a7dccdc7c3"
  ],
  "rowCount": 1,
  "duration": "43ms"
}
2025-05-28 14:17:18 [INFO]: Fetched user by id {
  "id": "b1d9491a-8702-40d9-a999-68a7dccdc7c3"
}
2025-05-28 14:17:18 [INFO]: Database query executed {
  "sql": "SELECT id, username, email, role, nationality, created_at FROM users WHERE id = $1",
  "params": [
    "895b0c9f-0205-4f2a-8fa0-f887510befdf"
  ],
  "rowCount": 1,
  "duration": "40ms"
}
2025-05-28 14:17:18 [INFO]: Fetched user by id {
  "id": "895b0c9f-0205-4f2a-8fa0-f887510befdf"
}
2025-05-28 14:18:31 [INFO]: Request received {
  "method": "POST",
  "url": "/api/auth/login",
  "headers": {
    "host": "localhost:3000",
    "connection": "keep-alive",
    "content-length": "49",
    "sec-ch-ua-platform": "\"Android\"",
    "user-agent": "Mozilla/5.0 (Linux; Android 6.0; Nexus 5 Build/MRA58N) AppleWebKit/537.36 (KHTML, like Gecko) Chrome/131.0.0.0 Mobile Safari/537.36",
    "accept": "application/json, text/plain, */*",
    "sec-ch-ua": "\"Google Chrome\";v=\"131\", \"Chromium\";v=\"131\", \"Not_A Brand\";v=\"24\"",
    "content-type": "application/json",
    "sec-ch-ua-mobile": "?1",
    "origin": "http://localhost:5173",
    "sec-fetch-site": "same-site",
    "sec-fetch-mode": "cors",
    "sec-fetch-dest": "empty",
    "referer": "http://localhost:5173/",
    "accept-encoding": "gzip, deflate, br, zstd",
    "accept-language": "en-US,en;q=0.9"
  },
  "body": {
    "email": "***",
    "password": "***"
  }
}
2025-05-28 14:18:31 [INFO]: Attempting login {
  "email": "kimer@gmail.com"
}
2025-05-28 14:18:31 [INFO]: Database query executed {
  "sql": "SELECT * FROM users WHERE email = $1",
  "params": [
    "kimer@gmail.com"
  ],
  "rowCount": 1,
  "duration": "197ms"
}
2025-05-28 14:18:31 [INFO]: Login successful {
  "id": "4d23157d-3963-4e85-b7f9-e6ad7ee6a4f2"
}
2025-05-28 14:18:31 [INFO]: Login successful {
  "email": "kimer@gmail.com"
}
2025-05-28 14:18:31 [INFO]: Request received {
  "method": "GET",
  "url": "/api/campevents/ca1196ca-81cf-460c-b290-981f877e03ff",
  "headers": {
    "host": "localhost:3000",
    "connection": "keep-alive",
    "sec-ch-ua-platform": "\"Android\"",
    "authorization": "Bearer eyJhbGciOiJIUzI1NiIsInR5cCI6IkpXVCJ9.eyJpZCI6IjRkMjMxNTdkLTM5NjMtNGU4NS1iN2Y5LWU2YWQ3ZWU2YTRmMiIsInJvbGUiOiJjb29yZGluYXRvciIsImlhdCI6MTc0ODQxNjcxMSwiZXhwIjoxNzQ4NDI3NTExfQ.DF_UyrDmHlpYjeAnYWrgoLAv_CkMmPkXfZO3kVqoKJI",
    "user-agent": "Mozilla/5.0 (Linux; Android 6.0; Nexus 5 Build/MRA58N) AppleWebKit/537.36 (KHTML, like Gecko) Chrome/131.0.0.0 Mobile Safari/537.36",
    "accept": "application/json, text/plain, */*",
    "sec-ch-ua": "\"Google Chrome\";v=\"131\", \"Chromium\";v=\"131\", \"Not_A Brand\";v=\"24\"",
    "sec-ch-ua-mobile": "?1",
    "origin": "http://localhost:5173",
    "sec-fetch-site": "same-site",
    "sec-fetch-mode": "cors",
    "sec-fetch-dest": "empty",
    "referer": "http://localhost:5173/",
    "accept-encoding": "gzip, deflate, br, zstd",
    "accept-language": "en-US,en;q=0.9"
  },
  "body": {}
}
2025-05-28 14:18:31 [INFO]: Fetching camp-event by ID {
  "id": "ca1196ca-81cf-460c-b290-981f877e03ff"
}
2025-05-28 14:18:31 [INFO]: Request received {
  "method": "GET",
  "url": "/api/users",
  "headers": {
    "host": "localhost:3000",
    "connection": "keep-alive",
    "sec-ch-ua-platform": "\"Android\"",
    "authorization": "Bearer eyJhbGciOiJIUzI1NiIsInR5cCI6IkpXVCJ9.eyJpZCI6IjRkMjMxNTdkLTM5NjMtNGU4NS1iN2Y5LWU2YWQ3ZWU2YTRmMiIsInJvbGUiOiJjb29yZGluYXRvciIsImlhdCI6MTc0ODQxNjcxMSwiZXhwIjoxNzQ4NDI3NTExfQ.DF_UyrDmHlpYjeAnYWrgoLAv_CkMmPkXfZO3kVqoKJI",
    "user-agent": "Mozilla/5.0 (Linux; Android 6.0; Nexus 5 Build/MRA58N) AppleWebKit/537.36 (KHTML, like Gecko) Chrome/131.0.0.0 Mobile Safari/537.36",
    "accept": "application/json, text/plain, */*",
    "sec-ch-ua": "\"Google Chrome\";v=\"131\", \"Chromium\";v=\"131\", \"Not_A Brand\";v=\"24\"",
    "sec-ch-ua-mobile": "?1",
    "origin": "http://localhost:5173",
    "sec-fetch-site": "same-site",
    "sec-fetch-mode": "cors",
    "sec-fetch-dest": "empty",
    "referer": "http://localhost:5173/",
    "accept-encoding": "gzip, deflate, br, zstd",
    "accept-language": "en-US,en;q=0.9",
    "if-none-match": "W/\"4b7-nxt4E/qpmJ5hSLuZZQvDmh5l7qA\""
  },
  "body": {}
}
2025-05-28 14:18:31 [INFO]: Fetching all users
2025-05-28 14:18:31 [INFO]: Database query executed {
  "sql": "SELECT id, camp_id, event_id, created_at FROM camp_event WHERE id = $1",
  "params": [
    "ca1196ca-81cf-460c-b290-981f877e03ff"
  ],
  "rowCount": 1,
  "duration": "41ms"
}
2025-05-28 14:18:31 [INFO]: Request received {
  "method": "GET",
  "url": "/api/campevents/ca1196ca-81cf-460c-b290-981f877e03ff",
  "headers": {
    "host": "localhost:3000",
    "connection": "keep-alive",
    "sec-ch-ua-platform": "\"Android\"",
    "authorization": "Bearer eyJhbGciOiJIUzI1NiIsInR5cCI6IkpXVCJ9.eyJpZCI6IjRkMjMxNTdkLTM5NjMtNGU4NS1iN2Y5LWU2YWQ3ZWU2YTRmMiIsInJvbGUiOiJjb29yZGluYXRvciIsImlhdCI6MTc0ODQxNjcxMSwiZXhwIjoxNzQ4NDI3NTExfQ.DF_UyrDmHlpYjeAnYWrgoLAv_CkMmPkXfZO3kVqoKJI",
    "user-agent": "Mozilla/5.0 (Linux; Android 6.0; Nexus 5 Build/MRA58N) AppleWebKit/537.36 (KHTML, like Gecko) Chrome/131.0.0.0 Mobile Safari/537.36",
    "accept": "application/json, text/plain, */*",
    "sec-ch-ua": "\"Google Chrome\";v=\"131\", \"Chromium\";v=\"131\", \"Not_A Brand\";v=\"24\"",
    "sec-ch-ua-mobile": "?1",
    "origin": "http://localhost:5173",
    "sec-fetch-site": "same-site",
    "sec-fetch-mode": "cors",
    "sec-fetch-dest": "empty",
    "referer": "http://localhost:5173/",
    "accept-encoding": "gzip, deflate, br, zstd",
    "accept-language": "en-US,en;q=0.9",
    "if-none-match": "W/\"b8-eM4zTGFZ20LX21yfSdl7Yfr3BOI\""
  },
  "body": {}
}
2025-05-28 14:18:31 [INFO]: Fetching camp-event by ID {
  "id": "ca1196ca-81cf-460c-b290-981f877e03ff"
}
2025-05-28 14:18:31 [INFO]: Request received {
  "method": "GET",
  "url": "/api/camps/51a282b9-c76d-41dd-878e-b631380206c5",
  "headers": {
    "host": "localhost:3000",
    "connection": "keep-alive",
    "sec-ch-ua-platform": "\"Android\"",
    "authorization": "Bearer eyJhbGciOiJIUzI1NiIsInR5cCI6IkpXVCJ9.eyJpZCI6IjRkMjMxNTdkLTM5NjMtNGU4NS1iN2Y5LWU2YWQ3ZWU2YTRmMiIsInJvbGUiOiJjb29yZGluYXRvciIsImlhdCI6MTc0ODQxNjcxMSwiZXhwIjoxNzQ4NDI3NTExfQ.DF_UyrDmHlpYjeAnYWrgoLAv_CkMmPkXfZO3kVqoKJI",
    "user-agent": "Mozilla/5.0 (Linux; Android 6.0; Nexus 5 Build/MRA58N) AppleWebKit/537.36 (KHTML, like Gecko) Chrome/131.0.0.0 Mobile Safari/537.36",
    "accept": "application/json, text/plain, */*",
    "sec-ch-ua": "\"Google Chrome\";v=\"131\", \"Chromium\";v=\"131\", \"Not_A Brand\";v=\"24\"",
    "sec-ch-ua-mobile": "?1",
    "origin": "http://localhost:5173",
    "sec-fetch-site": "same-site",
    "sec-fetch-mode": "cors",
    "sec-fetch-dest": "empty",
    "referer": "http://localhost:5173/",
    "accept-encoding": "gzip, deflate, br, zstd",
    "accept-language": "en-US,en;q=0.9"
  },
  "body": {}
}
2025-05-28 14:18:31 [INFO]: Fetching camp by id {
  "id": "51a282b9-c76d-41dd-878e-b631380206c5"
}
2025-05-28 14:18:31 [INFO]: Database query executed {
  "sql": "SELECT id, camp_id, event_id, created_at FROM camp_event WHERE id = $1",
  "params": [
    "ca1196ca-81cf-460c-b290-981f877e03ff"
  ],
  "rowCount": 1,
  "duration": "39ms"
}
2025-05-28 14:18:31 [INFO]: Request received {
  "method": "GET",
  "url": "/api/users/4d23157d-3963-4e85-b7f9-e6ad7ee6a4f2",
  "headers": {
    "host": "localhost:3000",
    "connection": "keep-alive",
    "sec-ch-ua-platform": "\"Android\"",
    "authorization": "Bearer eyJhbGciOiJIUzI1NiIsInR5cCI6IkpXVCJ9.eyJpZCI6IjRkMjMxNTdkLTM5NjMtNGU4NS1iN2Y5LWU2YWQ3ZWU2YTRmMiIsInJvbGUiOiJjb29yZGluYXRvciIsImlhdCI6MTc0ODQxNjcxMSwiZXhwIjoxNzQ4NDI3NTExfQ.DF_UyrDmHlpYjeAnYWrgoLAv_CkMmPkXfZO3kVqoKJI",
    "user-agent": "Mozilla/5.0 (Linux; Android 6.0; Nexus 5 Build/MRA58N) AppleWebKit/537.36 (KHTML, like Gecko) Chrome/131.0.0.0 Mobile Safari/537.36",
    "accept": "application/json, text/plain, */*",
    "sec-ch-ua": "\"Google Chrome\";v=\"131\", \"Chromium\";v=\"131\", \"Not_A Brand\";v=\"24\"",
    "sec-ch-ua-mobile": "?1",
    "origin": "http://localhost:5173",
    "sec-fetch-site": "same-site",
    "sec-fetch-mode": "cors",
    "sec-fetch-dest": "empty",
    "referer": "http://localhost:5173/",
    "accept-encoding": "gzip, deflate, br, zstd",
    "accept-language": "en-US,en;q=0.9"
  },
  "body": {}
}
2025-05-28 14:18:31 [INFO]: Fetching user by id {
  "id": "4d23157d-3963-4e85-b7f9-e6ad7ee6a4f2"
}
2025-05-28 14:18:31 [INFO]: Database query executed {
  "sql": "SELECT id, username, email, role, nationality, created_at FROM users WHERE id = $1",
  "params": [
    "4d23157d-3963-4e85-b7f9-e6ad7ee6a4f2"
  ],
  "rowCount": 1,
  "duration": "39ms"
}
2025-05-28 14:18:31 [INFO]: Fetched user by id {
  "id": "4d23157d-3963-4e85-b7f9-e6ad7ee6a4f2"
}
2025-05-28 14:18:31 [INFO]: Request received {
  "method": "GET",
  "url": "/api/users/4d23157d-3963-4e85-b7f9-e6ad7ee6a4f2",
  "headers": {
    "host": "localhost:3000",
    "connection": "keep-alive",
    "sec-ch-ua-platform": "\"Android\"",
    "authorization": "Bearer eyJhbGciOiJIUzI1NiIsInR5cCI6IkpXVCJ9.eyJpZCI6IjRkMjMxNTdkLTM5NjMtNGU4NS1iN2Y5LWU2YWQ3ZWU2YTRmMiIsInJvbGUiOiJjb29yZGluYXRvciIsImlhdCI6MTc0ODQxNjcxMSwiZXhwIjoxNzQ4NDI3NTExfQ.DF_UyrDmHlpYjeAnYWrgoLAv_CkMmPkXfZO3kVqoKJI",
    "user-agent": "Mozilla/5.0 (Linux; Android 6.0; Nexus 5 Build/MRA58N) AppleWebKit/537.36 (KHTML, like Gecko) Chrome/131.0.0.0 Mobile Safari/537.36",
    "accept": "application/json, text/plain, */*",
    "sec-ch-ua": "\"Google Chrome\";v=\"131\", \"Chromium\";v=\"131\", \"Not_A Brand\";v=\"24\"",
    "sec-ch-ua-mobile": "?1",
    "origin": "http://localhost:5173",
    "sec-fetch-site": "same-site",
    "sec-fetch-mode": "cors",
    "sec-fetch-dest": "empty",
    "referer": "http://localhost:5173/",
    "accept-encoding": "gzip, deflate, br, zstd",
    "accept-language": "en-US,en;q=0.9",
    "if-none-match": "W/\"b1-soahVvYiGvQZjrLA9+PO1oNDG+A\""
  },
  "body": {}
}
2025-05-28 14:18:31 [INFO]: Fetching user by id {
  "id": "4d23157d-3963-4e85-b7f9-e6ad7ee6a4f2"
}
2025-05-28 14:18:31 [INFO]: Database query executed {
  "sql": "SELECT id, username, email, role, nationality, created_at FROM users WHERE id = $1",
  "params": [
    "4d23157d-3963-4e85-b7f9-e6ad7ee6a4f2"
  ],
  "rowCount": 1,
  "duration": "41ms"
}
2025-05-28 14:18:31 [INFO]: Fetched user by id {
  "id": "4d23157d-3963-4e85-b7f9-e6ad7ee6a4f2"
}
2025-05-28 14:18:31 [INFO]: Database query executed {
  "sql": "SELECT id, username, email, role, nationality, created_at FROM users",
  "params": [],
  "rowCount": 7,
  "duration": "204ms"
}
2025-05-28 14:18:31 [INFO]: Fetched all users
2025-05-28 14:18:31 [INFO]: Request received {
  "method": "GET",
  "url": "/api/users",
  "headers": {
    "host": "localhost:3000",
    "connection": "keep-alive",
    "sec-ch-ua-platform": "\"Android\"",
    "authorization": "Bearer eyJhbGciOiJIUzI1NiIsInR5cCI6IkpXVCJ9.eyJpZCI6IjRkMjMxNTdkLTM5NjMtNGU4NS1iN2Y5LWU2YWQ3ZWU2YTRmMiIsInJvbGUiOiJjb29yZGluYXRvciIsImlhdCI6MTc0ODQxNjcxMSwiZXhwIjoxNzQ4NDI3NTExfQ.DF_UyrDmHlpYjeAnYWrgoLAv_CkMmPkXfZO3kVqoKJI",
    "user-agent": "Mozilla/5.0 (Linux; Android 6.0; Nexus 5 Build/MRA58N) AppleWebKit/537.36 (KHTML, like Gecko) Chrome/131.0.0.0 Mobile Safari/537.36",
    "accept": "application/json, text/plain, */*",
    "sec-ch-ua": "\"Google Chrome\";v=\"131\", \"Chromium\";v=\"131\", \"Not_A Brand\";v=\"24\"",
    "sec-ch-ua-mobile": "?1",
    "origin": "http://localhost:5173",
    "sec-fetch-site": "same-site",
    "sec-fetch-mode": "cors",
    "sec-fetch-dest": "empty",
    "referer": "http://localhost:5173/",
    "accept-encoding": "gzip, deflate, br, zstd",
    "accept-language": "en-US,en;q=0.9",
    "if-none-match": "W/\"4b7-nxt4E/qpmJ5hSLuZZQvDmh5l7qA\""
  },
  "body": {}
}
2025-05-28 14:18:31 [INFO]: Fetching all users
2025-05-28 14:18:31 [INFO]: Database query executed {
  "sql": "SELECT id, username, email, role, nationality, created_at FROM users",
  "params": [],
  "rowCount": 7,
  "duration": "41ms"
}
2025-05-28 14:18:31 [INFO]: Fetched all users
2025-05-28 14:18:31 [INFO]: Database query executed {
  "sql": "SELECT id, camp_name, camp_location, created_at FROM camp WHERE id = $1",
  "params": [
    "51a282b9-c76d-41dd-878e-b631380206c5"
  ],
  "rowCount": 1,
  "duration": "236ms"
}
2025-05-28 14:18:31 [INFO]: Fetched camp by id {
  "id": "51a282b9-c76d-41dd-878e-b631380206c5"
}
2025-05-28 14:18:31 [INFO]: Request received {
  "method": "GET",
  "url": "/api/camps/51a282b9-c76d-41dd-878e-b631380206c5",
  "headers": {
    "host": "localhost:3000",
    "connection": "keep-alive",
    "sec-ch-ua-platform": "\"Android\"",
    "authorization": "Bearer eyJhbGciOiJIUzI1NiIsInR5cCI6IkpXVCJ9.eyJpZCI6IjRkMjMxNTdkLTM5NjMtNGU4NS1iN2Y5LWU2YWQ3ZWU2YTRmMiIsInJvbGUiOiJjb29yZGluYXRvciIsImlhdCI6MTc0ODQxNjcxMSwiZXhwIjoxNzQ4NDI3NTExfQ.DF_UyrDmHlpYjeAnYWrgoLAv_CkMmPkXfZO3kVqoKJI",
    "user-agent": "Mozilla/5.0 (Linux; Android 6.0; Nexus 5 Build/MRA58N) AppleWebKit/537.36 (KHTML, like Gecko) Chrome/131.0.0.0 Mobile Safari/537.36",
    "accept": "application/json, text/plain, */*",
    "sec-ch-ua": "\"Google Chrome\";v=\"131\", \"Chromium\";v=\"131\", \"Not_A Brand\";v=\"24\"",
    "sec-ch-ua-mobile": "?1",
    "origin": "http://localhost:5173",
    "sec-fetch-site": "same-site",
    "sec-fetch-mode": "cors",
    "sec-fetch-dest": "empty",
    "referer": "http://localhost:5173/",
    "accept-encoding": "gzip, deflate, br, zstd",
    "accept-language": "en-US,en;q=0.9",
    "if-none-match": "W/\"90-Wk7qTOAYRu4esORCq3NjnekFWHI\""
  },
  "body": {}
}
2025-05-28 14:18:31 [INFO]: Fetching camp by id {
  "id": "51a282b9-c76d-41dd-878e-b631380206c5"
}
2025-05-28 14:18:31 [INFO]: Request received {
  "method": "GET",
  "url": "/api/campeventorganizers?camp_event_id=ca1196ca-81cf-460c-b290-981f877e03ff",
  "headers": {
    "host": "localhost:3000",
    "connection": "keep-alive",
    "sec-ch-ua-platform": "\"Android\"",
    "authorization": "Bearer eyJhbGciOiJIUzI1NiIsInR5cCI6IkpXVCJ9.eyJpZCI6IjRkMjMxNTdkLTM5NjMtNGU4NS1iN2Y5LWU2YWQ3ZWU2YTRmMiIsInJvbGUiOiJjb29yZGluYXRvciIsImlhdCI6MTc0ODQxNjcxMSwiZXhwIjoxNzQ4NDI3NTExfQ.DF_UyrDmHlpYjeAnYWrgoLAv_CkMmPkXfZO3kVqoKJI",
    "user-agent": "Mozilla/5.0 (Linux; Android 6.0; Nexus 5 Build/MRA58N) AppleWebKit/537.36 (KHTML, like Gecko) Chrome/131.0.0.0 Mobile Safari/537.36",
    "accept": "application/json, text/plain, */*",
    "sec-ch-ua": "\"Google Chrome\";v=\"131\", \"Chromium\";v=\"131\", \"Not_A Brand\";v=\"24\"",
    "sec-ch-ua-mobile": "?1",
    "origin": "http://localhost:5173",
    "sec-fetch-site": "same-site",
    "sec-fetch-mode": "cors",
    "sec-fetch-dest": "empty",
    "referer": "http://localhost:5173/",
    "accept-encoding": "gzip, deflate, br, zstd",
    "accept-language": "en-US,en;q=0.9"
  },
  "body": {}
}
2025-05-28 14:18:31 [INFO]: Database query executed {
  "sql": "SELECT id, camp_name, camp_location, created_at FROM camp WHERE id = $1",
  "params": [
    "51a282b9-c76d-41dd-878e-b631380206c5"
  ],
  "rowCount": 1,
  "duration": "38ms"
}
2025-05-28 14:18:31 [INFO]: Fetched camp by id {
  "id": "51a282b9-c76d-41dd-878e-b631380206c5"
}
2025-05-28 14:18:31 [INFO]: Request received {
  "method": "GET",
  "url": "/api/campeventorganizers?camp_event_id=ca1196ca-81cf-460c-b290-981f877e03ff",
  "headers": {
    "host": "localhost:3000",
    "connection": "keep-alive",
    "sec-ch-ua-platform": "\"Android\"",
    "authorization": "Bearer eyJhbGciOiJIUzI1NiIsInR5cCI6IkpXVCJ9.eyJpZCI6IjRkMjMxNTdkLTM5NjMtNGU4NS1iN2Y5LWU2YWQ3ZWU2YTRmMiIsInJvbGUiOiJjb29yZGluYXRvciIsImlhdCI6MTc0ODQxNjcxMSwiZXhwIjoxNzQ4NDI3NTExfQ.DF_UyrDmHlpYjeAnYWrgoLAv_CkMmPkXfZO3kVqoKJI",
    "user-agent": "Mozilla/5.0 (Linux; Android 6.0; Nexus 5 Build/MRA58N) AppleWebKit/537.36 (KHTML, like Gecko) Chrome/131.0.0.0 Mobile Safari/537.36",
    "accept": "application/json, text/plain, */*",
    "sec-ch-ua": "\"Google Chrome\";v=\"131\", \"Chromium\";v=\"131\", \"Not_A Brand\";v=\"24\"",
    "sec-ch-ua-mobile": "?1",
    "origin": "http://localhost:5173",
    "sec-fetch-site": "same-site",
    "sec-fetch-mode": "cors",
    "sec-fetch-dest": "empty",
    "referer": "http://localhost:5173/",
    "accept-encoding": "gzip, deflate, br, zstd",
    "accept-language": "en-US,en;q=0.9",
    "if-none-match": "W/\"475-cpkFcsNkEESNJz6+H68smbT//nU\""
  },
  "body": {}
}
2025-05-28 14:18:31 [INFO]: Request received {
  "method": "GET",
  "url": "/api/users/b9c90a34-5b97-4a8c-a1a9-09d8ab9acf55",
  "headers": {
    "host": "localhost:3000",
    "connection": "keep-alive",
    "sec-ch-ua-platform": "\"Android\"",
    "authorization": "Bearer eyJhbGciOiJIUzI1NiIsInR5cCI6IkpXVCJ9.eyJpZCI6IjRkMjMxNTdkLTM5NjMtNGU4NS1iN2Y5LWU2YWQ3ZWU2YTRmMiIsInJvbGUiOiJjb29yZGluYXRvciIsImlhdCI6MTc0ODQxNjcxMSwiZXhwIjoxNzQ4NDI3NTExfQ.DF_UyrDmHlpYjeAnYWrgoLAv_CkMmPkXfZO3kVqoKJI",
    "user-agent": "Mozilla/5.0 (Linux; Android 6.0; Nexus 5 Build/MRA58N) AppleWebKit/537.36 (KHTML, like Gecko) Chrome/131.0.0.0 Mobile Safari/537.36",
    "accept": "application/json, text/plain, */*",
    "sec-ch-ua": "\"Google Chrome\";v=\"131\", \"Chromium\";v=\"131\", \"Not_A Brand\";v=\"24\"",
    "sec-ch-ua-mobile": "?1",
    "origin": "http://localhost:5173",
    "sec-fetch-site": "same-site",
    "sec-fetch-mode": "cors",
    "sec-fetch-dest": "empty",
    "referer": "http://localhost:5173/",
    "accept-encoding": "gzip, deflate, br, zstd",
    "accept-language": "en-US,en;q=0.9"
  },
  "body": {}
}
2025-05-28 14:18:31 [INFO]: Fetching user by id {
  "id": "b9c90a34-5b97-4a8c-a1a9-09d8ab9acf55"
}
2025-05-28 14:18:31 [INFO]: Request received {
  "method": "GET",
  "url": "/api/users/247835e0-d07e-4de1-96aa-4cf405974537",
  "headers": {
    "host": "localhost:3000",
    "connection": "keep-alive",
    "sec-ch-ua-platform": "\"Android\"",
    "authorization": "Bearer eyJhbGciOiJIUzI1NiIsInR5cCI6IkpXVCJ9.eyJpZCI6IjRkMjMxNTdkLTM5NjMtNGU4NS1iN2Y5LWU2YWQ3ZWU2YTRmMiIsInJvbGUiOiJjb29yZGluYXRvciIsImlhdCI6MTc0ODQxNjcxMSwiZXhwIjoxNzQ4NDI3NTExfQ.DF_UyrDmHlpYjeAnYWrgoLAv_CkMmPkXfZO3kVqoKJI",
    "user-agent": "Mozilla/5.0 (Linux; Android 6.0; Nexus 5 Build/MRA58N) AppleWebKit/537.36 (KHTML, like Gecko) Chrome/131.0.0.0 Mobile Safari/537.36",
    "accept": "application/json, text/plain, */*",
    "sec-ch-ua": "\"Google Chrome\";v=\"131\", \"Chromium\";v=\"131\", \"Not_A Brand\";v=\"24\"",
    "sec-ch-ua-mobile": "?1",
    "origin": "http://localhost:5173",
    "sec-fetch-site": "same-site",
    "sec-fetch-mode": "cors",
    "sec-fetch-dest": "empty",
    "referer": "http://localhost:5173/",
    "accept-encoding": "gzip, deflate, br, zstd",
    "accept-language": "en-US,en;q=0.9"
  },
  "body": {}
}
2025-05-28 14:18:31 [INFO]: Fetching user by id {
  "id": "247835e0-d07e-4de1-96aa-4cf405974537"
}
2025-05-28 14:18:31 [INFO]: Request received {
  "method": "GET",
  "url": "/api/users/b4266386-f9fe-4e73-8c61-b550812823f2",
  "headers": {
    "host": "localhost:3000",
    "connection": "keep-alive",
    "sec-ch-ua-platform": "\"Android\"",
    "authorization": "Bearer eyJhbGciOiJIUzI1NiIsInR5cCI6IkpXVCJ9.eyJpZCI6IjRkMjMxNTdkLTM5NjMtNGU4NS1iN2Y5LWU2YWQ3ZWU2YTRmMiIsInJvbGUiOiJjb29yZGluYXRvciIsImlhdCI6MTc0ODQxNjcxMSwiZXhwIjoxNzQ4NDI3NTExfQ.DF_UyrDmHlpYjeAnYWrgoLAv_CkMmPkXfZO3kVqoKJI",
    "user-agent": "Mozilla/5.0 (Linux; Android 6.0; Nexus 5 Build/MRA58N) AppleWebKit/537.36 (KHTML, like Gecko) Chrome/131.0.0.0 Mobile Safari/537.36",
    "accept": "application/json, text/plain, */*",
    "sec-ch-ua": "\"Google Chrome\";v=\"131\", \"Chromium\";v=\"131\", \"Not_A Brand\";v=\"24\"",
    "sec-ch-ua-mobile": "?1",
    "origin": "http://localhost:5173",
    "sec-fetch-site": "same-site",
    "sec-fetch-mode": "cors",
    "sec-fetch-dest": "empty",
    "referer": "http://localhost:5173/",
    "accept-encoding": "gzip, deflate, br, zstd",
    "accept-language": "en-US,en;q=0.9"
  },
  "body": {}
}
2025-05-28 14:18:31 [INFO]: Fetching user by id {
  "id": "b4266386-f9fe-4e73-8c61-b550812823f2"
}
2025-05-28 14:18:31 [INFO]: Request received {
  "method": "GET",
  "url": "/api/users/4d23157d-3963-4e85-b7f9-e6ad7ee6a4f2",
  "headers": {
    "host": "localhost:3000",
    "connection": "keep-alive",
    "sec-ch-ua-platform": "\"Android\"",
    "authorization": "Bearer eyJhbGciOiJIUzI1NiIsInR5cCI6IkpXVCJ9.eyJpZCI6IjRkMjMxNTdkLTM5NjMtNGU4NS1iN2Y5LWU2YWQ3ZWU2YTRmMiIsInJvbGUiOiJjb29yZGluYXRvciIsImlhdCI6MTc0ODQxNjcxMSwiZXhwIjoxNzQ4NDI3NTExfQ.DF_UyrDmHlpYjeAnYWrgoLAv_CkMmPkXfZO3kVqoKJI",
    "user-agent": "Mozilla/5.0 (Linux; Android 6.0; Nexus 5 Build/MRA58N) AppleWebKit/537.36 (KHTML, like Gecko) Chrome/131.0.0.0 Mobile Safari/537.36",
    "accept": "application/json, text/plain, */*",
    "sec-ch-ua": "\"Google Chrome\";v=\"131\", \"Chromium\";v=\"131\", \"Not_A Brand\";v=\"24\"",
    "sec-ch-ua-mobile": "?1",
    "origin": "http://localhost:5173",
    "sec-fetch-site": "same-site",
    "sec-fetch-mode": "cors",
    "sec-fetch-dest": "empty",
    "referer": "http://localhost:5173/",
    "accept-encoding": "gzip, deflate, br, zstd",
    "accept-language": "en-US,en;q=0.9",
    "if-none-match": "W/\"b1-soahVvYiGvQZjrLA9+PO1oNDG+A\""
  },
  "body": {}
}
2025-05-28 14:18:31 [INFO]: Fetching user by id {
  "id": "4d23157d-3963-4e85-b7f9-e6ad7ee6a4f2"
}
2025-05-28 14:18:31 [INFO]: Database query executed {
  "sql": "SELECT id, username, email, role, nationality, created_at FROM users WHERE id = $1",
  "params": [
    "247835e0-d07e-4de1-96aa-4cf405974537"
  ],
  "rowCount": 1,
  "duration": "39ms"
}
2025-05-28 14:18:31 [INFO]: Fetched user by id {
  "id": "247835e0-d07e-4de1-96aa-4cf405974537"
}
2025-05-28 14:18:31 [INFO]: Database query executed {
  "sql": "SELECT id, username, email, role, nationality, created_at FROM users WHERE id = $1",
  "params": [
    "b9c90a34-5b97-4a8c-a1a9-09d8ab9acf55"
  ],
  "rowCount": 1,
  "duration": "46ms"
}
2025-05-28 14:18:31 [INFO]: Fetched user by id {
  "id": "b9c90a34-5b97-4a8c-a1a9-09d8ab9acf55"
}
2025-05-28 14:18:31 [INFO]: Request received {
  "method": "GET",
  "url": "/api/users/247835e0-d07e-4de1-96aa-4cf405974537",
  "headers": {
    "host": "localhost:3000",
    "connection": "keep-alive",
    "sec-ch-ua-platform": "\"Android\"",
    "authorization": "Bearer eyJhbGciOiJIUzI1NiIsInR5cCI6IkpXVCJ9.eyJpZCI6IjRkMjMxNTdkLTM5NjMtNGU4NS1iN2Y5LWU2YWQ3ZWU2YTRmMiIsInJvbGUiOiJjb29yZGluYXRvciIsImlhdCI6MTc0ODQxNjcxMSwiZXhwIjoxNzQ4NDI3NTExfQ.DF_UyrDmHlpYjeAnYWrgoLAv_CkMmPkXfZO3kVqoKJI",
    "user-agent": "Mozilla/5.0 (Linux; Android 6.0; Nexus 5 Build/MRA58N) AppleWebKit/537.36 (KHTML, like Gecko) Chrome/131.0.0.0 Mobile Safari/537.36",
    "accept": "application/json, text/plain, */*",
    "sec-ch-ua": "\"Google Chrome\";v=\"131\", \"Chromium\";v=\"131\", \"Not_A Brand\";v=\"24\"",
    "sec-ch-ua-mobile": "?1",
    "origin": "http://localhost:5173",
    "sec-fetch-site": "same-site",
    "sec-fetch-mode": "cors",
    "sec-fetch-dest": "empty",
    "referer": "http://localhost:5173/",
    "accept-encoding": "gzip, deflate, br, zstd",
    "accept-language": "en-US,en;q=0.9",
    "if-none-match": "W/\"aa-9LXSUVazTpFJHHP2hN8+wkdif8k\""
  },
  "body": {}
}
2025-05-28 14:18:31 [INFO]: Fetching user by id {
  "id": "247835e0-d07e-4de1-96aa-4cf405974537"
}
2025-05-28 14:18:31 [INFO]: Request received {
  "method": "GET",
  "url": "/api/users/b9c90a34-5b97-4a8c-a1a9-09d8ab9acf55",
  "headers": {
    "host": "localhost:3000",
    "connection": "keep-alive",
    "sec-ch-ua-platform": "\"Android\"",
    "authorization": "Bearer eyJhbGciOiJIUzI1NiIsInR5cCI6IkpXVCJ9.eyJpZCI6IjRkMjMxNTdkLTM5NjMtNGU4NS1iN2Y5LWU2YWQ3ZWU2YTRmMiIsInJvbGUiOiJjb29yZGluYXRvciIsImlhdCI6MTc0ODQxNjcxMSwiZXhwIjoxNzQ4NDI3NTExfQ.DF_UyrDmHlpYjeAnYWrgoLAv_CkMmPkXfZO3kVqoKJI",
    "user-agent": "Mozilla/5.0 (Linux; Android 6.0; Nexus 5 Build/MRA58N) AppleWebKit/537.36 (KHTML, like Gecko) Chrome/131.0.0.0 Mobile Safari/537.36",
    "accept": "application/json, text/plain, */*",
    "sec-ch-ua": "\"Google Chrome\";v=\"131\", \"Chromium\";v=\"131\", \"Not_A Brand\";v=\"24\"",
    "sec-ch-ua-mobile": "?1",
    "origin": "http://localhost:5173",
    "sec-fetch-site": "same-site",
    "sec-fetch-mode": "cors",
    "sec-fetch-dest": "empty",
    "referer": "http://localhost:5173/",
    "accept-encoding": "gzip, deflate, br, zstd",
    "accept-language": "en-US,en;q=0.9",
    "if-none-match": "W/\"a9-1N2mtMCC8Sa+eeoFr9HVUJDZkO8\""
  },
  "body": {}
}
2025-05-28 14:18:31 [INFO]: Fetching user by id {
  "id": "b9c90a34-5b97-4a8c-a1a9-09d8ab9acf55"
}
2025-05-28 14:18:31 [INFO]: Database query executed {
  "sql": "SELECT id, username, email, role, nationality, created_at FROM users WHERE id = $1",
  "params": [
    "247835e0-d07e-4de1-96aa-4cf405974537"
  ],
  "rowCount": 1,
  "duration": "46ms"
}
2025-05-28 14:18:31 [INFO]: Fetched user by id {
  "id": "247835e0-d07e-4de1-96aa-4cf405974537"
}
2025-05-28 14:18:31 [INFO]: Database query executed {
  "sql": "SELECT id, username, email, role, nationality, created_at FROM users WHERE id = $1",
  "params": [
    "b9c90a34-5b97-4a8c-a1a9-09d8ab9acf55"
  ],
  "rowCount": 1,
  "duration": "45ms"
}
2025-05-28 14:18:31 [INFO]: Fetched user by id {
  "id": "b9c90a34-5b97-4a8c-a1a9-09d8ab9acf55"
}
2025-05-28 14:18:32 [INFO]: Database query executed {
  "sql": "SELECT id, username, email, role, nationality, created_at FROM users WHERE id = $1",
  "params": [
    "b4266386-f9fe-4e73-8c61-b550812823f2"
  ],
  "rowCount": 1,
  "duration": "226ms"
}
2025-05-28 14:18:32 [INFO]: Fetched user by id {
  "id": "b4266386-f9fe-4e73-8c61-b550812823f2"
}
2025-05-28 14:18:32 [INFO]: Request received {
  "method": "GET",
  "url": "/api/users/b4266386-f9fe-4e73-8c61-b550812823f2",
  "headers": {
    "host": "localhost:3000",
    "connection": "keep-alive",
    "sec-ch-ua-platform": "\"Android\"",
    "authorization": "Bearer eyJhbGciOiJIUzI1NiIsInR5cCI6IkpXVCJ9.eyJpZCI6IjRkMjMxNTdkLTM5NjMtNGU4NS1iN2Y5LWU2YWQ3ZWU2YTRmMiIsInJvbGUiOiJjb29yZGluYXRvciIsImlhdCI6MTc0ODQxNjcxMSwiZXhwIjoxNzQ4NDI3NTExfQ.DF_UyrDmHlpYjeAnYWrgoLAv_CkMmPkXfZO3kVqoKJI",
    "user-agent": "Mozilla/5.0 (Linux; Android 6.0; Nexus 5 Build/MRA58N) AppleWebKit/537.36 (KHTML, like Gecko) Chrome/131.0.0.0 Mobile Safari/537.36",
    "accept": "application/json, text/plain, */*",
    "sec-ch-ua": "\"Google Chrome\";v=\"131\", \"Chromium\";v=\"131\", \"Not_A Brand\";v=\"24\"",
    "sec-ch-ua-mobile": "?1",
    "origin": "http://localhost:5173",
    "sec-fetch-site": "same-site",
    "sec-fetch-mode": "cors",
    "sec-fetch-dest": "empty",
    "referer": "http://localhost:5173/",
    "accept-encoding": "gzip, deflate, br, zstd",
    "accept-language": "en-US,en;q=0.9",
    "if-none-match": "W/\"ab-qJVB9++5mAFm9ydKKqC0Q3BHh6U\""
  },
  "body": {}
}
2025-05-28 14:18:32 [INFO]: Fetching user by id {
  "id": "b4266386-f9fe-4e73-8c61-b550812823f2"
}
2025-05-28 14:18:32 [INFO]: Database query executed {
  "sql": "SELECT id, username, email, role, nationality, created_at FROM users WHERE id = $1",
  "params": [
    "4d23157d-3963-4e85-b7f9-e6ad7ee6a4f2"
  ],
  "rowCount": 1,
  "duration": "235ms"
}
2025-05-28 14:18:32 [INFO]: Fetched user by id {
  "id": "4d23157d-3963-4e85-b7f9-e6ad7ee6a4f2"
}
2025-05-28 14:18:32 [INFO]: Request received {
  "method": "GET",
  "url": "/api/users/4d23157d-3963-4e85-b7f9-e6ad7ee6a4f2",
  "headers": {
    "host": "localhost:3000",
    "connection": "keep-alive",
    "sec-ch-ua-platform": "\"Android\"",
    "authorization": "Bearer eyJhbGciOiJIUzI1NiIsInR5cCI6IkpXVCJ9.eyJpZCI6IjRkMjMxNTdkLTM5NjMtNGU4NS1iN2Y5LWU2YWQ3ZWU2YTRmMiIsInJvbGUiOiJjb29yZGluYXRvciIsImlhdCI6MTc0ODQxNjcxMSwiZXhwIjoxNzQ4NDI3NTExfQ.DF_UyrDmHlpYjeAnYWrgoLAv_CkMmPkXfZO3kVqoKJI",
    "user-agent": "Mozilla/5.0 (Linux; Android 6.0; Nexus 5 Build/MRA58N) AppleWebKit/537.36 (KHTML, like Gecko) Chrome/131.0.0.0 Mobile Safari/537.36",
    "accept": "application/json, text/plain, */*",
    "sec-ch-ua": "\"Google Chrome\";v=\"131\", \"Chromium\";v=\"131\", \"Not_A Brand\";v=\"24\"",
    "sec-ch-ua-mobile": "?1",
    "origin": "http://localhost:5173",
    "sec-fetch-site": "same-site",
    "sec-fetch-mode": "cors",
    "sec-fetch-dest": "empty",
    "referer": "http://localhost:5173/",
    "accept-encoding": "gzip, deflate, br, zstd",
    "accept-language": "en-US,en;q=0.9",
    "if-none-match": "W/\"b1-soahVvYiGvQZjrLA9+PO1oNDG+A\""
  },
  "body": {}
}
2025-05-28 14:18:32 [INFO]: Fetching user by id {
  "id": "4d23157d-3963-4e85-b7f9-e6ad7ee6a4f2"
}
2025-05-28 14:18:32 [INFO]: Database query executed {
  "sql": "SELECT id, username, email, role, nationality, created_at FROM users WHERE id = $1",
  "params": [
    "b4266386-f9fe-4e73-8c61-b550812823f2"
  ],
  "rowCount": 1,
  "duration": "40ms"
}
2025-05-28 14:18:32 [INFO]: Fetched user by id {
  "id": "b4266386-f9fe-4e73-8c61-b550812823f2"
}
2025-05-28 14:18:32 [INFO]: Database query executed {
  "sql": "SELECT id, username, email, role, nationality, created_at FROM users WHERE id = $1",
  "params": [
    "4d23157d-3963-4e85-b7f9-e6ad7ee6a4f2"
  ],
  "rowCount": 1,
  "duration": "44ms"
}
2025-05-28 14:18:32 [INFO]: Fetched user by id {
  "id": "4d23157d-3963-4e85-b7f9-e6ad7ee6a4f2"
}
2025-05-28 14:18:46 [INFO]: Request received {
  "method": "GET",
  "url": "/api/childattendances",
  "headers": {
    "host": "localhost:3000",
    "connection": "keep-alive",
    "sec-ch-ua-platform": "\"Android\"",
    "authorization": "Bearer eyJhbGciOiJIUzI1NiIsInR5cCI6IkpXVCJ9.eyJpZCI6IjRkMjMxNTdkLTM5NjMtNGU4NS1iN2Y5LWU2YWQ3ZWU2YTRmMiIsInJvbGUiOiJjb29yZGluYXRvciIsImlhdCI6MTc0ODQxNjcxMSwiZXhwIjoxNzQ4NDI3NTExfQ.DF_UyrDmHlpYjeAnYWrgoLAv_CkMmPkXfZO3kVqoKJI",
    "user-agent": "Mozilla/5.0 (Linux; Android 6.0; Nexus 5 Build/MRA58N) AppleWebKit/537.36 (KHTML, like Gecko) Chrome/131.0.0.0 Mobile Safari/537.36",
    "accept": "application/json, text/plain, */*",
    "sec-ch-ua": "\"Google Chrome\";v=\"131\", \"Chromium\";v=\"131\", \"Not_A Brand\";v=\"24\"",
    "sec-ch-ua-mobile": "?1",
    "origin": "http://localhost:5173",
    "sec-fetch-site": "same-site",
    "sec-fetch-mode": "cors",
    "sec-fetch-dest": "empty",
    "referer": "http://localhost:5173/",
    "accept-encoding": "gzip, deflate, br, zstd",
    "accept-language": "en-US,en;q=0.9"
  },
  "body": {}
}
2025-05-28 14:18:46 [INFO]: Request received {
  "method": "GET",
  "url": "/api/users/4d23157d-3963-4e85-b7f9-e6ad7ee6a4f2",
  "headers": {
    "host": "localhost:3000",
    "connection": "keep-alive",
    "sec-ch-ua-platform": "\"Android\"",
    "authorization": "Bearer eyJhbGciOiJIUzI1NiIsInR5cCI6IkpXVCJ9.eyJpZCI6IjRkMjMxNTdkLTM5NjMtNGU4NS1iN2Y5LWU2YWQ3ZWU2YTRmMiIsInJvbGUiOiJjb29yZGluYXRvciIsImlhdCI6MTc0ODQxNjcxMSwiZXhwIjoxNzQ4NDI3NTExfQ.DF_UyrDmHlpYjeAnYWrgoLAv_CkMmPkXfZO3kVqoKJI",
    "user-agent": "Mozilla/5.0 (Linux; Android 6.0; Nexus 5 Build/MRA58N) AppleWebKit/537.36 (KHTML, like Gecko) Chrome/131.0.0.0 Mobile Safari/537.36",
    "accept": "application/json, text/plain, */*",
    "sec-ch-ua": "\"Google Chrome\";v=\"131\", \"Chromium\";v=\"131\", \"Not_A Brand\";v=\"24\"",
    "sec-ch-ua-mobile": "?1",
    "origin": "http://localhost:5173",
    "sec-fetch-site": "same-site",
    "sec-fetch-mode": "cors",
    "sec-fetch-dest": "empty",
    "referer": "http://localhost:5173/",
    "accept-encoding": "gzip, deflate, br, zstd",
    "accept-language": "en-US,en;q=0.9",
    "if-none-match": "W/\"b1-soahVvYiGvQZjrLA9+PO1oNDG+A\""
  },
  "body": {}
}
2025-05-28 14:18:46 [INFO]: Fetching user by id {
  "id": "4d23157d-3963-4e85-b7f9-e6ad7ee6a4f2"
}
2025-05-28 14:18:46 [INFO]: Request received {
  "method": "GET",
  "url": "/api/users",
  "headers": {
    "host": "localhost:3000",
    "connection": "keep-alive",
    "sec-ch-ua-platform": "\"Android\"",
    "authorization": "Bearer eyJhbGciOiJIUzI1NiIsInR5cCI6IkpXVCJ9.eyJpZCI6IjRkMjMxNTdkLTM5NjMtNGU4NS1iN2Y5LWU2YWQ3ZWU2YTRmMiIsInJvbGUiOiJjb29yZGluYXRvciIsImlhdCI6MTc0ODQxNjcxMSwiZXhwIjoxNzQ4NDI3NTExfQ.DF_UyrDmHlpYjeAnYWrgoLAv_CkMmPkXfZO3kVqoKJI",
    "user-agent": "Mozilla/5.0 (Linux; Android 6.0; Nexus 5 Build/MRA58N) AppleWebKit/537.36 (KHTML, like Gecko) Chrome/131.0.0.0 Mobile Safari/537.36",
    "accept": "application/json, text/plain, */*",
    "sec-ch-ua": "\"Google Chrome\";v=\"131\", \"Chromium\";v=\"131\", \"Not_A Brand\";v=\"24\"",
    "sec-ch-ua-mobile": "?1",
    "origin": "http://localhost:5173",
    "sec-fetch-site": "same-site",
    "sec-fetch-mode": "cors",
    "sec-fetch-dest": "empty",
    "referer": "http://localhost:5173/",
    "accept-encoding": "gzip, deflate, br, zstd",
    "accept-language": "en-US,en;q=0.9",
    "if-none-match": "W/\"4b7-nxt4E/qpmJ5hSLuZZQvDmh5l7qA\""
  },
  "body": {}
}
2025-05-28 14:18:46 [INFO]: Fetching all users
2025-05-28 14:18:46 [INFO]: Database query executed {
  "sql": "SELECT id, username, email, role, nationality, created_at FROM users",
  "params": [],
  "rowCount": 7,
  "duration": "193ms"
}
2025-05-28 14:18:46 [INFO]: Fetched all users
2025-05-28 14:18:46 [INFO]: Request received {
  "method": "GET",
  "url": "/api/users",
  "headers": {
    "host": "localhost:3000",
    "connection": "keep-alive",
    "sec-ch-ua-platform": "\"Android\"",
    "authorization": "Bearer eyJhbGciOiJIUzI1NiIsInR5cCI6IkpXVCJ9.eyJpZCI6IjRkMjMxNTdkLTM5NjMtNGU4NS1iN2Y5LWU2YWQ3ZWU2YTRmMiIsInJvbGUiOiJjb29yZGluYXRvciIsImlhdCI6MTc0ODQxNjcxMSwiZXhwIjoxNzQ4NDI3NTExfQ.DF_UyrDmHlpYjeAnYWrgoLAv_CkMmPkXfZO3kVqoKJI",
    "user-agent": "Mozilla/5.0 (Linux; Android 6.0; Nexus 5 Build/MRA58N) AppleWebKit/537.36 (KHTML, like Gecko) Chrome/131.0.0.0 Mobile Safari/537.36",
    "accept": "application/json, text/plain, */*",
    "sec-ch-ua": "\"Google Chrome\";v=\"131\", \"Chromium\";v=\"131\", \"Not_A Brand\";v=\"24\"",
    "sec-ch-ua-mobile": "?1",
    "origin": "http://localhost:5173",
    "sec-fetch-site": "same-site",
    "sec-fetch-mode": "cors",
    "sec-fetch-dest": "empty",
    "referer": "http://localhost:5173/",
    "accept-encoding": "gzip, deflate, br, zstd",
    "accept-language": "en-US,en;q=0.9",
    "if-none-match": "W/\"4b7-nxt4E/qpmJ5hSLuZZQvDmh5l7qA\""
  },
  "body": {}
}
2025-05-28 14:18:46 [INFO]: Fetching all users
2025-05-28 14:18:46 [INFO]: Database query executed {
  "sql": "SELECT id, username, email, role, nationality, created_at FROM users WHERE id = $1",
  "params": [
    "4d23157d-3963-4e85-b7f9-e6ad7ee6a4f2"
  ],
  "rowCount": 1,
  "duration": "221ms"
}
2025-05-28 14:18:46 [INFO]: Fetched user by id {
  "id": "4d23157d-3963-4e85-b7f9-e6ad7ee6a4f2"
}
2025-05-28 14:18:46 [INFO]: Request received {
  "method": "GET",
  "url": "/api/users/4d23157d-3963-4e85-b7f9-e6ad7ee6a4f2",
  "headers": {
    "host": "localhost:3000",
    "connection": "keep-alive",
    "sec-ch-ua-platform": "\"Android\"",
    "authorization": "Bearer eyJhbGciOiJIUzI1NiIsInR5cCI6IkpXVCJ9.eyJpZCI6IjRkMjMxNTdkLTM5NjMtNGU4NS1iN2Y5LWU2YWQ3ZWU2YTRmMiIsInJvbGUiOiJjb29yZGluYXRvciIsImlhdCI6MTc0ODQxNjcxMSwiZXhwIjoxNzQ4NDI3NTExfQ.DF_UyrDmHlpYjeAnYWrgoLAv_CkMmPkXfZO3kVqoKJI",
    "user-agent": "Mozilla/5.0 (Linux; Android 6.0; Nexus 5 Build/MRA58N) AppleWebKit/537.36 (KHTML, like Gecko) Chrome/131.0.0.0 Mobile Safari/537.36",
    "accept": "application/json, text/plain, */*",
    "sec-ch-ua": "\"Google Chrome\";v=\"131\", \"Chromium\";v=\"131\", \"Not_A Brand\";v=\"24\"",
    "sec-ch-ua-mobile": "?1",
    "origin": "http://localhost:5173",
    "sec-fetch-site": "same-site",
    "sec-fetch-mode": "cors",
    "sec-fetch-dest": "empty",
    "referer": "http://localhost:5173/",
    "accept-encoding": "gzip, deflate, br, zstd",
    "accept-language": "en-US,en;q=0.9",
    "if-none-match": "W/\"b1-soahVvYiGvQZjrLA9+PO1oNDG+A\""
  },
  "body": {}
}
2025-05-28 14:18:46 [INFO]: Fetching user by id {
  "id": "4d23157d-3963-4e85-b7f9-e6ad7ee6a4f2"
}
2025-05-28 14:18:46 [INFO]: Request received {
  "method": "GET",
  "url": "/api/childattendances",
  "headers": {
    "host": "localhost:3000",
    "connection": "keep-alive",
    "sec-ch-ua-platform": "\"Android\"",
    "authorization": "Bearer eyJhbGciOiJIUzI1NiIsInR5cCI6IkpXVCJ9.eyJpZCI6IjRkMjMxNTdkLTM5NjMtNGU4NS1iN2Y5LWU2YWQ3ZWU2YTRmMiIsInJvbGUiOiJjb29yZGluYXRvciIsImlhdCI6MTc0ODQxNjcxMSwiZXhwIjoxNzQ4NDI3NTExfQ.DF_UyrDmHlpYjeAnYWrgoLAv_CkMmPkXfZO3kVqoKJI",
    "user-agent": "Mozilla/5.0 (Linux; Android 6.0; Nexus 5 Build/MRA58N) AppleWebKit/537.36 (KHTML, like Gecko) Chrome/131.0.0.0 Mobile Safari/537.36",
    "accept": "application/json, text/plain, */*",
    "sec-ch-ua": "\"Google Chrome\";v=\"131\", \"Chromium\";v=\"131\", \"Not_A Brand\";v=\"24\"",
    "sec-ch-ua-mobile": "?1",
    "origin": "http://localhost:5173",
    "sec-fetch-site": "same-site",
    "sec-fetch-mode": "cors",
    "sec-fetch-dest": "empty",
    "referer": "http://localhost:5173/",
    "accept-encoding": "gzip, deflate, br, zstd",
    "accept-language": "en-US,en;q=0.9",
    "if-none-match": "W/\"349-79S82scIu5tm0MWXR+jKBCsbtIE\""
  },
  "body": {}
}
2025-05-28 14:18:46 [INFO]: Database query executed {
  "sql": "SELECT id, username, email, role, nationality, created_at FROM users",
  "params": [],
  "rowCount": 7,
  "duration": "61ms"
}
2025-05-28 14:18:46 [INFO]: Fetched all users
2025-05-28 14:18:46 [INFO]: Database query executed {
  "sql": "SELECT id, username, email, role, nationality, created_at FROM users WHERE id = $1",
  "params": [
    "4d23157d-3963-4e85-b7f9-e6ad7ee6a4f2"
  ],
  "rowCount": 1,
  "duration": "51ms"
}
2025-05-28 14:18:46 [INFO]: Fetched user by id {
  "id": "4d23157d-3963-4e85-b7f9-e6ad7ee6a4f2"
}
2025-05-28 14:19:01 [INFO]: Request received {
  "method": "GET",
  "url": "/api/childattendances",
  "headers": {
    "host": "localhost:3000",
    "connection": "keep-alive",
    "sec-ch-ua-platform": "\"Android\"",
    "authorization": "Bearer eyJhbGciOiJIUzI1NiIsInR5cCI6IkpXVCJ9.eyJpZCI6IjRkMjMxNTdkLTM5NjMtNGU4NS1iN2Y5LWU2YWQ3ZWU2YTRmMiIsInJvbGUiOiJjb29yZGluYXRvciIsImlhdCI6MTc0ODQxNjcxMSwiZXhwIjoxNzQ4NDI3NTExfQ.DF_UyrDmHlpYjeAnYWrgoLAv_CkMmPkXfZO3kVqoKJI",
    "user-agent": "Mozilla/5.0 (Linux; Android 6.0; Nexus 5 Build/MRA58N) AppleWebKit/537.36 (KHTML, like Gecko) Chrome/131.0.0.0 Mobile Safari/537.36",
    "accept": "application/json, text/plain, */*",
    "sec-ch-ua": "\"Google Chrome\";v=\"131\", \"Chromium\";v=\"131\", \"Not_A Brand\";v=\"24\"",
    "sec-ch-ua-mobile": "?1",
    "origin": "http://localhost:5173",
    "sec-fetch-site": "same-site",
    "sec-fetch-mode": "cors",
    "sec-fetch-dest": "empty",
    "referer": "http://localhost:5173/",
    "accept-encoding": "gzip, deflate, br, zstd",
    "accept-language": "en-US,en;q=0.9",
    "if-none-match": "W/\"349-79S82scIu5tm0MWXR+jKBCsbtIE\""
  },
  "body": {}
}
2025-05-28 14:19:01 [INFO]: Request received {
  "method": "GET",
  "url": "/api/users/4d23157d-3963-4e85-b7f9-e6ad7ee6a4f2",
  "headers": {
    "host": "localhost:3000",
    "connection": "keep-alive",
    "sec-ch-ua-platform": "\"Android\"",
    "authorization": "Bearer eyJhbGciOiJIUzI1NiIsInR5cCI6IkpXVCJ9.eyJpZCI6IjRkMjMxNTdkLTM5NjMtNGU4NS1iN2Y5LWU2YWQ3ZWU2YTRmMiIsInJvbGUiOiJjb29yZGluYXRvciIsImlhdCI6MTc0ODQxNjcxMSwiZXhwIjoxNzQ4NDI3NTExfQ.DF_UyrDmHlpYjeAnYWrgoLAv_CkMmPkXfZO3kVqoKJI",
    "user-agent": "Mozilla/5.0 (Linux; Android 6.0; Nexus 5 Build/MRA58N) AppleWebKit/537.36 (KHTML, like Gecko) Chrome/131.0.0.0 Mobile Safari/537.36",
    "accept": "application/json, text/plain, */*",
    "sec-ch-ua": "\"Google Chrome\";v=\"131\", \"Chromium\";v=\"131\", \"Not_A Brand\";v=\"24\"",
    "sec-ch-ua-mobile": "?1",
    "origin": "http://localhost:5173",
    "sec-fetch-site": "same-site",
    "sec-fetch-mode": "cors",
    "sec-fetch-dest": "empty",
    "referer": "http://localhost:5173/",
    "accept-encoding": "gzip, deflate, br, zstd",
    "accept-language": "en-US,en;q=0.9",
    "if-none-match": "W/\"b1-soahVvYiGvQZjrLA9+PO1oNDG+A\""
  },
  "body": {}
}
2025-05-28 14:19:01 [INFO]: Fetching user by id {
  "id": "4d23157d-3963-4e85-b7f9-e6ad7ee6a4f2"
}
2025-05-28 14:19:01 [INFO]: Request received {
  "method": "GET",
  "url": "/api/users",
  "headers": {
    "host": "localhost:3000",
    "connection": "keep-alive",
    "sec-ch-ua-platform": "\"Android\"",
    "authorization": "Bearer eyJhbGciOiJIUzI1NiIsInR5cCI6IkpXVCJ9.eyJpZCI6IjRkMjMxNTdkLTM5NjMtNGU4NS1iN2Y5LWU2YWQ3ZWU2YTRmMiIsInJvbGUiOiJjb29yZGluYXRvciIsImlhdCI6MTc0ODQxNjcxMSwiZXhwIjoxNzQ4NDI3NTExfQ.DF_UyrDmHlpYjeAnYWrgoLAv_CkMmPkXfZO3kVqoKJI",
    "user-agent": "Mozilla/5.0 (Linux; Android 6.0; Nexus 5 Build/MRA58N) AppleWebKit/537.36 (KHTML, like Gecko) Chrome/131.0.0.0 Mobile Safari/537.36",
    "accept": "application/json, text/plain, */*",
    "sec-ch-ua": "\"Google Chrome\";v=\"131\", \"Chromium\";v=\"131\", \"Not_A Brand\";v=\"24\"",
    "sec-ch-ua-mobile": "?1",
    "origin": "http://localhost:5173",
    "sec-fetch-site": "same-site",
    "sec-fetch-mode": "cors",
    "sec-fetch-dest": "empty",
    "referer": "http://localhost:5173/",
    "accept-encoding": "gzip, deflate, br, zstd",
    "accept-language": "en-US,en;q=0.9",
    "if-none-match": "W/\"4b7-nxt4E/qpmJ5hSLuZZQvDmh5l7qA\""
  },
  "body": {}
}
2025-05-28 14:19:01 [INFO]: Fetching all users
2025-05-28 14:19:01 [INFO]: Database query executed {
  "sql": "SELECT id, username, email, role, nationality, created_at FROM users WHERE id = $1",
  "params": [
    "4d23157d-3963-4e85-b7f9-e6ad7ee6a4f2"
  ],
  "rowCount": 1,
  "duration": "186ms"
}
2025-05-28 14:19:01 [INFO]: Fetched user by id {
  "id": "4d23157d-3963-4e85-b7f9-e6ad7ee6a4f2"
}
2025-05-28 14:19:01 [INFO]: Request received {
  "method": "GET",
  "url": "/api/users/4d23157d-3963-4e85-b7f9-e6ad7ee6a4f2",
  "headers": {
    "host": "localhost:3000",
    "connection": "keep-alive",
    "sec-ch-ua-platform": "\"Android\"",
    "authorization": "Bearer eyJhbGciOiJIUzI1NiIsInR5cCI6IkpXVCJ9.eyJpZCI6IjRkMjMxNTdkLTM5NjMtNGU4NS1iN2Y5LWU2YWQ3ZWU2YTRmMiIsInJvbGUiOiJjb29yZGluYXRvciIsImlhdCI6MTc0ODQxNjcxMSwiZXhwIjoxNzQ4NDI3NTExfQ.DF_UyrDmHlpYjeAnYWrgoLAv_CkMmPkXfZO3kVqoKJI",
    "user-agent": "Mozilla/5.0 (Linux; Android 6.0; Nexus 5 Build/MRA58N) AppleWebKit/537.36 (KHTML, like Gecko) Chrome/131.0.0.0 Mobile Safari/537.36",
    "accept": "application/json, text/plain, */*",
    "sec-ch-ua": "\"Google Chrome\";v=\"131\", \"Chromium\";v=\"131\", \"Not_A Brand\";v=\"24\"",
    "sec-ch-ua-mobile": "?1",
    "origin": "http://localhost:5173",
    "sec-fetch-site": "same-site",
    "sec-fetch-mode": "cors",
    "sec-fetch-dest": "empty",
    "referer": "http://localhost:5173/",
    "accept-encoding": "gzip, deflate, br, zstd",
    "accept-language": "en-US,en;q=0.9",
    "if-none-match": "W/\"b1-soahVvYiGvQZjrLA9+PO1oNDG+A\""
  },
  "body": {}
}
2025-05-28 14:19:01 [INFO]: Fetching user by id {
  "id": "4d23157d-3963-4e85-b7f9-e6ad7ee6a4f2"
}
2025-05-28 14:19:01 [INFO]: Request received {
  "method": "GET",
  "url": "/api/childattendances",
  "headers": {
    "host": "localhost:3000",
    "connection": "keep-alive",
    "sec-ch-ua-platform": "\"Android\"",
    "authorization": "Bearer eyJhbGciOiJIUzI1NiIsInR5cCI6IkpXVCJ9.eyJpZCI6IjRkMjMxNTdkLTM5NjMtNGU4NS1iN2Y5LWU2YWQ3ZWU2YTRmMiIsInJvbGUiOiJjb29yZGluYXRvciIsImlhdCI6MTc0ODQxNjcxMSwiZXhwIjoxNzQ4NDI3NTExfQ.DF_UyrDmHlpYjeAnYWrgoLAv_CkMmPkXfZO3kVqoKJI",
    "user-agent": "Mozilla/5.0 (Linux; Android 6.0; Nexus 5 Build/MRA58N) AppleWebKit/537.36 (KHTML, like Gecko) Chrome/131.0.0.0 Mobile Safari/537.36",
    "accept": "application/json, text/plain, */*",
    "sec-ch-ua": "\"Google Chrome\";v=\"131\", \"Chromium\";v=\"131\", \"Not_A Brand\";v=\"24\"",
    "sec-ch-ua-mobile": "?1",
    "origin": "http://localhost:5173",
    "sec-fetch-site": "same-site",
    "sec-fetch-mode": "cors",
    "sec-fetch-dest": "empty",
    "referer": "http://localhost:5173/",
    "accept-encoding": "gzip, deflate, br, zstd",
    "accept-language": "en-US,en;q=0.9",
    "if-none-match": "W/\"349-79S82scIu5tm0MWXR+jKBCsbtIE\""
  },
  "body": {}
}
2025-05-28 14:19:01 [INFO]: Database query executed {
  "sql": "SELECT id, username, email, role, nationality, created_at FROM users",
  "params": [],
  "rowCount": 7,
  "duration": "207ms"
}
2025-05-28 14:19:01 [INFO]: Fetched all users
2025-05-28 14:19:01 [INFO]: Request received {
  "method": "GET",
  "url": "/api/users",
  "headers": {
    "host": "localhost:3000",
    "connection": "keep-alive",
    "sec-ch-ua-platform": "\"Android\"",
    "authorization": "Bearer eyJhbGciOiJIUzI1NiIsInR5cCI6IkpXVCJ9.eyJpZCI6IjRkMjMxNTdkLTM5NjMtNGU4NS1iN2Y5LWU2YWQ3ZWU2YTRmMiIsInJvbGUiOiJjb29yZGluYXRvciIsImlhdCI6MTc0ODQxNjcxMSwiZXhwIjoxNzQ4NDI3NTExfQ.DF_UyrDmHlpYjeAnYWrgoLAv_CkMmPkXfZO3kVqoKJI",
    "user-agent": "Mozilla/5.0 (Linux; Android 6.0; Nexus 5 Build/MRA58N) AppleWebKit/537.36 (KHTML, like Gecko) Chrome/131.0.0.0 Mobile Safari/537.36",
    "accept": "application/json, text/plain, */*",
    "sec-ch-ua": "\"Google Chrome\";v=\"131\", \"Chromium\";v=\"131\", \"Not_A Brand\";v=\"24\"",
    "sec-ch-ua-mobile": "?1",
    "origin": "http://localhost:5173",
    "sec-fetch-site": "same-site",
    "sec-fetch-mode": "cors",
    "sec-fetch-dest": "empty",
    "referer": "http://localhost:5173/",
    "accept-encoding": "gzip, deflate, br, zstd",
    "accept-language": "en-US,en;q=0.9",
    "if-none-match": "W/\"4b7-nxt4E/qpmJ5hSLuZZQvDmh5l7qA\""
  },
  "body": {}
}
2025-05-28 14:19:01 [INFO]: Fetching all users
2025-05-28 14:19:01 [INFO]: Database query executed {
  "sql": "SELECT id, username, email, role, nationality, created_at FROM users WHERE id = $1",
  "params": [
    "4d23157d-3963-4e85-b7f9-e6ad7ee6a4f2"
  ],
  "rowCount": 1,
  "duration": "36ms"
}
2025-05-28 14:19:01 [INFO]: Fetched user by id {
  "id": "4d23157d-3963-4e85-b7f9-e6ad7ee6a4f2"
}
2025-05-28 14:19:01 [INFO]: Database query executed {
  "sql": "SELECT id, username, email, role, nationality, created_at FROM users",
  "params": [],
  "rowCount": 7,
  "duration": "41ms"
}
2025-05-28 14:19:01 [INFO]: Fetched all users
2025-05-28 14:20:18 [INFO]: Request received {
  "method": "GET",
  "url": "/api/users/4d23157d-3963-4e85-b7f9-e6ad7ee6a4f2",
  "headers": {
    "host": "localhost:3000",
    "connection": "keep-alive",
    "sec-ch-ua-platform": "\"Android\"",
    "authorization": "Bearer eyJhbGciOiJIUzI1NiIsInR5cCI6IkpXVCJ9.eyJpZCI6IjRkMjMxNTdkLTM5NjMtNGU4NS1iN2Y5LWU2YWQ3ZWU2YTRmMiIsInJvbGUiOiJjb29yZGluYXRvciIsImlhdCI6MTc0ODQxNjcxMSwiZXhwIjoxNzQ4NDI3NTExfQ.DF_UyrDmHlpYjeAnYWrgoLAv_CkMmPkXfZO3kVqoKJI",
    "user-agent": "Mozilla/5.0 (Linux; Android 6.0; Nexus 5 Build/MRA58N) AppleWebKit/537.36 (KHTML, like Gecko) Chrome/131.0.0.0 Mobile Safari/537.36",
    "accept": "application/json, text/plain, */*",
    "sec-ch-ua": "\"Google Chrome\";v=\"131\", \"Chromium\";v=\"131\", \"Not_A Brand\";v=\"24\"",
    "sec-ch-ua-mobile": "?1",
    "origin": "http://localhost:5173",
    "sec-fetch-site": "same-site",
    "sec-fetch-mode": "cors",
    "sec-fetch-dest": "empty",
    "referer": "http://localhost:5173/",
    "accept-encoding": "gzip, deflate, br, zstd",
    "accept-language": "en-US,en;q=0.9",
    "if-none-match": "W/\"b1-soahVvYiGvQZjrLA9+PO1oNDG+A\""
  },
  "body": {}
}
2025-05-28 14:20:18 [INFO]: Fetching user by id {
  "id": "4d23157d-3963-4e85-b7f9-e6ad7ee6a4f2"
}
2025-05-28 14:20:18 [INFO]: Request received {
  "method": "GET",
  "url": "/api/users",
  "headers": {
    "host": "localhost:3000",
    "connection": "keep-alive",
    "sec-ch-ua-platform": "\"Android\"",
    "authorization": "Bearer eyJhbGciOiJIUzI1NiIsInR5cCI6IkpXVCJ9.eyJpZCI6IjRkMjMxNTdkLTM5NjMtNGU4NS1iN2Y5LWU2YWQ3ZWU2YTRmMiIsInJvbGUiOiJjb29yZGluYXRvciIsImlhdCI6MTc0ODQxNjcxMSwiZXhwIjoxNzQ4NDI3NTExfQ.DF_UyrDmHlpYjeAnYWrgoLAv_CkMmPkXfZO3kVqoKJI",
    "user-agent": "Mozilla/5.0 (Linux; Android 6.0; Nexus 5 Build/MRA58N) AppleWebKit/537.36 (KHTML, like Gecko) Chrome/131.0.0.0 Mobile Safari/537.36",
    "accept": "application/json, text/plain, */*",
    "sec-ch-ua": "\"Google Chrome\";v=\"131\", \"Chromium\";v=\"131\", \"Not_A Brand\";v=\"24\"",
    "sec-ch-ua-mobile": "?1",
    "origin": "http://localhost:5173",
    "sec-fetch-site": "same-site",
    "sec-fetch-mode": "cors",
    "sec-fetch-dest": "empty",
    "referer": "http://localhost:5173/",
    "accept-encoding": "gzip, deflate, br, zstd",
    "accept-language": "en-US,en;q=0.9",
    "if-none-match": "W/\"4b7-nxt4E/qpmJ5hSLuZZQvDmh5l7qA\""
  },
  "body": {}
}
2025-05-28 14:20:18 [INFO]: Fetching all users
2025-05-28 14:20:18 [INFO]: Request received {
  "method": "GET",
  "url": "/api/childattendances",
  "headers": {
    "host": "localhost:3000",
    "connection": "keep-alive",
    "sec-ch-ua-platform": "\"Android\"",
    "authorization": "Bearer eyJhbGciOiJIUzI1NiIsInR5cCI6IkpXVCJ9.eyJpZCI6IjRkMjMxNTdkLTM5NjMtNGU4NS1iN2Y5LWU2YWQ3ZWU2YTRmMiIsInJvbGUiOiJjb29yZGluYXRvciIsImlhdCI6MTc0ODQxNjcxMSwiZXhwIjoxNzQ4NDI3NTExfQ.DF_UyrDmHlpYjeAnYWrgoLAv_CkMmPkXfZO3kVqoKJI",
    "user-agent": "Mozilla/5.0 (Linux; Android 6.0; Nexus 5 Build/MRA58N) AppleWebKit/537.36 (KHTML, like Gecko) Chrome/131.0.0.0 Mobile Safari/537.36",
    "accept": "application/json, text/plain, */*",
    "sec-ch-ua": "\"Google Chrome\";v=\"131\", \"Chromium\";v=\"131\", \"Not_A Brand\";v=\"24\"",
    "sec-ch-ua-mobile": "?1",
    "origin": "http://localhost:5173",
    "sec-fetch-site": "same-site",
    "sec-fetch-mode": "cors",
    "sec-fetch-dest": "empty",
    "referer": "http://localhost:5173/",
    "accept-encoding": "gzip, deflate, br, zstd",
    "accept-language": "en-US,en;q=0.9",
    "if-none-match": "W/\"349-79S82scIu5tm0MWXR+jKBCsbtIE\""
  },
  "body": {}
}
2025-05-28 14:20:19 [INFO]: Request received {
  "method": "GET",
  "url": "/api/childattendances",
  "headers": {
    "host": "localhost:3000",
    "connection": "keep-alive",
    "sec-ch-ua-platform": "\"Android\"",
    "authorization": "Bearer eyJhbGciOiJIUzI1NiIsInR5cCI6IkpXVCJ9.eyJpZCI6IjRkMjMxNTdkLTM5NjMtNGU4NS1iN2Y5LWU2YWQ3ZWU2YTRmMiIsInJvbGUiOiJjb29yZGluYXRvciIsImlhdCI6MTc0ODQxNjcxMSwiZXhwIjoxNzQ4NDI3NTExfQ.DF_UyrDmHlpYjeAnYWrgoLAv_CkMmPkXfZO3kVqoKJI",
    "user-agent": "Mozilla/5.0 (Linux; Android 6.0; Nexus 5 Build/MRA58N) AppleWebKit/537.36 (KHTML, like Gecko) Chrome/131.0.0.0 Mobile Safari/537.36",
    "accept": "application/json, text/plain, */*",
    "sec-ch-ua": "\"Google Chrome\";v=\"131\", \"Chromium\";v=\"131\", \"Not_A Brand\";v=\"24\"",
    "sec-ch-ua-mobile": "?1",
    "origin": "http://localhost:5173",
    "sec-fetch-site": "same-site",
    "sec-fetch-mode": "cors",
    "sec-fetch-dest": "empty",
    "referer": "http://localhost:5173/",
    "accept-encoding": "gzip, deflate, br, zstd",
    "accept-language": "en-US,en;q=0.9",
    "if-none-match": "W/\"349-79S82scIu5tm0MWXR+jKBCsbtIE\""
  },
  "body": {}
}
2025-05-28 14:20:19 [INFO]: Database query executed {
  "sql": "SELECT id, username, email, role, nationality, created_at FROM users WHERE id = $1",
  "params": [
    "4d23157d-3963-4e85-b7f9-e6ad7ee6a4f2"
  ],
  "rowCount": 1,
  "duration": "249ms"
}
2025-05-28 14:20:19 [INFO]: Fetched user by id {
  "id": "4d23157d-3963-4e85-b7f9-e6ad7ee6a4f2"
}
2025-05-28 14:20:19 [INFO]: Request received {
  "method": "GET",
  "url": "/api/users/4d23157d-3963-4e85-b7f9-e6ad7ee6a4f2",
  "headers": {
    "host": "localhost:3000",
    "connection": "keep-alive",
    "sec-ch-ua-platform": "\"Android\"",
    "authorization": "Bearer eyJhbGciOiJIUzI1NiIsInR5cCI6IkpXVCJ9.eyJpZCI6IjRkMjMxNTdkLTM5NjMtNGU4NS1iN2Y5LWU2YWQ3ZWU2YTRmMiIsInJvbGUiOiJjb29yZGluYXRvciIsImlhdCI6MTc0ODQxNjcxMSwiZXhwIjoxNzQ4NDI3NTExfQ.DF_UyrDmHlpYjeAnYWrgoLAv_CkMmPkXfZO3kVqoKJI",
    "user-agent": "Mozilla/5.0 (Linux; Android 6.0; Nexus 5 Build/MRA58N) AppleWebKit/537.36 (KHTML, like Gecko) Chrome/131.0.0.0 Mobile Safari/537.36",
    "accept": "application/json, text/plain, */*",
    "sec-ch-ua": "\"Google Chrome\";v=\"131\", \"Chromium\";v=\"131\", \"Not_A Brand\";v=\"24\"",
    "sec-ch-ua-mobile": "?1",
    "origin": "http://localhost:5173",
    "sec-fetch-site": "same-site",
    "sec-fetch-mode": "cors",
    "sec-fetch-dest": "empty",
    "referer": "http://localhost:5173/",
    "accept-encoding": "gzip, deflate, br, zstd",
    "accept-language": "en-US,en;q=0.9",
    "if-none-match": "W/\"b1-soahVvYiGvQZjrLA9+PO1oNDG+A\""
  },
  "body": {}
}
2025-05-28 14:20:19 [INFO]: Fetching user by id {
  "id": "4d23157d-3963-4e85-b7f9-e6ad7ee6a4f2"
}
2025-05-28 14:20:19 [INFO]: Database query executed {
  "sql": "SELECT id, username, email, role, nationality, created_at FROM users",
  "params": [],
  "rowCount": 7,
  "duration": "287ms"
}
2025-05-28 14:20:19 [INFO]: Fetched all users
2025-05-28 14:20:19 [INFO]: Request received {
  "method": "GET",
  "url": "/api/users",
  "headers": {
    "host": "localhost:3000",
    "connection": "keep-alive",
    "sec-ch-ua-platform": "\"Android\"",
    "authorization": "Bearer eyJhbGciOiJIUzI1NiIsInR5cCI6IkpXVCJ9.eyJpZCI6IjRkMjMxNTdkLTM5NjMtNGU4NS1iN2Y5LWU2YWQ3ZWU2YTRmMiIsInJvbGUiOiJjb29yZGluYXRvciIsImlhdCI6MTc0ODQxNjcxMSwiZXhwIjoxNzQ4NDI3NTExfQ.DF_UyrDmHlpYjeAnYWrgoLAv_CkMmPkXfZO3kVqoKJI",
    "user-agent": "Mozilla/5.0 (Linux; Android 6.0; Nexus 5 Build/MRA58N) AppleWebKit/537.36 (KHTML, like Gecko) Chrome/131.0.0.0 Mobile Safari/537.36",
    "accept": "application/json, text/plain, */*",
    "sec-ch-ua": "\"Google Chrome\";v=\"131\", \"Chromium\";v=\"131\", \"Not_A Brand\";v=\"24\"",
    "sec-ch-ua-mobile": "?1",
    "origin": "http://localhost:5173",
    "sec-fetch-site": "same-site",
    "sec-fetch-mode": "cors",
    "sec-fetch-dest": "empty",
    "referer": "http://localhost:5173/",
    "accept-encoding": "gzip, deflate, br, zstd",
    "accept-language": "en-US,en;q=0.9",
    "if-none-match": "W/\"4b7-nxt4E/qpmJ5hSLuZZQvDmh5l7qA\""
  },
  "body": {}
}
2025-05-28 14:20:19 [INFO]: Fetching all users
2025-05-28 14:20:19 [INFO]: Database query executed {
  "sql": "SELECT id, username, email, role, nationality, created_at FROM users WHERE id = $1",
  "params": [
    "4d23157d-3963-4e85-b7f9-e6ad7ee6a4f2"
  ],
  "rowCount": 1,
  "duration": "59ms"
}
2025-05-28 14:20:19 [INFO]: Fetched user by id {
  "id": "4d23157d-3963-4e85-b7f9-e6ad7ee6a4f2"
}
2025-05-28 14:20:19 [INFO]: Database query executed {
  "sql": "SELECT id, username, email, role, nationality, created_at FROM users",
  "params": [],
  "rowCount": 7,
  "duration": "50ms"
}
2025-05-28 14:20:19 [INFO]: Fetched all users
2025-05-28 14:20:41 [INFO]: Request received {
  "method": "POST",
  "url": "/api/auth/login",
  "headers": {
    "host": "localhost:3000",
    "connection": "keep-alive",
    "content-length": "49",
    "sec-ch-ua-platform": "\"Android\"",
    "user-agent": "Mozilla/5.0 (Linux; Android 6.0; Nexus 5 Build/MRA58N) AppleWebKit/537.36 (KHTML, like Gecko) Chrome/131.0.0.0 Mobile Safari/537.36",
    "accept": "application/json, text/plain, */*",
    "sec-ch-ua": "\"Google Chrome\";v=\"131\", \"Chromium\";v=\"131\", \"Not_A Brand\";v=\"24\"",
    "content-type": "application/json",
    "sec-ch-ua-mobile": "?1",
    "origin": "http://localhost:5173",
    "sec-fetch-site": "same-site",
    "sec-fetch-mode": "cors",
    "sec-fetch-dest": "empty",
    "referer": "http://localhost:5173/",
    "accept-encoding": "gzip, deflate, br, zstd",
    "accept-language": "en-US,en;q=0.9"
  },
  "body": {
    "email": "***",
    "password": "***"
  }
}
2025-05-28 14:20:41 [INFO]: Attempting login {
  "email": "kimer@gmail.com"
}
2025-05-28 14:20:41 [INFO]: Database query executed {
  "sql": "SELECT * FROM users WHERE email = $1",
  "params": [
    "kimer@gmail.com"
  ],
  "rowCount": 1,
  "duration": "232ms"
}
2025-05-28 14:20:42 [INFO]: Login successful {
  "id": "4d23157d-3963-4e85-b7f9-e6ad7ee6a4f2"
}
2025-05-28 14:20:42 [INFO]: Login successful {
  "email": "kimer@gmail.com"
}
2025-05-28 14:21:17 [INFO]: Request received {
  "method": "GET",
  "url": "/api/users/4d23157d-3963-4e85-b7f9-e6ad7ee6a4f2",
  "headers": {
    "host": "localhost:3000",
    "connection": "keep-alive",
    "sec-ch-ua-platform": "\"Android\"",
    "authorization": "Bearer eyJhbGciOiJIUzI1NiIsInR5cCI6IkpXVCJ9.eyJpZCI6IjRkMjMxNTdkLTM5NjMtNGU4NS1iN2Y5LWU2YWQ3ZWU2YTRmMiIsInJvbGUiOiJjb29yZGluYXRvciIsImlhdCI6MTc0ODQxNjg0MiwiZXhwIjoxNzQ4NDI3NjQyfQ.AAk90TzD-E1iZqk_Q9gp-_ncfodgeXAFN0k8ug-Xp1Y",
    "user-agent": "Mozilla/5.0 (Linux; Android 6.0; Nexus 5 Build/MRA58N) AppleWebKit/537.36 (KHTML, like Gecko) Chrome/131.0.0.0 Mobile Safari/537.36",
    "accept": "application/json, text/plain, */*",
    "sec-ch-ua": "\"Google Chrome\";v=\"131\", \"Chromium\";v=\"131\", \"Not_A Brand\";v=\"24\"",
    "sec-ch-ua-mobile": "?1",
    "origin": "http://localhost:5173",
    "sec-fetch-site": "same-site",
    "sec-fetch-mode": "cors",
    "sec-fetch-dest": "empty",
    "referer": "http://localhost:5173/",
    "accept-encoding": "gzip, deflate, br, zstd",
    "accept-language": "en-US,en;q=0.9",
    "if-none-match": "W/\"b1-soahVvYiGvQZjrLA9+PO1oNDG+A\""
  },
  "body": {}
}
2025-05-28 14:21:17 [INFO]: Fetching user by id {
  "id": "4d23157d-3963-4e85-b7f9-e6ad7ee6a4f2"
}
2025-05-28 14:21:17 [INFO]: Request received {
  "method": "GET",
  "url": "/api/users",
  "headers": {
    "host": "localhost:3000",
    "connection": "keep-alive",
    "sec-ch-ua-platform": "\"Android\"",
    "authorization": "Bearer eyJhbGciOiJIUzI1NiIsInR5cCI6IkpXVCJ9.eyJpZCI6IjRkMjMxNTdkLTM5NjMtNGU4NS1iN2Y5LWU2YWQ3ZWU2YTRmMiIsInJvbGUiOiJjb29yZGluYXRvciIsImlhdCI6MTc0ODQxNjg0MiwiZXhwIjoxNzQ4NDI3NjQyfQ.AAk90TzD-E1iZqk_Q9gp-_ncfodgeXAFN0k8ug-Xp1Y",
    "user-agent": "Mozilla/5.0 (Linux; Android 6.0; Nexus 5 Build/MRA58N) AppleWebKit/537.36 (KHTML, like Gecko) Chrome/131.0.0.0 Mobile Safari/537.36",
    "accept": "application/json, text/plain, */*",
    "sec-ch-ua": "\"Google Chrome\";v=\"131\", \"Chromium\";v=\"131\", \"Not_A Brand\";v=\"24\"",
    "sec-ch-ua-mobile": "?1",
    "origin": "http://localhost:5173",
    "sec-fetch-site": "same-site",
    "sec-fetch-mode": "cors",
    "sec-fetch-dest": "empty",
    "referer": "http://localhost:5173/",
    "accept-encoding": "gzip, deflate, br, zstd",
    "accept-language": "en-US,en;q=0.9",
    "if-none-match": "W/\"4b7-nxt4E/qpmJ5hSLuZZQvDmh5l7qA\""
  },
  "body": {}
}
2025-05-28 14:21:17 [INFO]: Fetching all users
2025-05-28 14:21:17 [INFO]: Request received {
  "method": "GET",
  "url": "/api/childattendances",
  "headers": {
    "host": "localhost:3000",
    "connection": "keep-alive",
    "sec-ch-ua-platform": "\"Android\"",
    "authorization": "Bearer eyJhbGciOiJIUzI1NiIsInR5cCI6IkpXVCJ9.eyJpZCI6IjRkMjMxNTdkLTM5NjMtNGU4NS1iN2Y5LWU2YWQ3ZWU2YTRmMiIsInJvbGUiOiJjb29yZGluYXRvciIsImlhdCI6MTc0ODQxNjg0MiwiZXhwIjoxNzQ4NDI3NjQyfQ.AAk90TzD-E1iZqk_Q9gp-_ncfodgeXAFN0k8ug-Xp1Y",
    "user-agent": "Mozilla/5.0 (Linux; Android 6.0; Nexus 5 Build/MRA58N) AppleWebKit/537.36 (KHTML, like Gecko) Chrome/131.0.0.0 Mobile Safari/537.36",
    "accept": "application/json, text/plain, */*",
    "sec-ch-ua": "\"Google Chrome\";v=\"131\", \"Chromium\";v=\"131\", \"Not_A Brand\";v=\"24\"",
    "sec-ch-ua-mobile": "?1",
    "origin": "http://localhost:5173",
    "sec-fetch-site": "same-site",
    "sec-fetch-mode": "cors",
    "sec-fetch-dest": "empty",
    "referer": "http://localhost:5173/",
    "accept-encoding": "gzip, deflate, br, zstd",
    "accept-language": "en-US,en;q=0.9",
    "if-none-match": "W/\"349-79S82scIu5tm0MWXR+jKBCsbtIE\""
  },
  "body": {}
}
2025-05-28 14:21:17 [INFO]: Database query executed {
  "sql": "SELECT id, username, email, role, nationality, created_at FROM users",
  "params": [],
  "rowCount": 7,
  "duration": "209ms"
}
2025-05-28 14:21:17 [INFO]: Fetched all users
2025-05-28 14:21:17 [INFO]: Database query executed {
  "sql": "SELECT id, username, email, role, nationality, created_at FROM users WHERE id = $1",
  "params": [
    "4d23157d-3963-4e85-b7f9-e6ad7ee6a4f2"
  ],
  "rowCount": 1,
  "duration": "220ms"
}
2025-05-28 14:21:17 [INFO]: Fetched user by id {
  "id": "4d23157d-3963-4e85-b7f9-e6ad7ee6a4f2"
}
2025-05-28 14:21:17 [INFO]: Request received {
  "method": "GET",
  "url": "/api/users",
  "headers": {
    "host": "localhost:3000",
    "connection": "keep-alive",
    "sec-ch-ua-platform": "\"Android\"",
    "authorization": "Bearer eyJhbGciOiJIUzI1NiIsInR5cCI6IkpXVCJ9.eyJpZCI6IjRkMjMxNTdkLTM5NjMtNGU4NS1iN2Y5LWU2YWQ3ZWU2YTRmMiIsInJvbGUiOiJjb29yZGluYXRvciIsImlhdCI6MTc0ODQxNjg0MiwiZXhwIjoxNzQ4NDI3NjQyfQ.AAk90TzD-E1iZqk_Q9gp-_ncfodgeXAFN0k8ug-Xp1Y",
    "user-agent": "Mozilla/5.0 (Linux; Android 6.0; Nexus 5 Build/MRA58N) AppleWebKit/537.36 (KHTML, like Gecko) Chrome/131.0.0.0 Mobile Safari/537.36",
    "accept": "application/json, text/plain, */*",
    "sec-ch-ua": "\"Google Chrome\";v=\"131\", \"Chromium\";v=\"131\", \"Not_A Brand\";v=\"24\"",
    "sec-ch-ua-mobile": "?1",
    "origin": "http://localhost:5173",
    "sec-fetch-site": "same-site",
    "sec-fetch-mode": "cors",
    "sec-fetch-dest": "empty",
    "referer": "http://localhost:5173/",
    "accept-encoding": "gzip, deflate, br, zstd",
    "accept-language": "en-US,en;q=0.9",
    "if-none-match": "W/\"4b7-nxt4E/qpmJ5hSLuZZQvDmh5l7qA\""
  },
  "body": {}
}
2025-05-28 14:21:17 [INFO]: Fetching all users
2025-05-28 14:21:17 [INFO]: Request received {
  "method": "GET",
  "url": "/api/users/4d23157d-3963-4e85-b7f9-e6ad7ee6a4f2",
  "headers": {
    "host": "localhost:3000",
    "connection": "keep-alive",
    "sec-ch-ua-platform": "\"Android\"",
    "authorization": "Bearer eyJhbGciOiJIUzI1NiIsInR5cCI6IkpXVCJ9.eyJpZCI6IjRkMjMxNTdkLTM5NjMtNGU4NS1iN2Y5LWU2YWQ3ZWU2YTRmMiIsInJvbGUiOiJjb29yZGluYXRvciIsImlhdCI6MTc0ODQxNjg0MiwiZXhwIjoxNzQ4NDI3NjQyfQ.AAk90TzD-E1iZqk_Q9gp-_ncfodgeXAFN0k8ug-Xp1Y",
    "user-agent": "Mozilla/5.0 (Linux; Android 6.0; Nexus 5 Build/MRA58N) AppleWebKit/537.36 (KHTML, like Gecko) Chrome/131.0.0.0 Mobile Safari/537.36",
    "accept": "application/json, text/plain, */*",
    "sec-ch-ua": "\"Google Chrome\";v=\"131\", \"Chromium\";v=\"131\", \"Not_A Brand\";v=\"24\"",
    "sec-ch-ua-mobile": "?1",
    "origin": "http://localhost:5173",
    "sec-fetch-site": "same-site",
    "sec-fetch-mode": "cors",
    "sec-fetch-dest": "empty",
    "referer": "http://localhost:5173/",
    "accept-encoding": "gzip, deflate, br, zstd",
    "accept-language": "en-US,en;q=0.9",
    "if-none-match": "W/\"b1-soahVvYiGvQZjrLA9+PO1oNDG+A\""
  },
  "body": {}
}
2025-05-28 14:21:17 [INFO]: Fetching user by id {
  "id": "4d23157d-3963-4e85-b7f9-e6ad7ee6a4f2"
}
2025-05-28 14:21:17 [INFO]: Request received {
  "method": "GET",
  "url": "/api/childattendances",
  "headers": {
    "host": "localhost:3000",
    "connection": "keep-alive",
    "sec-ch-ua-platform": "\"Android\"",
    "authorization": "Bearer eyJhbGciOiJIUzI1NiIsInR5cCI6IkpXVCJ9.eyJpZCI6IjRkMjMxNTdkLTM5NjMtNGU4NS1iN2Y5LWU2YWQ3ZWU2YTRmMiIsInJvbGUiOiJjb29yZGluYXRvciIsImlhdCI6MTc0ODQxNjg0MiwiZXhwIjoxNzQ4NDI3NjQyfQ.AAk90TzD-E1iZqk_Q9gp-_ncfodgeXAFN0k8ug-Xp1Y",
    "user-agent": "Mozilla/5.0 (Linux; Android 6.0; Nexus 5 Build/MRA58N) AppleWebKit/537.36 (KHTML, like Gecko) Chrome/131.0.0.0 Mobile Safari/537.36",
    "accept": "application/json, text/plain, */*",
    "sec-ch-ua": "\"Google Chrome\";v=\"131\", \"Chromium\";v=\"131\", \"Not_A Brand\";v=\"24\"",
    "sec-ch-ua-mobile": "?1",
    "origin": "http://localhost:5173",
    "sec-fetch-site": "same-site",
    "sec-fetch-mode": "cors",
    "sec-fetch-dest": "empty",
    "referer": "http://localhost:5173/",
    "accept-encoding": "gzip, deflate, br, zstd",
    "accept-language": "en-US,en;q=0.9",
    "if-none-match": "W/\"349-79S82scIu5tm0MWXR+jKBCsbtIE\""
  },
  "body": {}
}
2025-05-28 14:21:17 [INFO]: Database query executed {
  "sql": "SELECT id, username, email, role, nationality, created_at FROM users",
  "params": [],
  "rowCount": 7,
  "duration": "42ms"
}
2025-05-28 14:21:17 [INFO]: Fetched all users
2025-05-28 14:21:17 [INFO]: Database query executed {
  "sql": "SELECT id, username, email, role, nationality, created_at FROM users WHERE id = $1",
  "params": [
    "4d23157d-3963-4e85-b7f9-e6ad7ee6a4f2"
  ],
  "rowCount": 1,
  "duration": "38ms"
}
2025-05-28 14:21:17 [INFO]: Fetched user by id {
  "id": "4d23157d-3963-4e85-b7f9-e6ad7ee6a4f2"
}
2025-05-28 14:21:44 [INFO]: Request received {
  "method": "POST",
  "url": "/api/auth/login",
  "headers": {
    "host": "localhost:3000",
    "connection": "keep-alive",
    "content-length": "49",
    "sec-ch-ua-platform": "\"Android\"",
    "user-agent": "Mozilla/5.0 (Linux; Android 6.0; Nexus 5 Build/MRA58N) AppleWebKit/537.36 (KHTML, like Gecko) Chrome/131.0.0.0 Mobile Safari/537.36",
    "accept": "application/json, text/plain, */*",
    "sec-ch-ua": "\"Google Chrome\";v=\"131\", \"Chromium\";v=\"131\", \"Not_A Brand\";v=\"24\"",
    "content-type": "application/json",
    "sec-ch-ua-mobile": "?1",
    "origin": "http://localhost:5173",
    "sec-fetch-site": "same-site",
    "sec-fetch-mode": "cors",
    "sec-fetch-dest": "empty",
    "referer": "http://localhost:5173/",
    "accept-encoding": "gzip, deflate, br, zstd",
    "accept-language": "en-US,en;q=0.9"
  },
  "body": {
    "email": "***",
    "password": "***"
  }
}
2025-05-28 14:21:44 [INFO]: Attempting login {
  "email": "kimer@gmail.com"
}
2025-05-28 14:21:45 [INFO]: Database query executed {
  "sql": "SELECT * FROM users WHERE email = $1",
  "params": [
    "kimer@gmail.com"
  ],
  "rowCount": 1,
  "duration": "288ms"
}
2025-05-28 14:21:45 [INFO]: Login successful {
  "id": "4d23157d-3963-4e85-b7f9-e6ad7ee6a4f2"
}
2025-05-28 14:21:45 [INFO]: Login successful {
  "email": "kimer@gmail.com"
}
2025-05-28 14:22:14 [INFO]: Request received {
  "method": "GET",
  "url": "/api/users/4d23157d-3963-4e85-b7f9-e6ad7ee6a4f2",
  "headers": {
    "host": "localhost:3000",
    "connection": "keep-alive",
    "sec-ch-ua-platform": "\"Android\"",
    "authorization": "Bearer eyJhbGciOiJIUzI1NiIsInR5cCI6IkpXVCJ9.eyJpZCI6IjRkMjMxNTdkLTM5NjMtNGU4NS1iN2Y5LWU2YWQ3ZWU2YTRmMiIsInJvbGUiOiJjb29yZGluYXRvciIsImlhdCI6MTc0ODQxNjkwNSwiZXhwIjoxNzQ4NDI3NzA1fQ._Aju303oIeainWXyOQcegiHHwGMZSC4_ogay1WB66FE",
    "user-agent": "Mozilla/5.0 (Linux; Android 6.0; Nexus 5 Build/MRA58N) AppleWebKit/537.36 (KHTML, like Gecko) Chrome/131.0.0.0 Mobile Safari/537.36",
    "accept": "application/json, text/plain, */*",
    "sec-ch-ua": "\"Google Chrome\";v=\"131\", \"Chromium\";v=\"131\", \"Not_A Brand\";v=\"24\"",
    "sec-ch-ua-mobile": "?1",
    "origin": "http://localhost:5173",
    "sec-fetch-site": "same-site",
    "sec-fetch-mode": "cors",
    "sec-fetch-dest": "empty",
    "referer": "http://localhost:5173/",
    "accept-encoding": "gzip, deflate, br, zstd",
    "accept-language": "en-US,en;q=0.9",
    "if-none-match": "W/\"b1-soahVvYiGvQZjrLA9+PO1oNDG+A\""
  },
  "body": {}
}
2025-05-28 14:22:14 [INFO]: Fetching user by id {
  "id": "4d23157d-3963-4e85-b7f9-e6ad7ee6a4f2"
}
2025-05-28 14:22:14 [INFO]: Request received {
  "method": "GET",
  "url": "/api/users",
  "headers": {
    "host": "localhost:3000",
    "connection": "keep-alive",
    "sec-ch-ua-platform": "\"Android\"",
    "authorization": "Bearer eyJhbGciOiJIUzI1NiIsInR5cCI6IkpXVCJ9.eyJpZCI6IjRkMjMxNTdkLTM5NjMtNGU4NS1iN2Y5LWU2YWQ3ZWU2YTRmMiIsInJvbGUiOiJjb29yZGluYXRvciIsImlhdCI6MTc0ODQxNjkwNSwiZXhwIjoxNzQ4NDI3NzA1fQ._Aju303oIeainWXyOQcegiHHwGMZSC4_ogay1WB66FE",
    "user-agent": "Mozilla/5.0 (Linux; Android 6.0; Nexus 5 Build/MRA58N) AppleWebKit/537.36 (KHTML, like Gecko) Chrome/131.0.0.0 Mobile Safari/537.36",
    "accept": "application/json, text/plain, */*",
    "sec-ch-ua": "\"Google Chrome\";v=\"131\", \"Chromium\";v=\"131\", \"Not_A Brand\";v=\"24\"",
    "sec-ch-ua-mobile": "?1",
    "origin": "http://localhost:5173",
    "sec-fetch-site": "same-site",
    "sec-fetch-mode": "cors",
    "sec-fetch-dest": "empty",
    "referer": "http://localhost:5173/",
    "accept-encoding": "gzip, deflate, br, zstd",
    "accept-language": "en-US,en;q=0.9",
    "if-none-match": "W/\"4b7-nxt4E/qpmJ5hSLuZZQvDmh5l7qA\""
  },
  "body": {}
}
2025-05-28 14:22:14 [INFO]: Fetching all users
2025-05-28 14:22:14 [INFO]: Request received {
  "method": "GET",
  "url": "/api/childattendances",
  "headers": {
    "host": "localhost:3000",
    "connection": "keep-alive",
    "sec-ch-ua-platform": "\"Android\"",
    "authorization": "Bearer eyJhbGciOiJIUzI1NiIsInR5cCI6IkpXVCJ9.eyJpZCI6IjRkMjMxNTdkLTM5NjMtNGU4NS1iN2Y5LWU2YWQ3ZWU2YTRmMiIsInJvbGUiOiJjb29yZGluYXRvciIsImlhdCI6MTc0ODQxNjkwNSwiZXhwIjoxNzQ4NDI3NzA1fQ._Aju303oIeainWXyOQcegiHHwGMZSC4_ogay1WB66FE",
    "user-agent": "Mozilla/5.0 (Linux; Android 6.0; Nexus 5 Build/MRA58N) AppleWebKit/537.36 (KHTML, like Gecko) Chrome/131.0.0.0 Mobile Safari/537.36",
    "accept": "application/json, text/plain, */*",
    "sec-ch-ua": "\"Google Chrome\";v=\"131\", \"Chromium\";v=\"131\", \"Not_A Brand\";v=\"24\"",
    "sec-ch-ua-mobile": "?1",
    "origin": "http://localhost:5173",
    "sec-fetch-site": "same-site",
    "sec-fetch-mode": "cors",
    "sec-fetch-dest": "empty",
    "referer": "http://localhost:5173/",
    "accept-encoding": "gzip, deflate, br, zstd",
    "accept-language": "en-US,en;q=0.9",
    "if-none-match": "W/\"349-79S82scIu5tm0MWXR+jKBCsbtIE\""
  },
  "body": {}
}
2025-05-28 14:22:14 [INFO]: Database query executed {
  "sql": "SELECT id, username, email, role, nationality, created_at FROM users WHERE id = $1",
  "params": [
    "4d23157d-3963-4e85-b7f9-e6ad7ee6a4f2"
  ],
  "rowCount": 1,
  "duration": "268ms"
}
2025-05-28 14:22:14 [INFO]: Fetched user by id {
  "id": "4d23157d-3963-4e85-b7f9-e6ad7ee6a4f2"
}
2025-05-28 14:22:14 [INFO]: Request received {
  "method": "GET",
  "url": "/api/childattendances",
  "headers": {
    "host": "localhost:3000",
    "connection": "keep-alive",
    "sec-ch-ua-platform": "\"Android\"",
    "authorization": "Bearer eyJhbGciOiJIUzI1NiIsInR5cCI6IkpXVCJ9.eyJpZCI6IjRkMjMxNTdkLTM5NjMtNGU4NS1iN2Y5LWU2YWQ3ZWU2YTRmMiIsInJvbGUiOiJjb29yZGluYXRvciIsImlhdCI6MTc0ODQxNjkwNSwiZXhwIjoxNzQ4NDI3NzA1fQ._Aju303oIeainWXyOQcegiHHwGMZSC4_ogay1WB66FE",
    "user-agent": "Mozilla/5.0 (Linux; Android 6.0; Nexus 5 Build/MRA58N) AppleWebKit/537.36 (KHTML, like Gecko) Chrome/131.0.0.0 Mobile Safari/537.36",
    "accept": "application/json, text/plain, */*",
    "sec-ch-ua": "\"Google Chrome\";v=\"131\", \"Chromium\";v=\"131\", \"Not_A Brand\";v=\"24\"",
    "sec-ch-ua-mobile": "?1",
    "origin": "http://localhost:5173",
    "sec-fetch-site": "same-site",
    "sec-fetch-mode": "cors",
    "sec-fetch-dest": "empty",
    "referer": "http://localhost:5173/",
    "accept-encoding": "gzip, deflate, br, zstd",
    "accept-language": "en-US,en;q=0.9",
    "if-none-match": "W/\"349-79S82scIu5tm0MWXR+jKBCsbtIE\""
  },
  "body": {}
}
2025-05-28 14:22:14 [INFO]: Request received {
  "method": "GET",
  "url": "/api/users/4d23157d-3963-4e85-b7f9-e6ad7ee6a4f2",
  "headers": {
    "host": "localhost:3000",
    "connection": "keep-alive",
    "sec-ch-ua-platform": "\"Android\"",
    "authorization": "Bearer eyJhbGciOiJIUzI1NiIsInR5cCI6IkpXVCJ9.eyJpZCI6IjRkMjMxNTdkLTM5NjMtNGU4NS1iN2Y5LWU2YWQ3ZWU2YTRmMiIsInJvbGUiOiJjb29yZGluYXRvciIsImlhdCI6MTc0ODQxNjkwNSwiZXhwIjoxNzQ4NDI3NzA1fQ._Aju303oIeainWXyOQcegiHHwGMZSC4_ogay1WB66FE",
    "user-agent": "Mozilla/5.0 (Linux; Android 6.0; Nexus 5 Build/MRA58N) AppleWebKit/537.36 (KHTML, like Gecko) Chrome/131.0.0.0 Mobile Safari/537.36",
    "accept": "application/json, text/plain, */*",
    "sec-ch-ua": "\"Google Chrome\";v=\"131\", \"Chromium\";v=\"131\", \"Not_A Brand\";v=\"24\"",
    "sec-ch-ua-mobile": "?1",
    "origin": "http://localhost:5173",
    "sec-fetch-site": "same-site",
    "sec-fetch-mode": "cors",
    "sec-fetch-dest": "empty",
    "referer": "http://localhost:5173/",
    "accept-encoding": "gzip, deflate, br, zstd",
    "accept-language": "en-US,en;q=0.9",
    "if-none-match": "W/\"b1-soahVvYiGvQZjrLA9+PO1oNDG+A\""
  },
  "body": {}
}
2025-05-28 14:22:14 [INFO]: Fetching user by id {
  "id": "4d23157d-3963-4e85-b7f9-e6ad7ee6a4f2"
}
2025-05-28 14:22:14 [INFO]: Database query executed {
  "sql": "SELECT id, username, email, role, nationality, created_at FROM users",
  "params": [],
  "rowCount": 7,
  "duration": "300ms"
}
2025-05-28 14:22:14 [INFO]: Fetched all users
2025-05-28 14:22:14 [INFO]: Request received {
  "method": "GET",
  "url": "/api/users",
  "headers": {
    "host": "localhost:3000",
    "connection": "keep-alive",
    "sec-ch-ua-platform": "\"Android\"",
    "authorization": "Bearer eyJhbGciOiJIUzI1NiIsInR5cCI6IkpXVCJ9.eyJpZCI6IjRkMjMxNTdkLTM5NjMtNGU4NS1iN2Y5LWU2YWQ3ZWU2YTRmMiIsInJvbGUiOiJjb29yZGluYXRvciIsImlhdCI6MTc0ODQxNjkwNSwiZXhwIjoxNzQ4NDI3NzA1fQ._Aju303oIeainWXyOQcegiHHwGMZSC4_ogay1WB66FE",
    "user-agent": "Mozilla/5.0 (Linux; Android 6.0; Nexus 5 Build/MRA58N) AppleWebKit/537.36 (KHTML, like Gecko) Chrome/131.0.0.0 Mobile Safari/537.36",
    "accept": "application/json, text/plain, */*",
    "sec-ch-ua": "\"Google Chrome\";v=\"131\", \"Chromium\";v=\"131\", \"Not_A Brand\";v=\"24\"",
    "sec-ch-ua-mobile": "?1",
    "origin": "http://localhost:5173",
    "sec-fetch-site": "same-site",
    "sec-fetch-mode": "cors",
    "sec-fetch-dest": "empty",
    "referer": "http://localhost:5173/",
    "accept-encoding": "gzip, deflate, br, zstd",
    "accept-language": "en-US,en;q=0.9",
    "if-none-match": "W/\"4b7-nxt4E/qpmJ5hSLuZZQvDmh5l7qA\""
  },
  "body": {}
}
2025-05-28 14:22:14 [INFO]: Fetching all users
2025-05-28 14:22:14 [INFO]: Database query executed {
  "sql": "SELECT id, username, email, role, nationality, created_at FROM users WHERE id = $1",
  "params": [
    "4d23157d-3963-4e85-b7f9-e6ad7ee6a4f2"
  ],
  "rowCount": 1,
  "duration": "42ms"
}
2025-05-28 14:22:14 [INFO]: Fetched user by id {
  "id": "4d23157d-3963-4e85-b7f9-e6ad7ee6a4f2"
}
2025-05-28 14:22:14 [INFO]: Database query executed {
  "sql": "SELECT id, username, email, role, nationality, created_at FROM users",
  "params": [],
  "rowCount": 7,
  "duration": "52ms"
}
2025-05-28 14:22:14 [INFO]: Fetched all users
2025-05-28 14:22:41 [INFO]: Request received {
  "method": "POST",
  "url": "/api/auth/login",
  "headers": {
    "host": "localhost:3000",
    "connection": "keep-alive",
    "content-length": "48",
    "sec-ch-ua-platform": "\"Android\"",
    "user-agent": "Mozilla/5.0 (Linux; Android 6.0; Nexus 5 Build/MRA58N) AppleWebKit/537.36 (KHTML, like Gecko) Chrome/131.0.0.0 Mobile Safari/537.36",
    "accept": "application/json, text/plain, */*",
    "sec-ch-ua": "\"Google Chrome\";v=\"131\", \"Chromium\";v=\"131\", \"Not_A Brand\";v=\"24\"",
    "content-type": "application/json",
    "sec-ch-ua-mobile": "?1",
    "origin": "http://localhost:5173",
    "sec-fetch-site": "same-site",
    "sec-fetch-mode": "cors",
    "sec-fetch-dest": "empty",
    "referer": "http://localhost:5173/",
    "accept-encoding": "gzip, deflate, br, zstd",
    "accept-language": "en-US,en;q=0.9"
  },
  "body": {
    "email": "***",
    "password": "***"
  }
}
2025-05-28 14:22:45 [INFO]: Request received {
  "method": "POST",
  "url": "/api/auth/login",
  "headers": {
    "host": "localhost:3000",
    "connection": "keep-alive",
    "content-length": "49",
    "sec-ch-ua-platform": "\"Android\"",
    "user-agent": "Mozilla/5.0 (Linux; Android 6.0; Nexus 5 Build/MRA58N) AppleWebKit/537.36 (KHTML, like Gecko) Chrome/131.0.0.0 Mobile Safari/537.36",
    "accept": "application/json, text/plain, */*",
    "sec-ch-ua": "\"Google Chrome\";v=\"131\", \"Chromium\";v=\"131\", \"Not_A Brand\";v=\"24\"",
    "content-type": "application/json",
    "sec-ch-ua-mobile": "?1",
    "origin": "http://localhost:5173",
    "sec-fetch-site": "same-site",
    "sec-fetch-mode": "cors",
    "sec-fetch-dest": "empty",
    "referer": "http://localhost:5173/",
    "accept-encoding": "gzip, deflate, br, zstd",
    "accept-language": "en-US,en;q=0.9"
  },
  "body": {
    "email": "***",
    "password": "***"
  }
}
2025-05-28 14:22:45 [INFO]: Attempting login {
  "email": "kimer@gmail.com"
}
2025-05-28 14:22:45 [INFO]: Database query executed {
  "sql": "SELECT * FROM users WHERE email = $1",
  "params": [
    "kimer@gmail.com"
  ],
  "rowCount": 1,
  "duration": "257ms"
}
2025-05-28 14:22:45 [INFO]: Login successful {
  "id": "4d23157d-3963-4e85-b7f9-e6ad7ee6a4f2"
}
2025-05-28 14:22:45 [INFO]: Login successful {
  "email": "kimer@gmail.com"
}
2025-05-28 14:22:46 [INFO]: Request received {
  "method": "GET",
  "url": "/api/users/4d23157d-3963-4e85-b7f9-e6ad7ee6a4f2",
  "headers": {
    "host": "localhost:3000",
    "connection": "keep-alive",
    "sec-ch-ua-platform": "\"Android\"",
    "authorization": "Bearer eyJhbGciOiJIUzI1NiIsInR5cCI6IkpXVCJ9.eyJpZCI6IjRkMjMxNTdkLTM5NjMtNGU4NS1iN2Y5LWU2YWQ3ZWU2YTRmMiIsInJvbGUiOiJjb29yZGluYXRvciIsImlhdCI6MTc0ODQxNjk2NSwiZXhwIjoxNzQ4NDI3NzY1fQ.A5ClSfyNjTZgPwstmvuXMPHZzP-3KU3q-CyV8_rqvjg",
    "user-agent": "Mozilla/5.0 (Linux; Android 6.0; Nexus 5 Build/MRA58N) AppleWebKit/537.36 (KHTML, like Gecko) Chrome/131.0.0.0 Mobile Safari/537.36",
    "accept": "application/json, text/plain, */*",
    "sec-ch-ua": "\"Google Chrome\";v=\"131\", \"Chromium\";v=\"131\", \"Not_A Brand\";v=\"24\"",
    "sec-ch-ua-mobile": "?1",
    "origin": "http://localhost:5173",
    "sec-fetch-site": "same-site",
    "sec-fetch-mode": "cors",
    "sec-fetch-dest": "empty",
    "referer": "http://localhost:5173/",
    "accept-encoding": "gzip, deflate, br, zstd",
    "accept-language": "en-US,en;q=0.9",
    "if-none-match": "W/\"b1-soahVvYiGvQZjrLA9+PO1oNDG+A\""
  },
  "body": {}
}
2025-05-28 14:22:46 [INFO]: Fetching user by id {
  "id": "4d23157d-3963-4e85-b7f9-e6ad7ee6a4f2"
}
2025-05-28 14:22:46 [INFO]: Request received {
  "method": "GET",
  "url": "/api/users",
  "headers": {
    "host": "localhost:3000",
    "connection": "keep-alive",
    "sec-ch-ua-platform": "\"Android\"",
    "authorization": "Bearer eyJhbGciOiJIUzI1NiIsInR5cCI6IkpXVCJ9.eyJpZCI6IjRkMjMxNTdkLTM5NjMtNGU4NS1iN2Y5LWU2YWQ3ZWU2YTRmMiIsInJvbGUiOiJjb29yZGluYXRvciIsImlhdCI6MTc0ODQxNjk2NSwiZXhwIjoxNzQ4NDI3NzY1fQ.A5ClSfyNjTZgPwstmvuXMPHZzP-3KU3q-CyV8_rqvjg",
    "user-agent": "Mozilla/5.0 (Linux; Android 6.0; Nexus 5 Build/MRA58N) AppleWebKit/537.36 (KHTML, like Gecko) Chrome/131.0.0.0 Mobile Safari/537.36",
    "accept": "application/json, text/plain, */*",
    "sec-ch-ua": "\"Google Chrome\";v=\"131\", \"Chromium\";v=\"131\", \"Not_A Brand\";v=\"24\"",
    "sec-ch-ua-mobile": "?1",
    "origin": "http://localhost:5173",
    "sec-fetch-site": "same-site",
    "sec-fetch-mode": "cors",
    "sec-fetch-dest": "empty",
    "referer": "http://localhost:5173/",
    "accept-encoding": "gzip, deflate, br, zstd",
    "accept-language": "en-US,en;q=0.9",
    "if-none-match": "W/\"4b7-nxt4E/qpmJ5hSLuZZQvDmh5l7qA\""
  },
  "body": {}
}
2025-05-28 14:22:46 [INFO]: Fetching all users
2025-05-28 14:22:46 [INFO]: Request received {
  "method": "GET",
  "url": "/api/childattendances",
  "headers": {
    "host": "localhost:3000",
    "connection": "keep-alive",
    "sec-ch-ua-platform": "\"Android\"",
    "authorization": "Bearer eyJhbGciOiJIUzI1NiIsInR5cCI6IkpXVCJ9.eyJpZCI6IjRkMjMxNTdkLTM5NjMtNGU4NS1iN2Y5LWU2YWQ3ZWU2YTRmMiIsInJvbGUiOiJjb29yZGluYXRvciIsImlhdCI6MTc0ODQxNjk2NSwiZXhwIjoxNzQ4NDI3NzY1fQ.A5ClSfyNjTZgPwstmvuXMPHZzP-3KU3q-CyV8_rqvjg",
    "user-agent": "Mozilla/5.0 (Linux; Android 6.0; Nexus 5 Build/MRA58N) AppleWebKit/537.36 (KHTML, like Gecko) Chrome/131.0.0.0 Mobile Safari/537.36",
    "accept": "application/json, text/plain, */*",
    "sec-ch-ua": "\"Google Chrome\";v=\"131\", \"Chromium\";v=\"131\", \"Not_A Brand\";v=\"24\"",
    "sec-ch-ua-mobile": "?1",
    "origin": "http://localhost:5173",
    "sec-fetch-site": "same-site",
    "sec-fetch-mode": "cors",
    "sec-fetch-dest": "empty",
    "referer": "http://localhost:5173/",
    "accept-encoding": "gzip, deflate, br, zstd",
    "accept-language": "en-US,en;q=0.9",
    "if-none-match": "W/\"349-79S82scIu5tm0MWXR+jKBCsbtIE\""
  },
  "body": {}
}
2025-05-28 14:22:46 [INFO]: Database query executed {
  "sql": "SELECT id, username, email, role, nationality, created_at FROM users WHERE id = $1",
  "params": [
    "4d23157d-3963-4e85-b7f9-e6ad7ee6a4f2"
  ],
  "rowCount": 1,
  "duration": "41ms"
}
2025-05-28 14:22:46 [INFO]: Fetched user by id {
  "id": "4d23157d-3963-4e85-b7f9-e6ad7ee6a4f2"
}
2025-05-28 14:22:46 [INFO]: Request received {
  "method": "GET",
  "url": "/api/users/4d23157d-3963-4e85-b7f9-e6ad7ee6a4f2",
  "headers": {
    "host": "localhost:3000",
    "connection": "keep-alive",
    "sec-ch-ua-platform": "\"Android\"",
    "authorization": "Bearer eyJhbGciOiJIUzI1NiIsInR5cCI6IkpXVCJ9.eyJpZCI6IjRkMjMxNTdkLTM5NjMtNGU4NS1iN2Y5LWU2YWQ3ZWU2YTRmMiIsInJvbGUiOiJjb29yZGluYXRvciIsImlhdCI6MTc0ODQxNjk2NSwiZXhwIjoxNzQ4NDI3NzY1fQ.A5ClSfyNjTZgPwstmvuXMPHZzP-3KU3q-CyV8_rqvjg",
    "user-agent": "Mozilla/5.0 (Linux; Android 6.0; Nexus 5 Build/MRA58N) AppleWebKit/537.36 (KHTML, like Gecko) Chrome/131.0.0.0 Mobile Safari/537.36",
    "accept": "application/json, text/plain, */*",
    "sec-ch-ua": "\"Google Chrome\";v=\"131\", \"Chromium\";v=\"131\", \"Not_A Brand\";v=\"24\"",
    "sec-ch-ua-mobile": "?1",
    "origin": "http://localhost:5173",
    "sec-fetch-site": "same-site",
    "sec-fetch-mode": "cors",
    "sec-fetch-dest": "empty",
    "referer": "http://localhost:5173/",
    "accept-encoding": "gzip, deflate, br, zstd",
    "accept-language": "en-US,en;q=0.9",
    "if-none-match": "W/\"b1-soahVvYiGvQZjrLA9+PO1oNDG+A\""
  },
  "body": {}
}
2025-05-28 14:22:46 [INFO]: Fetching user by id {
  "id": "4d23157d-3963-4e85-b7f9-e6ad7ee6a4f2"
}
2025-05-28 14:22:46 [INFO]: Database query executed {
  "sql": "SELECT id, username, email, role, nationality, created_at FROM users WHERE id = $1",
  "params": [
    "4d23157d-3963-4e85-b7f9-e6ad7ee6a4f2"
  ],
  "rowCount": 1,
  "duration": "37ms"
}
2025-05-28 14:22:46 [INFO]: Fetched user by id {
  "id": "4d23157d-3963-4e85-b7f9-e6ad7ee6a4f2"
}
2025-05-28 14:22:46 [INFO]: Database query executed {
  "sql": "SELECT id, username, email, role, nationality, created_at FROM users",
  "params": [],
  "rowCount": 7,
  "duration": "245ms"
}
2025-05-28 14:22:46 [INFO]: Fetched all users
2025-05-28 14:22:46 [INFO]: Request received {
  "method": "GET",
  "url": "/api/users",
  "headers": {
    "host": "localhost:3000",
    "connection": "keep-alive",
    "sec-ch-ua-platform": "\"Android\"",
    "authorization": "Bearer eyJhbGciOiJIUzI1NiIsInR5cCI6IkpXVCJ9.eyJpZCI6IjRkMjMxNTdkLTM5NjMtNGU4NS1iN2Y5LWU2YWQ3ZWU2YTRmMiIsInJvbGUiOiJjb29yZGluYXRvciIsImlhdCI6MTc0ODQxNjk2NSwiZXhwIjoxNzQ4NDI3NzY1fQ.A5ClSfyNjTZgPwstmvuXMPHZzP-3KU3q-CyV8_rqvjg",
    "user-agent": "Mozilla/5.0 (Linux; Android 6.0; Nexus 5 Build/MRA58N) AppleWebKit/537.36 (KHTML, like Gecko) Chrome/131.0.0.0 Mobile Safari/537.36",
    "accept": "application/json, text/plain, */*",
    "sec-ch-ua": "\"Google Chrome\";v=\"131\", \"Chromium\";v=\"131\", \"Not_A Brand\";v=\"24\"",
    "sec-ch-ua-mobile": "?1",
    "origin": "http://localhost:5173",
    "sec-fetch-site": "same-site",
    "sec-fetch-mode": "cors",
    "sec-fetch-dest": "empty",
    "referer": "http://localhost:5173/",
    "accept-encoding": "gzip, deflate, br, zstd",
    "accept-language": "en-US,en;q=0.9",
    "if-none-match": "W/\"4b7-nxt4E/qpmJ5hSLuZZQvDmh5l7qA\""
  },
  "body": {}
}
2025-05-28 14:22:46 [INFO]: Fetching all users
2025-05-28 14:22:46 [INFO]: Request received {
  "method": "GET",
  "url": "/api/childattendances",
  "headers": {
    "host": "localhost:3000",
    "connection": "keep-alive",
    "sec-ch-ua-platform": "\"Android\"",
    "authorization": "Bearer eyJhbGciOiJIUzI1NiIsInR5cCI6IkpXVCJ9.eyJpZCI6IjRkMjMxNTdkLTM5NjMtNGU4NS1iN2Y5LWU2YWQ3ZWU2YTRmMiIsInJvbGUiOiJjb29yZGluYXRvciIsImlhdCI6MTc0ODQxNjk2NSwiZXhwIjoxNzQ4NDI3NzY1fQ.A5ClSfyNjTZgPwstmvuXMPHZzP-3KU3q-CyV8_rqvjg",
    "user-agent": "Mozilla/5.0 (Linux; Android 6.0; Nexus 5 Build/MRA58N) AppleWebKit/537.36 (KHTML, like Gecko) Chrome/131.0.0.0 Mobile Safari/537.36",
    "accept": "application/json, text/plain, */*",
    "sec-ch-ua": "\"Google Chrome\";v=\"131\", \"Chromium\";v=\"131\", \"Not_A Brand\";v=\"24\"",
    "sec-ch-ua-mobile": "?1",
    "origin": "http://localhost:5173",
    "sec-fetch-site": "same-site",
    "sec-fetch-mode": "cors",
    "sec-fetch-dest": "empty",
    "referer": "http://localhost:5173/",
    "accept-encoding": "gzip, deflate, br, zstd",
    "accept-language": "en-US,en;q=0.9",
    "if-none-match": "W/\"349-79S82scIu5tm0MWXR+jKBCsbtIE\""
  },
  "body": {}
}
2025-05-28 14:22:46 [INFO]: Database query executed {
  "sql": "SELECT id, username, email, role, nationality, created_at FROM users",
  "params": [],
  "rowCount": 7,
  "duration": "78ms"
}
2025-05-28 14:22:46 [INFO]: Fetched all users
2025-05-28 14:22:49 [INFO]: Request received {
  "method": "GET",
  "url": "/api/users/4d23157d-3963-4e85-b7f9-e6ad7ee6a4f2",
  "headers": {
    "host": "localhost:3000",
    "connection": "keep-alive",
    "sec-ch-ua-platform": "\"Android\"",
    "authorization": "Bearer eyJhbGciOiJIUzI1NiIsInR5cCI6IkpXVCJ9.eyJpZCI6IjRkMjMxNTdkLTM5NjMtNGU4NS1iN2Y5LWU2YWQ3ZWU2YTRmMiIsInJvbGUiOiJjb29yZGluYXRvciIsImlhdCI6MTc0ODQxNjk2NSwiZXhwIjoxNzQ4NDI3NzY1fQ.A5ClSfyNjTZgPwstmvuXMPHZzP-3KU3q-CyV8_rqvjg",
    "user-agent": "Mozilla/5.0 (Linux; Android 6.0; Nexus 5 Build/MRA58N) AppleWebKit/537.36 (KHTML, like Gecko) Chrome/131.0.0.0 Mobile Safari/537.36",
    "accept": "application/json, text/plain, */*",
    "sec-ch-ua": "\"Google Chrome\";v=\"131\", \"Chromium\";v=\"131\", \"Not_A Brand\";v=\"24\"",
    "sec-ch-ua-mobile": "?1",
    "origin": "http://localhost:5173",
    "sec-fetch-site": "same-site",
    "sec-fetch-mode": "cors",
    "sec-fetch-dest": "empty",
    "referer": "http://localhost:5173/",
    "accept-encoding": "gzip, deflate, br, zstd",
    "accept-language": "en-US,en;q=0.9",
    "if-none-match": "W/\"b1-soahVvYiGvQZjrLA9+PO1oNDG+A\""
  },
  "body": {}
}
2025-05-28 14:22:49 [INFO]: Fetching user by id {
  "id": "4d23157d-3963-4e85-b7f9-e6ad7ee6a4f2"
}
2025-05-28 14:22:49 [INFO]: Database query executed {
  "sql": "SELECT id, username, email, role, nationality, created_at FROM users WHERE id = $1",
  "params": [
    "4d23157d-3963-4e85-b7f9-e6ad7ee6a4f2"
  ],
  "rowCount": 1,
  "duration": "65ms"
}
2025-05-28 14:22:49 [INFO]: Fetched user by id {
  "id": "4d23157d-3963-4e85-b7f9-e6ad7ee6a4f2"
}
2025-05-28 14:22:49 [INFO]: Request received {
  "method": "GET",
  "url": "/api/users/4d23157d-3963-4e85-b7f9-e6ad7ee6a4f2",
  "headers": {
    "host": "localhost:3000",
    "connection": "keep-alive",
    "sec-ch-ua-platform": "\"Android\"",
    "authorization": "Bearer eyJhbGciOiJIUzI1NiIsInR5cCI6IkpXVCJ9.eyJpZCI6IjRkMjMxNTdkLTM5NjMtNGU4NS1iN2Y5LWU2YWQ3ZWU2YTRmMiIsInJvbGUiOiJjb29yZGluYXRvciIsImlhdCI6MTc0ODQxNjk2NSwiZXhwIjoxNzQ4NDI3NzY1fQ.A5ClSfyNjTZgPwstmvuXMPHZzP-3KU3q-CyV8_rqvjg",
    "user-agent": "Mozilla/5.0 (Linux; Android 6.0; Nexus 5 Build/MRA58N) AppleWebKit/537.36 (KHTML, like Gecko) Chrome/131.0.0.0 Mobile Safari/537.36",
    "accept": "application/json, text/plain, */*",
    "sec-ch-ua": "\"Google Chrome\";v=\"131\", \"Chromium\";v=\"131\", \"Not_A Brand\";v=\"24\"",
    "sec-ch-ua-mobile": "?1",
    "origin": "http://localhost:5173",
    "sec-fetch-site": "same-site",
    "sec-fetch-mode": "cors",
    "sec-fetch-dest": "empty",
    "referer": "http://localhost:5173/",
    "accept-encoding": "gzip, deflate, br, zstd",
    "accept-language": "en-US,en;q=0.9",
    "if-none-match": "W/\"b1-soahVvYiGvQZjrLA9+PO1oNDG+A\""
  },
  "body": {}
}
2025-05-28 14:22:49 [INFO]: Fetching user by id {
  "id": "4d23157d-3963-4e85-b7f9-e6ad7ee6a4f2"
}
2025-05-28 14:22:49 [INFO]: Database query executed {
  "sql": "SELECT id, username, email, role, nationality, created_at FROM users WHERE id = $1",
  "params": [
    "4d23157d-3963-4e85-b7f9-e6ad7ee6a4f2"
  ],
  "rowCount": 1,
  "duration": "84ms"
}
2025-05-28 14:22:49 [INFO]: Fetched user by id {
  "id": "4d23157d-3963-4e85-b7f9-e6ad7ee6a4f2"
}
2025-05-28 14:22:51 [INFO]: Request received {
  "method": "GET",
  "url": "/api/users/4d23157d-3963-4e85-b7f9-e6ad7ee6a4f2",
  "headers": {
    "host": "localhost:3000",
    "connection": "keep-alive",
    "sec-ch-ua-platform": "\"Android\"",
    "authorization": "Bearer eyJhbGciOiJIUzI1NiIsInR5cCI6IkpXVCJ9.eyJpZCI6IjRkMjMxNTdkLTM5NjMtNGU4NS1iN2Y5LWU2YWQ3ZWU2YTRmMiIsInJvbGUiOiJjb29yZGluYXRvciIsImlhdCI6MTc0ODQxNjk2NSwiZXhwIjoxNzQ4NDI3NzY1fQ.A5ClSfyNjTZgPwstmvuXMPHZzP-3KU3q-CyV8_rqvjg",
    "user-agent": "Mozilla/5.0 (Linux; Android 6.0; Nexus 5 Build/MRA58N) AppleWebKit/537.36 (KHTML, like Gecko) Chrome/131.0.0.0 Mobile Safari/537.36",
    "accept": "application/json, text/plain, */*",
    "sec-ch-ua": "\"Google Chrome\";v=\"131\", \"Chromium\";v=\"131\", \"Not_A Brand\";v=\"24\"",
    "sec-ch-ua-mobile": "?1",
    "origin": "http://localhost:5173",
    "sec-fetch-site": "same-site",
    "sec-fetch-mode": "cors",
    "sec-fetch-dest": "empty",
    "referer": "http://localhost:5173/",
    "accept-encoding": "gzip, deflate, br, zstd",
    "accept-language": "en-US,en;q=0.9",
    "if-none-match": "W/\"b1-soahVvYiGvQZjrLA9+PO1oNDG+A\""
  },
  "body": {}
}
2025-05-28 14:22:51 [INFO]: Fetching user by id {
  "id": "4d23157d-3963-4e85-b7f9-e6ad7ee6a4f2"
}
2025-05-28 14:22:51 [INFO]: Request received {
  "method": "GET",
  "url": "/api/users",
  "headers": {
    "host": "localhost:3000",
    "connection": "keep-alive",
    "sec-ch-ua-platform": "\"Android\"",
    "authorization": "Bearer eyJhbGciOiJIUzI1NiIsInR5cCI6IkpXVCJ9.eyJpZCI6IjRkMjMxNTdkLTM5NjMtNGU4NS1iN2Y5LWU2YWQ3ZWU2YTRmMiIsInJvbGUiOiJjb29yZGluYXRvciIsImlhdCI6MTc0ODQxNjk2NSwiZXhwIjoxNzQ4NDI3NzY1fQ.A5ClSfyNjTZgPwstmvuXMPHZzP-3KU3q-CyV8_rqvjg",
    "user-agent": "Mozilla/5.0 (Linux; Android 6.0; Nexus 5 Build/MRA58N) AppleWebKit/537.36 (KHTML, like Gecko) Chrome/131.0.0.0 Mobile Safari/537.36",
    "accept": "application/json, text/plain, */*",
    "sec-ch-ua": "\"Google Chrome\";v=\"131\", \"Chromium\";v=\"131\", \"Not_A Brand\";v=\"24\"",
    "sec-ch-ua-mobile": "?1",
    "origin": "http://localhost:5173",
    "sec-fetch-site": "same-site",
    "sec-fetch-mode": "cors",
    "sec-fetch-dest": "empty",
    "referer": "http://localhost:5173/",
    "accept-encoding": "gzip, deflate, br, zstd",
    "accept-language": "en-US,en;q=0.9",
    "if-none-match": "W/\"4b7-nxt4E/qpmJ5hSLuZZQvDmh5l7qA\""
  },
  "body": {}
}
2025-05-28 14:22:51 [INFO]: Fetching all users
2025-05-28 14:22:51 [INFO]: Request received {
  "method": "GET",
  "url": "/api/childattendances",
  "headers": {
    "host": "localhost:3000",
    "connection": "keep-alive",
    "sec-ch-ua-platform": "\"Android\"",
    "authorization": "Bearer eyJhbGciOiJIUzI1NiIsInR5cCI6IkpXVCJ9.eyJpZCI6IjRkMjMxNTdkLTM5NjMtNGU4NS1iN2Y5LWU2YWQ3ZWU2YTRmMiIsInJvbGUiOiJjb29yZGluYXRvciIsImlhdCI6MTc0ODQxNjk2NSwiZXhwIjoxNzQ4NDI3NzY1fQ.A5ClSfyNjTZgPwstmvuXMPHZzP-3KU3q-CyV8_rqvjg",
    "user-agent": "Mozilla/5.0 (Linux; Android 6.0; Nexus 5 Build/MRA58N) AppleWebKit/537.36 (KHTML, like Gecko) Chrome/131.0.0.0 Mobile Safari/537.36",
    "accept": "application/json, text/plain, */*",
    "sec-ch-ua": "\"Google Chrome\";v=\"131\", \"Chromium\";v=\"131\", \"Not_A Brand\";v=\"24\"",
    "sec-ch-ua-mobile": "?1",
    "origin": "http://localhost:5173",
    "sec-fetch-site": "same-site",
    "sec-fetch-mode": "cors",
    "sec-fetch-dest": "empty",
    "referer": "http://localhost:5173/",
    "accept-encoding": "gzip, deflate, br, zstd",
    "accept-language": "en-US,en;q=0.9",
    "if-none-match": "W/\"349-79S82scIu5tm0MWXR+jKBCsbtIE\""
  },
  "body": {}
}
2025-05-28 14:22:51 [INFO]: Database query executed {
  "sql": "SELECT id, username, email, role, nationality, created_at FROM users WHERE id = $1",
  "params": [
    "4d23157d-3963-4e85-b7f9-e6ad7ee6a4f2"
  ],
  "rowCount": 1,
  "duration": "55ms"
}
2025-05-28 14:22:51 [INFO]: Fetched user by id {
  "id": "4d23157d-3963-4e85-b7f9-e6ad7ee6a4f2"
}
2025-05-28 14:22:51 [INFO]: Database query executed {
  "sql": "SELECT id, username, email, role, nationality, created_at FROM users",
  "params": [],
  "rowCount": 7,
  "duration": "56ms"
}
2025-05-28 14:22:51 [INFO]: Fetched all users
2025-05-28 14:22:51 [INFO]: Request received {
  "method": "GET",
  "url": "/api/users/4d23157d-3963-4e85-b7f9-e6ad7ee6a4f2",
  "headers": {
    "host": "localhost:3000",
    "connection": "keep-alive",
    "sec-ch-ua-platform": "\"Android\"",
    "authorization": "Bearer eyJhbGciOiJIUzI1NiIsInR5cCI6IkpXVCJ9.eyJpZCI6IjRkMjMxNTdkLTM5NjMtNGU4NS1iN2Y5LWU2YWQ3ZWU2YTRmMiIsInJvbGUiOiJjb29yZGluYXRvciIsImlhdCI6MTc0ODQxNjk2NSwiZXhwIjoxNzQ4NDI3NzY1fQ.A5ClSfyNjTZgPwstmvuXMPHZzP-3KU3q-CyV8_rqvjg",
    "user-agent": "Mozilla/5.0 (Linux; Android 6.0; Nexus 5 Build/MRA58N) AppleWebKit/537.36 (KHTML, like Gecko) Chrome/131.0.0.0 Mobile Safari/537.36",
    "accept": "application/json, text/plain, */*",
    "sec-ch-ua": "\"Google Chrome\";v=\"131\", \"Chromium\";v=\"131\", \"Not_A Brand\";v=\"24\"",
    "sec-ch-ua-mobile": "?1",
    "origin": "http://localhost:5173",
    "sec-fetch-site": "same-site",
    "sec-fetch-mode": "cors",
    "sec-fetch-dest": "empty",
    "referer": "http://localhost:5173/",
    "accept-encoding": "gzip, deflate, br, zstd",
    "accept-language": "en-US,en;q=0.9",
    "if-none-match": "W/\"b1-soahVvYiGvQZjrLA9+PO1oNDG+A\""
  },
  "body": {}
}
2025-05-28 14:22:51 [INFO]: Fetching user by id {
  "id": "4d23157d-3963-4e85-b7f9-e6ad7ee6a4f2"
}
2025-05-28 14:22:51 [INFO]: Request received {
  "method": "GET",
  "url": "/api/users",
  "headers": {
    "host": "localhost:3000",
    "connection": "keep-alive",
    "sec-ch-ua-platform": "\"Android\"",
    "authorization": "Bearer eyJhbGciOiJIUzI1NiIsInR5cCI6IkpXVCJ9.eyJpZCI6IjRkMjMxNTdkLTM5NjMtNGU4NS1iN2Y5LWU2YWQ3ZWU2YTRmMiIsInJvbGUiOiJjb29yZGluYXRvciIsImlhdCI6MTc0ODQxNjk2NSwiZXhwIjoxNzQ4NDI3NzY1fQ.A5ClSfyNjTZgPwstmvuXMPHZzP-3KU3q-CyV8_rqvjg",
    "user-agent": "Mozilla/5.0 (Linux; Android 6.0; Nexus 5 Build/MRA58N) AppleWebKit/537.36 (KHTML, like Gecko) Chrome/131.0.0.0 Mobile Safari/537.36",
    "accept": "application/json, text/plain, */*",
    "sec-ch-ua": "\"Google Chrome\";v=\"131\", \"Chromium\";v=\"131\", \"Not_A Brand\";v=\"24\"",
    "sec-ch-ua-mobile": "?1",
    "origin": "http://localhost:5173",
    "sec-fetch-site": "same-site",
    "sec-fetch-mode": "cors",
    "sec-fetch-dest": "empty",
    "referer": "http://localhost:5173/",
    "accept-encoding": "gzip, deflate, br, zstd",
    "accept-language": "en-US,en;q=0.9",
    "if-none-match": "W/\"4b7-nxt4E/qpmJ5hSLuZZQvDmh5l7qA\""
  },
  "body": {}
}
2025-05-28 14:22:51 [INFO]: Fetching all users
2025-05-28 14:22:51 [INFO]: Request received {
  "method": "GET",
  "url": "/api/childattendances",
  "headers": {
    "host": "localhost:3000",
    "connection": "keep-alive",
    "sec-ch-ua-platform": "\"Android\"",
    "authorization": "Bearer eyJhbGciOiJIUzI1NiIsInR5cCI6IkpXVCJ9.eyJpZCI6IjRkMjMxNTdkLTM5NjMtNGU4NS1iN2Y5LWU2YWQ3ZWU2YTRmMiIsInJvbGUiOiJjb29yZGluYXRvciIsImlhdCI6MTc0ODQxNjk2NSwiZXhwIjoxNzQ4NDI3NzY1fQ.A5ClSfyNjTZgPwstmvuXMPHZzP-3KU3q-CyV8_rqvjg",
    "user-agent": "Mozilla/5.0 (Linux; Android 6.0; Nexus 5 Build/MRA58N) AppleWebKit/537.36 (KHTML, like Gecko) Chrome/131.0.0.0 Mobile Safari/537.36",
    "accept": "application/json, text/plain, */*",
    "sec-ch-ua": "\"Google Chrome\";v=\"131\", \"Chromium\";v=\"131\", \"Not_A Brand\";v=\"24\"",
    "sec-ch-ua-mobile": "?1",
    "origin": "http://localhost:5173",
    "sec-fetch-site": "same-site",
    "sec-fetch-mode": "cors",
    "sec-fetch-dest": "empty",
    "referer": "http://localhost:5173/",
    "accept-encoding": "gzip, deflate, br, zstd",
    "accept-language": "en-US,en;q=0.9",
    "if-none-match": "W/\"349-79S82scIu5tm0MWXR+jKBCsbtIE\""
  },
  "body": {}
}
2025-05-28 14:22:51 [INFO]: Database query executed {
  "sql": "SELECT id, username, email, role, nationality, created_at FROM users WHERE id = $1",
  "params": [
    "4d23157d-3963-4e85-b7f9-e6ad7ee6a4f2"
  ],
  "rowCount": 1,
  "duration": "46ms"
}
2025-05-28 14:22:51 [INFO]: Fetched user by id {
  "id": "4d23157d-3963-4e85-b7f9-e6ad7ee6a4f2"
}
2025-05-28 14:22:51 [INFO]: Database query executed {
  "sql": "SELECT id, username, email, role, nationality, created_at FROM users",
  "params": [],
  "rowCount": 7,
  "duration": "60ms"
}
2025-05-28 14:22:51 [INFO]: Fetched all users
2025-05-28 14:23:47 [INFO]: Request received {
  "method": "POST",
  "url": "/api/auth/login",
  "headers": {
    "host": "localhost:3000",
    "connection": "keep-alive",
    "content-length": "50",
    "sec-ch-ua-platform": "\"Android\"",
    "user-agent": "Mozilla/5.0 (Linux; Android 6.0; Nexus 5 Build/MRA58N) AppleWebKit/537.36 (KHTML, like Gecko) Chrome/131.0.0.0 Mobile Safari/537.36",
    "accept": "application/json, text/plain, */*",
    "sec-ch-ua": "\"Google Chrome\";v=\"131\", \"Chromium\";v=\"131\", \"Not_A Brand\";v=\"24\"",
    "content-type": "application/json",
    "sec-ch-ua-mobile": "?1",
    "origin": "http://localhost:5173",
    "sec-fetch-site": "same-site",
    "sec-fetch-mode": "cors",
    "sec-fetch-dest": "empty",
    "referer": "http://localhost:5173/",
    "accept-encoding": "gzip, deflate, br, zstd",
    "accept-language": "en-US,en;q=0.9"
  },
  "body": {
    "email": "***",
    "password": "***"
  }
}
2025-05-28 14:23:47 [INFO]: Attempting login {
  "email": "admin@admin.com"
}
2025-05-28 14:23:47 [INFO]: Database query executed {
  "sql": "SELECT * FROM users WHERE email = $1",
  "params": [
    "admin@admin.com"
  ],
  "rowCount": 1,
  "duration": "491ms"
}
2025-05-28 14:23:47 [INFO]: Login successful {
  "id": "d64562cf-64b1-4f7b-8cc3-d1c66d831ec0"
}
2025-05-28 14:23:47 [INFO]: Login successful {
  "email": "admin@admin.com"
}
2025-05-28 14:23:47 [INFO]: Request received {
  "method": "GET",
  "url": "/api/users/d64562cf-64b1-4f7b-8cc3-d1c66d831ec0",
  "headers": {
    "host": "localhost:3000",
    "connection": "keep-alive",
    "sec-ch-ua-platform": "\"Android\"",
    "authorization": "Bearer eyJhbGciOiJIUzI1NiIsInR5cCI6IkpXVCJ9.eyJpZCI6ImQ2NDU2MmNmLTY0YjEtNGY3Yi04Y2MzLWQxYzY2ZDgzMWVjMCIsInJvbGUiOiJhZG1pbiIsImlhdCI6MTc0ODQxNzAyNywiZXhwIjoxNzQ4NDI3ODI3fQ.APy7Sln3NshD6RgYvwiqNLnhKLX_V8VIYEbUebOd00Q",
    "user-agent": "Mozilla/5.0 (Linux; Android 6.0; Nexus 5 Build/MRA58N) AppleWebKit/537.36 (KHTML, like Gecko) Chrome/131.0.0.0 Mobile Safari/537.36",
    "accept": "application/json, text/plain, */*",
    "sec-ch-ua": "\"Google Chrome\";v=\"131\", \"Chromium\";v=\"131\", \"Not_A Brand\";v=\"24\"",
    "sec-ch-ua-mobile": "?1",
    "origin": "http://localhost:5173",
    "sec-fetch-site": "same-site",
    "sec-fetch-mode": "cors",
    "sec-fetch-dest": "empty",
    "referer": "http://localhost:5173/",
    "accept-encoding": "gzip, deflate, br, zstd",
    "accept-language": "en-US,en;q=0.9",
    "if-none-match": "W/\"a4-agL/Tpl+fPE3OBbTsF2MtyhgO9w\""
  },
  "body": {}
}
2025-05-28 14:23:47 [INFO]: Fetching user by id {
  "id": "d64562cf-64b1-4f7b-8cc3-d1c66d831ec0"
}
2025-05-28 14:23:47 [INFO]: Request received {
  "method": "GET",
  "url": "/api/camps",
  "headers": {
    "host": "localhost:3000",
    "connection": "keep-alive",
    "sec-ch-ua-platform": "\"Android\"",
    "authorization": "Bearer eyJhbGciOiJIUzI1NiIsInR5cCI6IkpXVCJ9.eyJpZCI6ImQ2NDU2MmNmLTY0YjEtNGY3Yi04Y2MzLWQxYzY2ZDgzMWVjMCIsInJvbGUiOiJhZG1pbiIsImlhdCI6MTc0ODQxNzAyNywiZXhwIjoxNzQ4NDI3ODI3fQ.APy7Sln3NshD6RgYvwiqNLnhKLX_V8VIYEbUebOd00Q",
    "user-agent": "Mozilla/5.0 (Linux; Android 6.0; Nexus 5 Build/MRA58N) AppleWebKit/537.36 (KHTML, like Gecko) Chrome/131.0.0.0 Mobile Safari/537.36",
    "accept": "application/json, text/plain, */*",
    "sec-ch-ua": "\"Google Chrome\";v=\"131\", \"Chromium\";v=\"131\", \"Not_A Brand\";v=\"24\"",
    "sec-ch-ua-mobile": "?1",
    "origin": "http://localhost:5173",
    "sec-fetch-site": "same-site",
    "sec-fetch-mode": "cors",
    "sec-fetch-dest": "empty",
    "referer": "http://localhost:5173/",
    "accept-encoding": "gzip, deflate, br, zstd",
    "accept-language": "en-US,en;q=0.9",
    "if-none-match": "W/\"3e3-m+dKOiRkUBTlK+dMUWe5mvrKpco\""
  },
  "body": {}
}
2025-05-28 14:23:47 [INFO]: Fetching all camps
2025-05-28 14:23:48 [INFO]: Database query executed {
  "sql": "SELECT id, username, email, role, nationality, created_at FROM users WHERE id = $1",
  "params": [
    "d64562cf-64b1-4f7b-8cc3-d1c66d831ec0"
  ],
  "rowCount": 1,
  "duration": "55ms"
}
2025-05-28 14:23:48 [INFO]: Fetched user by id {
  "id": "d64562cf-64b1-4f7b-8cc3-d1c66d831ec0"
}
2025-05-28 14:23:48 [INFO]: Request received {
  "method": "GET",
  "url": "/api/users/d64562cf-64b1-4f7b-8cc3-d1c66d831ec0",
  "headers": {
    "host": "localhost:3000",
    "connection": "keep-alive",
    "sec-ch-ua-platform": "\"Android\"",
    "authorization": "Bearer eyJhbGciOiJIUzI1NiIsInR5cCI6IkpXVCJ9.eyJpZCI6ImQ2NDU2MmNmLTY0YjEtNGY3Yi04Y2MzLWQxYzY2ZDgzMWVjMCIsInJvbGUiOiJhZG1pbiIsImlhdCI6MTc0ODQxNzAyNywiZXhwIjoxNzQ4NDI3ODI3fQ.APy7Sln3NshD6RgYvwiqNLnhKLX_V8VIYEbUebOd00Q",
    "user-agent": "Mozilla/5.0 (Linux; Android 6.0; Nexus 5 Build/MRA58N) AppleWebKit/537.36 (KHTML, like Gecko) Chrome/131.0.0.0 Mobile Safari/537.36",
    "accept": "application/json, text/plain, */*",
    "sec-ch-ua": "\"Google Chrome\";v=\"131\", \"Chromium\";v=\"131\", \"Not_A Brand\";v=\"24\"",
    "sec-ch-ua-mobile": "?1",
    "origin": "http://localhost:5173",
    "sec-fetch-site": "same-site",
    "sec-fetch-mode": "cors",
    "sec-fetch-dest": "empty",
    "referer": "http://localhost:5173/",
    "accept-encoding": "gzip, deflate, br, zstd",
    "accept-language": "en-US,en;q=0.9",
    "if-none-match": "W/\"a4-agL/Tpl+fPE3OBbTsF2MtyhgO9w\""
  },
  "body": {}
}
2025-05-28 14:23:48 [INFO]: Fetching user by id {
  "id": "d64562cf-64b1-4f7b-8cc3-d1c66d831ec0"
}
2025-05-28 14:23:48 [INFO]: Database query executed {
  "sql": "SELECT id, username, email, role, nationality, created_at FROM users WHERE id = $1",
  "params": [
    "d64562cf-64b1-4f7b-8cc3-d1c66d831ec0"
  ],
  "rowCount": 1,
  "duration": "85ms"
}
2025-05-28 14:23:48 [INFO]: Fetched user by id {
  "id": "d64562cf-64b1-4f7b-8cc3-d1c66d831ec0"
}
2025-05-28 14:23:48 [INFO]: Database query executed {
  "sql": "SELECT id, camp_name, camp_location, created_at FROM camp",
  "params": [],
  "rowCount": 3,
  "duration": "437ms"
}
2025-05-28 14:23:48 [INFO]: Fetched all camps
2025-05-28 14:23:48 [INFO]: Request received {
  "method": "GET",
  "url": "/api/camps",
  "headers": {
    "host": "localhost:3000",
    "connection": "keep-alive",
    "sec-ch-ua-platform": "\"Android\"",
    "authorization": "Bearer eyJhbGciOiJIUzI1NiIsInR5cCI6IkpXVCJ9.eyJpZCI6ImQ2NDU2MmNmLTY0YjEtNGY3Yi04Y2MzLWQxYzY2ZDgzMWVjMCIsInJvbGUiOiJhZG1pbiIsImlhdCI6MTc0ODQxNzAyNywiZXhwIjoxNzQ4NDI3ODI3fQ.APy7Sln3NshD6RgYvwiqNLnhKLX_V8VIYEbUebOd00Q",
    "user-agent": "Mozilla/5.0 (Linux; Android 6.0; Nexus 5 Build/MRA58N) AppleWebKit/537.36 (KHTML, like Gecko) Chrome/131.0.0.0 Mobile Safari/537.36",
    "accept": "application/json, text/plain, */*",
    "sec-ch-ua": "\"Google Chrome\";v=\"131\", \"Chromium\";v=\"131\", \"Not_A Brand\";v=\"24\"",
    "sec-ch-ua-mobile": "?1",
    "origin": "http://localhost:5173",
    "sec-fetch-site": "same-site",
    "sec-fetch-mode": "cors",
    "sec-fetch-dest": "empty",
    "referer": "http://localhost:5173/",
    "accept-encoding": "gzip, deflate, br, zstd",
    "accept-language": "en-US,en;q=0.9",
    "if-none-match": "W/\"1ab-vbIUxAjKKJ5rJ2Cz1NFo5AYGcek\""
  },
  "body": {}
}
2025-05-28 14:23:48 [INFO]: Fetching all camps
2025-05-28 14:23:48 [INFO]: Database query executed {
  "sql": "SELECT id, camp_name, camp_location, created_at FROM camp",
  "params": [],
  "rowCount": 3,
  "duration": "156ms"
}
2025-05-28 14:23:48 [INFO]: Fetched all camps
2025-05-28 14:24:26 [INFO]: Request received {
  "method": "POST",
  "url": "/api/auth/login",
  "headers": {
    "host": "localhost:3000",
    "connection": "keep-alive",
    "content-length": "51",
    "sec-ch-ua-platform": "\"Android\"",
    "user-agent": "Mozilla/5.0 (Linux; Android 6.0; Nexus 5 Build/MRA58N) AppleWebKit/537.36 (KHTML, like Gecko) Chrome/131.0.0.0 Mobile Safari/537.36",
    "accept": "application/json, text/plain, */*",
    "sec-ch-ua": "\"Google Chrome\";v=\"131\", \"Chromium\";v=\"131\", \"Not_A Brand\";v=\"24\"",
    "content-type": "application/json",
    "sec-ch-ua-mobile": "?1",
    "origin": "http://localhost:5173",
    "sec-fetch-site": "same-site",
    "sec-fetch-mode": "cors",
    "sec-fetch-dest": "empty",
    "referer": "http://localhost:5173/",
    "accept-encoding": "gzip, deflate, br, zstd",
    "accept-language": "en-US,en;q=0.9"
  },
  "body": {
    "email": "***",
    "password": "***"
  }
}
2025-05-28 14:24:26 [INFO]: Attempting login {
  "email": "Sopheak@gmail.com"
}
2025-05-28 14:24:26 [INFO]: Database query executed {
  "sql": "SELECT * FROM users WHERE email = $1",
  "params": [
    "Sopheak@gmail.com"
  ],
  "rowCount": 1,
  "duration": "308ms"
}
2025-05-28 14:24:26 [INFO]: Login successful {
  "id": "b1d9491a-8702-40d9-a999-68a7dccdc7c3"
}
2025-05-28 14:24:26 [INFO]: Login successful {
  "email": "Sopheak@gmail.com"
}
2025-05-28 14:24:26 [INFO]: Request received {
  "method": "GET",
  "url": "/api/users/b1d9491a-8702-40d9-a999-68a7dccdc7c3",
  "headers": {
    "host": "localhost:3000",
    "connection": "keep-alive",
    "sec-ch-ua-platform": "\"Android\"",
    "authorization": "Bearer eyJhbGciOiJIUzI1NiIsInR5cCI6IkpXVCJ9.eyJpZCI6ImIxZDk0OTFhLTg3MDItNDBkOS1hOTk5LTY4YTdkY2NkYzdjMyIsInJvbGUiOiJjb29yZGluYXRvciIsImlhdCI6MTc0ODQxNzA2NiwiZXhwIjoxNzQ4NDI3ODY2fQ.5bUA55W6YJ0cTJgwBJSp66F0lW2hDeyedMqsQ9zUgWE",
    "user-agent": "Mozilla/5.0 (Linux; Android 6.0; Nexus 5 Build/MRA58N) AppleWebKit/537.36 (KHTML, like Gecko) Chrome/131.0.0.0 Mobile Safari/537.36",
    "accept": "application/json, text/plain, */*",
    "sec-ch-ua": "\"Google Chrome\";v=\"131\", \"Chromium\";v=\"131\", \"Not_A Brand\";v=\"24\"",
    "sec-ch-ua-mobile": "?1",
    "origin": "http://localhost:5173",
    "sec-fetch-site": "same-site",
    "sec-fetch-mode": "cors",
    "sec-fetch-dest": "empty",
    "referer": "http://localhost:5173/",
    "accept-encoding": "gzip, deflate, br, zstd",
    "accept-language": "en-US,en;q=0.9",
    "if-none-match": "W/\"b5-VqTNJSdOdddfefC5Mu/hTTblnwA\""
  },
  "body": {}
}
2025-05-28 14:24:26 [INFO]: Fetching user by id {
  "id": "b1d9491a-8702-40d9-a999-68a7dccdc7c3"
}
2025-05-28 14:24:26 [INFO]: Request received {
  "method": "GET",
  "url": "/api/users",
  "headers": {
    "host": "localhost:3000",
    "connection": "keep-alive",
    "sec-ch-ua-platform": "\"Android\"",
    "authorization": "Bearer eyJhbGciOiJIUzI1NiIsInR5cCI6IkpXVCJ9.eyJpZCI6ImIxZDk0OTFhLTg3MDItNDBkOS1hOTk5LTY4YTdkY2NkYzdjMyIsInJvbGUiOiJjb29yZGluYXRvciIsImlhdCI6MTc0ODQxNzA2NiwiZXhwIjoxNzQ4NDI3ODY2fQ.5bUA55W6YJ0cTJgwBJSp66F0lW2hDeyedMqsQ9zUgWE",
    "user-agent": "Mozilla/5.0 (Linux; Android 6.0; Nexus 5 Build/MRA58N) AppleWebKit/537.36 (KHTML, like Gecko) Chrome/131.0.0.0 Mobile Safari/537.36",
    "accept": "application/json, text/plain, */*",
    "sec-ch-ua": "\"Google Chrome\";v=\"131\", \"Chromium\";v=\"131\", \"Not_A Brand\";v=\"24\"",
    "sec-ch-ua-mobile": "?1",
    "origin": "http://localhost:5173",
    "sec-fetch-site": "same-site",
    "sec-fetch-mode": "cors",
    "sec-fetch-dest": "empty",
    "referer": "http://localhost:5173/",
    "accept-encoding": "gzip, deflate, br, zstd",
    "accept-language": "en-US,en;q=0.9",
    "if-none-match": "W/\"4b7-nxt4E/qpmJ5hSLuZZQvDmh5l7qA\""
  },
  "body": {}
}
2025-05-28 14:24:26 [INFO]: Fetching all users
2025-05-28 14:24:26 [INFO]: Request received {
  "method": "GET",
  "url": "/api/childattendances",
  "headers": {
    "host": "localhost:3000",
    "connection": "keep-alive",
    "sec-ch-ua-platform": "\"Android\"",
    "authorization": "Bearer eyJhbGciOiJIUzI1NiIsInR5cCI6IkpXVCJ9.eyJpZCI6ImIxZDk0OTFhLTg3MDItNDBkOS1hOTk5LTY4YTdkY2NkYzdjMyIsInJvbGUiOiJjb29yZGluYXRvciIsImlhdCI6MTc0ODQxNzA2NiwiZXhwIjoxNzQ4NDI3ODY2fQ.5bUA55W6YJ0cTJgwBJSp66F0lW2hDeyedMqsQ9zUgWE",
    "user-agent": "Mozilla/5.0 (Linux; Android 6.0; Nexus 5 Build/MRA58N) AppleWebKit/537.36 (KHTML, like Gecko) Chrome/131.0.0.0 Mobile Safari/537.36",
    "accept": "application/json, text/plain, */*",
    "sec-ch-ua": "\"Google Chrome\";v=\"131\", \"Chromium\";v=\"131\", \"Not_A Brand\";v=\"24\"",
    "sec-ch-ua-mobile": "?1",
    "origin": "http://localhost:5173",
    "sec-fetch-site": "same-site",
    "sec-fetch-mode": "cors",
    "sec-fetch-dest": "empty",
    "referer": "http://localhost:5173/",
    "accept-encoding": "gzip, deflate, br, zstd",
    "accept-language": "en-US,en;q=0.9",
    "if-none-match": "W/\"349-79S82scIu5tm0MWXR+jKBCsbtIE\""
  },
  "body": {}
}
2025-05-28 14:24:26 [INFO]: Database query executed {
  "sql": "SELECT id, username, email, role, nationality, created_at FROM users WHERE id = $1",
  "params": [
    "b1d9491a-8702-40d9-a999-68a7dccdc7c3"
  ],
  "rowCount": 1,
  "duration": "56ms"
}
2025-05-28 14:24:26 [INFO]: Fetched user by id {
  "id": "b1d9491a-8702-40d9-a999-68a7dccdc7c3"
}
2025-05-28 14:24:26 [INFO]: Request received {
  "method": "GET",
  "url": "/api/users/b1d9491a-8702-40d9-a999-68a7dccdc7c3",
  "headers": {
    "host": "localhost:3000",
    "connection": "keep-alive",
    "sec-ch-ua-platform": "\"Android\"",
    "authorization": "Bearer eyJhbGciOiJIUzI1NiIsInR5cCI6IkpXVCJ9.eyJpZCI6ImIxZDk0OTFhLTg3MDItNDBkOS1hOTk5LTY4YTdkY2NkYzdjMyIsInJvbGUiOiJjb29yZGluYXRvciIsImlhdCI6MTc0ODQxNzA2NiwiZXhwIjoxNzQ4NDI3ODY2fQ.5bUA55W6YJ0cTJgwBJSp66F0lW2hDeyedMqsQ9zUgWE",
    "user-agent": "Mozilla/5.0 (Linux; Android 6.0; Nexus 5 Build/MRA58N) AppleWebKit/537.36 (KHTML, like Gecko) Chrome/131.0.0.0 Mobile Safari/537.36",
    "accept": "application/json, text/plain, */*",
    "sec-ch-ua": "\"Google Chrome\";v=\"131\", \"Chromium\";v=\"131\", \"Not_A Brand\";v=\"24\"",
    "sec-ch-ua-mobile": "?1",
    "origin": "http://localhost:5173",
    "sec-fetch-site": "same-site",
    "sec-fetch-mode": "cors",
    "sec-fetch-dest": "empty",
    "referer": "http://localhost:5173/",
    "accept-encoding": "gzip, deflate, br, zstd",
    "accept-language": "en-US,en;q=0.9",
    "if-none-match": "W/\"b5-VqTNJSdOdddfefC5Mu/hTTblnwA\""
  },
  "body": {}
}
2025-05-28 14:24:26 [INFO]: Fetching user by id {
  "id": "b1d9491a-8702-40d9-a999-68a7dccdc7c3"
}
2025-05-28 14:24:26 [INFO]: Database query executed {
  "sql": "SELECT id, username, email, role, nationality, created_at FROM users WHERE id = $1",
  "params": [
    "b1d9491a-8702-40d9-a999-68a7dccdc7c3"
  ],
  "rowCount": 1,
  "duration": "48ms"
}
2025-05-28 14:24:26 [INFO]: Fetched user by id {
  "id": "b1d9491a-8702-40d9-a999-68a7dccdc7c3"
}
2025-05-28 14:24:26 [INFO]: Database query executed {
  "sql": "SELECT id, username, email, role, nationality, created_at FROM users",
  "params": [],
  "rowCount": 7,
  "duration": "267ms"
}
2025-05-28 14:24:26 [INFO]: Fetched all users
2025-05-28 14:24:26 [INFO]: Request received {
  "method": "GET",
  "url": "/api/users",
  "headers": {
    "host": "localhost:3000",
    "connection": "keep-alive",
    "sec-ch-ua-platform": "\"Android\"",
    "authorization": "Bearer eyJhbGciOiJIUzI1NiIsInR5cCI6IkpXVCJ9.eyJpZCI6ImIxZDk0OTFhLTg3MDItNDBkOS1hOTk5LTY4YTdkY2NkYzdjMyIsInJvbGUiOiJjb29yZGluYXRvciIsImlhdCI6MTc0ODQxNzA2NiwiZXhwIjoxNzQ4NDI3ODY2fQ.5bUA55W6YJ0cTJgwBJSp66F0lW2hDeyedMqsQ9zUgWE",
    "user-agent": "Mozilla/5.0 (Linux; Android 6.0; Nexus 5 Build/MRA58N) AppleWebKit/537.36 (KHTML, like Gecko) Chrome/131.0.0.0 Mobile Safari/537.36",
    "accept": "application/json, text/plain, */*",
    "sec-ch-ua": "\"Google Chrome\";v=\"131\", \"Chromium\";v=\"131\", \"Not_A Brand\";v=\"24\"",
    "sec-ch-ua-mobile": "?1",
    "origin": "http://localhost:5173",
    "sec-fetch-site": "same-site",
    "sec-fetch-mode": "cors",
    "sec-fetch-dest": "empty",
    "referer": "http://localhost:5173/",
    "accept-encoding": "gzip, deflate, br, zstd",
    "accept-language": "en-US,en;q=0.9",
    "if-none-match": "W/\"4b7-nxt4E/qpmJ5hSLuZZQvDmh5l7qA\""
  },
  "body": {}
}
2025-05-28 14:24:26 [INFO]: Fetching all users
2025-05-28 14:24:27 [INFO]: Request received {
  "method": "GET",
  "url": "/api/childattendances",
  "headers": {
    "host": "localhost:3000",
    "connection": "keep-alive",
    "sec-ch-ua-platform": "\"Android\"",
    "authorization": "Bearer eyJhbGciOiJIUzI1NiIsInR5cCI6IkpXVCJ9.eyJpZCI6ImIxZDk0OTFhLTg3MDItNDBkOS1hOTk5LTY4YTdkY2NkYzdjMyIsInJvbGUiOiJjb29yZGluYXRvciIsImlhdCI6MTc0ODQxNzA2NiwiZXhwIjoxNzQ4NDI3ODY2fQ.5bUA55W6YJ0cTJgwBJSp66F0lW2hDeyedMqsQ9zUgWE",
    "user-agent": "Mozilla/5.0 (Linux; Android 6.0; Nexus 5 Build/MRA58N) AppleWebKit/537.36 (KHTML, like Gecko) Chrome/131.0.0.0 Mobile Safari/537.36",
    "accept": "application/json, text/plain, */*",
    "sec-ch-ua": "\"Google Chrome\";v=\"131\", \"Chromium\";v=\"131\", \"Not_A Brand\";v=\"24\"",
    "sec-ch-ua-mobile": "?1",
    "origin": "http://localhost:5173",
    "sec-fetch-site": "same-site",
    "sec-fetch-mode": "cors",
    "sec-fetch-dest": "empty",
    "referer": "http://localhost:5173/",
    "accept-encoding": "gzip, deflate, br, zstd",
    "accept-language": "en-US,en;q=0.9",
    "if-none-match": "W/\"349-79S82scIu5tm0MWXR+jKBCsbtIE\""
  },
  "body": {}
}
2025-05-28 14:24:27 [INFO]: Database query executed {
  "sql": "SELECT id, username, email, role, nationality, created_at FROM users",
  "params": [],
  "rowCount": 7,
  "duration": "44ms"
}
2025-05-28 14:24:27 [INFO]: Fetched all users
2025-05-28 14:24:37 [INFO]: Request received {
  "method": "GET",
  "url": "/api/users/b1d9491a-8702-40d9-a999-68a7dccdc7c3",
  "headers": {
    "host": "localhost:3000",
    "connection": "keep-alive",
    "sec-ch-ua-platform": "\"Android\"",
    "authorization": "Bearer eyJhbGciOiJIUzI1NiIsInR5cCI6IkpXVCJ9.eyJpZCI6ImIxZDk0OTFhLTg3MDItNDBkOS1hOTk5LTY4YTdkY2NkYzdjMyIsInJvbGUiOiJjb29yZGluYXRvciIsImlhdCI6MTc0ODQxNzA2NiwiZXhwIjoxNzQ4NDI3ODY2fQ.5bUA55W6YJ0cTJgwBJSp66F0lW2hDeyedMqsQ9zUgWE",
    "user-agent": "Mozilla/5.0 (Linux; Android 6.0; Nexus 5 Build/MRA58N) AppleWebKit/537.36 (KHTML, like Gecko) Chrome/131.0.0.0 Mobile Safari/537.36",
    "accept": "application/json, text/plain, */*",
    "sec-ch-ua": "\"Google Chrome\";v=\"131\", \"Chromium\";v=\"131\", \"Not_A Brand\";v=\"24\"",
    "sec-ch-ua-mobile": "?1",
    "origin": "http://localhost:5173",
    "sec-fetch-site": "same-site",
    "sec-fetch-mode": "cors",
    "sec-fetch-dest": "empty",
    "referer": "http://localhost:5173/",
    "accept-encoding": "gzip, deflate, br, zstd",
    "accept-language": "en-US,en;q=0.9",
    "if-none-match": "W/\"b5-VqTNJSdOdddfefC5Mu/hTTblnwA\""
  },
  "body": {}
}
2025-05-28 14:24:38 [INFO]: Fetching user by id {
  "id": "b1d9491a-8702-40d9-a999-68a7dccdc7c3"
}
2025-05-28 14:24:38 [INFO]: Database query executed {
  "sql": "SELECT id, username, email, role, nationality, created_at FROM users WHERE id = $1",
  "params": [
    "b1d9491a-8702-40d9-a999-68a7dccdc7c3"
  ],
  "rowCount": 1,
  "duration": "241ms"
}
2025-05-28 14:24:38 [INFO]: Fetched user by id {
  "id": "b1d9491a-8702-40d9-a999-68a7dccdc7c3"
}
2025-05-28 14:24:38 [INFO]: Request received {
  "method": "GET",
  "url": "/api/users/b1d9491a-8702-40d9-a999-68a7dccdc7c3",
  "headers": {
    "host": "localhost:3000",
    "connection": "keep-alive",
    "sec-ch-ua-platform": "\"Android\"",
    "authorization": "Bearer eyJhbGciOiJIUzI1NiIsInR5cCI6IkpXVCJ9.eyJpZCI6ImIxZDk0OTFhLTg3MDItNDBkOS1hOTk5LTY4YTdkY2NkYzdjMyIsInJvbGUiOiJjb29yZGluYXRvciIsImlhdCI6MTc0ODQxNzA2NiwiZXhwIjoxNzQ4NDI3ODY2fQ.5bUA55W6YJ0cTJgwBJSp66F0lW2hDeyedMqsQ9zUgWE",
    "user-agent": "Mozilla/5.0 (Linux; Android 6.0; Nexus 5 Build/MRA58N) AppleWebKit/537.36 (KHTML, like Gecko) Chrome/131.0.0.0 Mobile Safari/537.36",
    "accept": "application/json, text/plain, */*",
    "sec-ch-ua": "\"Google Chrome\";v=\"131\", \"Chromium\";v=\"131\", \"Not_A Brand\";v=\"24\"",
    "sec-ch-ua-mobile": "?1",
    "origin": "http://localhost:5173",
    "sec-fetch-site": "same-site",
    "sec-fetch-mode": "cors",
    "sec-fetch-dest": "empty",
    "referer": "http://localhost:5173/",
    "accept-encoding": "gzip, deflate, br, zstd",
    "accept-language": "en-US,en;q=0.9",
    "if-none-match": "W/\"b5-VqTNJSdOdddfefC5Mu/hTTblnwA\""
  },
  "body": {}
}
2025-05-28 14:24:38 [INFO]: Fetching user by id {
  "id": "b1d9491a-8702-40d9-a999-68a7dccdc7c3"
}
2025-05-28 14:24:38 [INFO]: Database query executed {
  "sql": "SELECT id, username, email, role, nationality, created_at FROM users WHERE id = $1",
  "params": [
    "b1d9491a-8702-40d9-a999-68a7dccdc7c3"
  ],
  "rowCount": 1,
  "duration": "55ms"
}
2025-05-28 14:24:38 [INFO]: Fetched user by id {
  "id": "b1d9491a-8702-40d9-a999-68a7dccdc7c3"
}
2025-05-28 14:24:39 [INFO]: Request received {
  "method": "GET",
  "url": "/api/users/b1d9491a-8702-40d9-a999-68a7dccdc7c3",
  "headers": {
    "host": "localhost:3000",
    "connection": "keep-alive",
    "sec-ch-ua-platform": "\"Android\"",
    "authorization": "Bearer eyJhbGciOiJIUzI1NiIsInR5cCI6IkpXVCJ9.eyJpZCI6ImIxZDk0OTFhLTg3MDItNDBkOS1hOTk5LTY4YTdkY2NkYzdjMyIsInJvbGUiOiJjb29yZGluYXRvciIsImlhdCI6MTc0ODQxNzA2NiwiZXhwIjoxNzQ4NDI3ODY2fQ.5bUA55W6YJ0cTJgwBJSp66F0lW2hDeyedMqsQ9zUgWE",
    "user-agent": "Mozilla/5.0 (Linux; Android 6.0; Nexus 5 Build/MRA58N) AppleWebKit/537.36 (KHTML, like Gecko) Chrome/131.0.0.0 Mobile Safari/537.36",
    "accept": "application/json, text/plain, */*",
    "sec-ch-ua": "\"Google Chrome\";v=\"131\", \"Chromium\";v=\"131\", \"Not_A Brand\";v=\"24\"",
    "sec-ch-ua-mobile": "?1",
    "origin": "http://localhost:5173",
    "sec-fetch-site": "same-site",
    "sec-fetch-mode": "cors",
    "sec-fetch-dest": "empty",
    "referer": "http://localhost:5173/",
    "accept-encoding": "gzip, deflate, br, zstd",
    "accept-language": "en-US,en;q=0.9",
    "if-none-match": "W/\"b5-VqTNJSdOdddfefC5Mu/hTTblnwA\""
  },
  "body": {}
}
2025-05-28 14:24:39 [INFO]: Fetching user by id {
  "id": "b1d9491a-8702-40d9-a999-68a7dccdc7c3"
}
2025-05-28 14:24:39 [INFO]: Request received {
  "method": "GET",
  "url": "/api/users",
  "headers": {
    "host": "localhost:3000",
    "connection": "keep-alive",
    "sec-ch-ua-platform": "\"Android\"",
    "authorization": "Bearer eyJhbGciOiJIUzI1NiIsInR5cCI6IkpXVCJ9.eyJpZCI6ImIxZDk0OTFhLTg3MDItNDBkOS1hOTk5LTY4YTdkY2NkYzdjMyIsInJvbGUiOiJjb29yZGluYXRvciIsImlhdCI6MTc0ODQxNzA2NiwiZXhwIjoxNzQ4NDI3ODY2fQ.5bUA55W6YJ0cTJgwBJSp66F0lW2hDeyedMqsQ9zUgWE",
    "user-agent": "Mozilla/5.0 (Linux; Android 6.0; Nexus 5 Build/MRA58N) AppleWebKit/537.36 (KHTML, like Gecko) Chrome/131.0.0.0 Mobile Safari/537.36",
    "accept": "application/json, text/plain, */*",
    "sec-ch-ua": "\"Google Chrome\";v=\"131\", \"Chromium\";v=\"131\", \"Not_A Brand\";v=\"24\"",
    "sec-ch-ua-mobile": "?1",
    "origin": "http://localhost:5173",
    "sec-fetch-site": "same-site",
    "sec-fetch-mode": "cors",
    "sec-fetch-dest": "empty",
    "referer": "http://localhost:5173/",
    "accept-encoding": "gzip, deflate, br, zstd",
    "accept-language": "en-US,en;q=0.9",
    "if-none-match": "W/\"4b7-nxt4E/qpmJ5hSLuZZQvDmh5l7qA\""
  },
  "body": {}
}
2025-05-28 14:24:39 [INFO]: Fetching all users
2025-05-28 14:24:39 [INFO]: Request received {
  "method": "GET",
  "url": "/api/childattendances",
  "headers": {
    "host": "localhost:3000",
    "connection": "keep-alive",
    "sec-ch-ua-platform": "\"Android\"",
    "authorization": "Bearer eyJhbGciOiJIUzI1NiIsInR5cCI6IkpXVCJ9.eyJpZCI6ImIxZDk0OTFhLTg3MDItNDBkOS1hOTk5LTY4YTdkY2NkYzdjMyIsInJvbGUiOiJjb29yZGluYXRvciIsImlhdCI6MTc0ODQxNzA2NiwiZXhwIjoxNzQ4NDI3ODY2fQ.5bUA55W6YJ0cTJgwBJSp66F0lW2hDeyedMqsQ9zUgWE",
    "user-agent": "Mozilla/5.0 (Linux; Android 6.0; Nexus 5 Build/MRA58N) AppleWebKit/537.36 (KHTML, like Gecko) Chrome/131.0.0.0 Mobile Safari/537.36",
    "accept": "application/json, text/plain, */*",
    "sec-ch-ua": "\"Google Chrome\";v=\"131\", \"Chromium\";v=\"131\", \"Not_A Brand\";v=\"24\"",
    "sec-ch-ua-mobile": "?1",
    "origin": "http://localhost:5173",
    "sec-fetch-site": "same-site",
    "sec-fetch-mode": "cors",
    "sec-fetch-dest": "empty",
    "referer": "http://localhost:5173/",
    "accept-encoding": "gzip, deflate, br, zstd",
    "accept-language": "en-US,en;q=0.9",
    "if-none-match": "W/\"349-79S82scIu5tm0MWXR+jKBCsbtIE\""
  },
  "body": {}
}
2025-05-28 14:24:39 [INFO]: Database query executed {
  "sql": "SELECT id, username, email, role, nationality, created_at FROM users WHERE id = $1",
  "params": [
    "b1d9491a-8702-40d9-a999-68a7dccdc7c3"
  ],
  "rowCount": 1,
  "duration": "56ms"
}
2025-05-28 14:24:39 [INFO]: Fetched user by id {
  "id": "b1d9491a-8702-40d9-a999-68a7dccdc7c3"
}
2025-05-28 14:24:39 [INFO]: Request received {
  "method": "GET",
  "url": "/api/users/b1d9491a-8702-40d9-a999-68a7dccdc7c3",
  "headers": {
    "host": "localhost:3000",
    "connection": "keep-alive",
    "sec-ch-ua-platform": "\"Android\"",
    "authorization": "Bearer eyJhbGciOiJIUzI1NiIsInR5cCI6IkpXVCJ9.eyJpZCI6ImIxZDk0OTFhLTg3MDItNDBkOS1hOTk5LTY4YTdkY2NkYzdjMyIsInJvbGUiOiJjb29yZGluYXRvciIsImlhdCI6MTc0ODQxNzA2NiwiZXhwIjoxNzQ4NDI3ODY2fQ.5bUA55W6YJ0cTJgwBJSp66F0lW2hDeyedMqsQ9zUgWE",
    "user-agent": "Mozilla/5.0 (Linux; Android 6.0; Nexus 5 Build/MRA58N) AppleWebKit/537.36 (KHTML, like Gecko) Chrome/131.0.0.0 Mobile Safari/537.36",
    "accept": "application/json, text/plain, */*",
    "sec-ch-ua": "\"Google Chrome\";v=\"131\", \"Chromium\";v=\"131\", \"Not_A Brand\";v=\"24\"",
    "sec-ch-ua-mobile": "?1",
    "origin": "http://localhost:5173",
    "sec-fetch-site": "same-site",
    "sec-fetch-mode": "cors",
    "sec-fetch-dest": "empty",
    "referer": "http://localhost:5173/",
    "accept-encoding": "gzip, deflate, br, zstd",
    "accept-language": "en-US,en;q=0.9",
    "if-none-match": "W/\"b5-VqTNJSdOdddfefC5Mu/hTTblnwA\""
  },
  "body": {}
}
2025-05-28 14:24:39 [INFO]: Fetching user by id {
  "id": "b1d9491a-8702-40d9-a999-68a7dccdc7c3"
}
2025-05-28 14:24:39 [INFO]: Database query executed {
  "sql": "SELECT id, username, email, role, nationality, created_at FROM users WHERE id = $1",
  "params": [
    "b1d9491a-8702-40d9-a999-68a7dccdc7c3"
  ],
  "rowCount": 1,
  "duration": "59ms"
}
2025-05-28 14:24:39 [INFO]: Fetched user by id {
  "id": "b1d9491a-8702-40d9-a999-68a7dccdc7c3"
}
2025-05-28 14:24:39 [INFO]: Database query executed {
  "sql": "SELECT id, username, email, role, nationality, created_at FROM users",
  "params": [],
  "rowCount": 7,
  "duration": "284ms"
}
2025-05-28 14:24:39 [INFO]: Fetched all users
2025-05-28 14:24:39 [INFO]: Request received {
  "method": "GET",
  "url": "/api/childattendances",
  "headers": {
    "host": "localhost:3000",
    "connection": "keep-alive",
    "sec-ch-ua-platform": "\"Android\"",
    "authorization": "Bearer eyJhbGciOiJIUzI1NiIsInR5cCI6IkpXVCJ9.eyJpZCI6ImIxZDk0OTFhLTg3MDItNDBkOS1hOTk5LTY4YTdkY2NkYzdjMyIsInJvbGUiOiJjb29yZGluYXRvciIsImlhdCI6MTc0ODQxNzA2NiwiZXhwIjoxNzQ4NDI3ODY2fQ.5bUA55W6YJ0cTJgwBJSp66F0lW2hDeyedMqsQ9zUgWE",
    "user-agent": "Mozilla/5.0 (Linux; Android 6.0; Nexus 5 Build/MRA58N) AppleWebKit/537.36 (KHTML, like Gecko) Chrome/131.0.0.0 Mobile Safari/537.36",
    "accept": "application/json, text/plain, */*",
    "sec-ch-ua": "\"Google Chrome\";v=\"131\", \"Chromium\";v=\"131\", \"Not_A Brand\";v=\"24\"",
    "sec-ch-ua-mobile": "?1",
    "origin": "http://localhost:5173",
    "sec-fetch-site": "same-site",
    "sec-fetch-mode": "cors",
    "sec-fetch-dest": "empty",
    "referer": "http://localhost:5173/",
    "accept-encoding": "gzip, deflate, br, zstd",
    "accept-language": "en-US,en;q=0.9",
    "if-none-match": "W/\"349-79S82scIu5tm0MWXR+jKBCsbtIE\""
  },
  "body": {}
}
2025-05-28 14:24:39 [INFO]: Request received {
  "method": "GET",
  "url": "/api/users",
  "headers": {
    "host": "localhost:3000",
    "connection": "keep-alive",
    "sec-ch-ua-platform": "\"Android\"",
    "authorization": "Bearer eyJhbGciOiJIUzI1NiIsInR5cCI6IkpXVCJ9.eyJpZCI6ImIxZDk0OTFhLTg3MDItNDBkOS1hOTk5LTY4YTdkY2NkYzdjMyIsInJvbGUiOiJjb29yZGluYXRvciIsImlhdCI6MTc0ODQxNzA2NiwiZXhwIjoxNzQ4NDI3ODY2fQ.5bUA55W6YJ0cTJgwBJSp66F0lW2hDeyedMqsQ9zUgWE",
    "user-agent": "Mozilla/5.0 (Linux; Android 6.0; Nexus 5 Build/MRA58N) AppleWebKit/537.36 (KHTML, like Gecko) Chrome/131.0.0.0 Mobile Safari/537.36",
    "accept": "application/json, text/plain, */*",
    "sec-ch-ua": "\"Google Chrome\";v=\"131\", \"Chromium\";v=\"131\", \"Not_A Brand\";v=\"24\"",
    "sec-ch-ua-mobile": "?1",
    "origin": "http://localhost:5173",
    "sec-fetch-site": "same-site",
    "sec-fetch-mode": "cors",
    "sec-fetch-dest": "empty",
    "referer": "http://localhost:5173/",
    "accept-encoding": "gzip, deflate, br, zstd",
    "accept-language": "en-US,en;q=0.9",
    "if-none-match": "W/\"4b7-nxt4E/qpmJ5hSLuZZQvDmh5l7qA\""
  },
  "body": {}
}
2025-05-28 14:24:39 [INFO]: Fetching all users
2025-05-28 14:24:39 [INFO]: Database query executed {
  "sql": "SELECT id, username, email, role, nationality, created_at FROM users",
  "params": [],
  "rowCount": 7,
  "duration": "40ms"
}
2025-05-28 14:24:39 [INFO]: Fetched all users
2025-05-28 14:24:40 [INFO]: Request received {
  "method": "GET",
  "url": "/api/users/b1d9491a-8702-40d9-a999-68a7dccdc7c3",
  "headers": {
    "host": "localhost:3000",
    "connection": "keep-alive",
    "sec-ch-ua-platform": "\"Android\"",
    "authorization": "Bearer eyJhbGciOiJIUzI1NiIsInR5cCI6IkpXVCJ9.eyJpZCI6ImIxZDk0OTFhLTg3MDItNDBkOS1hOTk5LTY4YTdkY2NkYzdjMyIsInJvbGUiOiJjb29yZGluYXRvciIsImlhdCI6MTc0ODQxNzA2NiwiZXhwIjoxNzQ4NDI3ODY2fQ.5bUA55W6YJ0cTJgwBJSp66F0lW2hDeyedMqsQ9zUgWE",
    "user-agent": "Mozilla/5.0 (Linux; Android 6.0; Nexus 5 Build/MRA58N) AppleWebKit/537.36 (KHTML, like Gecko) Chrome/131.0.0.0 Mobile Safari/537.36",
    "accept": "application/json, text/plain, */*",
    "sec-ch-ua": "\"Google Chrome\";v=\"131\", \"Chromium\";v=\"131\", \"Not_A Brand\";v=\"24\"",
    "sec-ch-ua-mobile": "?1",
    "origin": "http://localhost:5173",
    "sec-fetch-site": "same-site",
    "sec-fetch-mode": "cors",
    "sec-fetch-dest": "empty",
    "referer": "http://localhost:5173/",
    "accept-encoding": "gzip, deflate, br, zstd",
    "accept-language": "en-US,en;q=0.9",
    "if-none-match": "W/\"b5-VqTNJSdOdddfefC5Mu/hTTblnwA\""
  },
  "body": {}
}
2025-05-28 14:24:40 [INFO]: Fetching user by id {
  "id": "b1d9491a-8702-40d9-a999-68a7dccdc7c3"
}
2025-05-28 14:24:40 [INFO]: Database query executed {
  "sql": "SELECT id, username, email, role, nationality, created_at FROM users WHERE id = $1",
  "params": [
    "b1d9491a-8702-40d9-a999-68a7dccdc7c3"
  ],
  "rowCount": 1,
  "duration": "46ms"
}
2025-05-28 14:24:40 [INFO]: Fetched user by id {
  "id": "b1d9491a-8702-40d9-a999-68a7dccdc7c3"
}
2025-05-28 14:24:40 [INFO]: Request received {
  "method": "GET",
  "url": "/api/users/b1d9491a-8702-40d9-a999-68a7dccdc7c3",
  "headers": {
    "host": "localhost:3000",
    "connection": "keep-alive",
    "sec-ch-ua-platform": "\"Android\"",
    "authorization": "Bearer eyJhbGciOiJIUzI1NiIsInR5cCI6IkpXVCJ9.eyJpZCI6ImIxZDk0OTFhLTg3MDItNDBkOS1hOTk5LTY4YTdkY2NkYzdjMyIsInJvbGUiOiJjb29yZGluYXRvciIsImlhdCI6MTc0ODQxNzA2NiwiZXhwIjoxNzQ4NDI3ODY2fQ.5bUA55W6YJ0cTJgwBJSp66F0lW2hDeyedMqsQ9zUgWE",
    "user-agent": "Mozilla/5.0 (Linux; Android 6.0; Nexus 5 Build/MRA58N) AppleWebKit/537.36 (KHTML, like Gecko) Chrome/131.0.0.0 Mobile Safari/537.36",
    "accept": "application/json, text/plain, */*",
    "sec-ch-ua": "\"Google Chrome\";v=\"131\", \"Chromium\";v=\"131\", \"Not_A Brand\";v=\"24\"",
    "sec-ch-ua-mobile": "?1",
    "origin": "http://localhost:5173",
    "sec-fetch-site": "same-site",
    "sec-fetch-mode": "cors",
    "sec-fetch-dest": "empty",
    "referer": "http://localhost:5173/",
    "accept-encoding": "gzip, deflate, br, zstd",
    "accept-language": "en-US,en;q=0.9",
    "if-none-match": "W/\"b5-VqTNJSdOdddfefC5Mu/hTTblnwA\""
  },
  "body": {}
}
2025-05-28 14:24:40 [INFO]: Fetching user by id {
  "id": "b1d9491a-8702-40d9-a999-68a7dccdc7c3"
}
2025-05-28 14:24:40 [INFO]: Database query executed {
  "sql": "SELECT id, username, email, role, nationality, created_at FROM users WHERE id = $1",
  "params": [
    "b1d9491a-8702-40d9-a999-68a7dccdc7c3"
  ],
  "rowCount": 1,
  "duration": "44ms"
}
2025-05-28 14:24:40 [INFO]: Fetched user by id {
  "id": "b1d9491a-8702-40d9-a999-68a7dccdc7c3"
}
2025-05-28 14:24:41 [INFO]: Request received {
  "method": "GET",
  "url": "/api/users/b1d9491a-8702-40d9-a999-68a7dccdc7c3",
  "headers": {
    "host": "localhost:3000",
    "connection": "keep-alive",
    "sec-ch-ua-platform": "\"Android\"",
    "authorization": "Bearer eyJhbGciOiJIUzI1NiIsInR5cCI6IkpXVCJ9.eyJpZCI6ImIxZDk0OTFhLTg3MDItNDBkOS1hOTk5LTY4YTdkY2NkYzdjMyIsInJvbGUiOiJjb29yZGluYXRvciIsImlhdCI6MTc0ODQxNzA2NiwiZXhwIjoxNzQ4NDI3ODY2fQ.5bUA55W6YJ0cTJgwBJSp66F0lW2hDeyedMqsQ9zUgWE",
    "user-agent": "Mozilla/5.0 (Linux; Android 6.0; Nexus 5 Build/MRA58N) AppleWebKit/537.36 (KHTML, like Gecko) Chrome/131.0.0.0 Mobile Safari/537.36",
    "accept": "application/json, text/plain, */*",
    "sec-ch-ua": "\"Google Chrome\";v=\"131\", \"Chromium\";v=\"131\", \"Not_A Brand\";v=\"24\"",
    "sec-ch-ua-mobile": "?1",
    "origin": "http://localhost:5173",
    "sec-fetch-site": "same-site",
    "sec-fetch-mode": "cors",
    "sec-fetch-dest": "empty",
    "referer": "http://localhost:5173/",
    "accept-encoding": "gzip, deflate, br, zstd",
    "accept-language": "en-US,en;q=0.9",
    "if-none-match": "W/\"b5-VqTNJSdOdddfefC5Mu/hTTblnwA\""
  },
  "body": {}
}
2025-05-28 14:24:41 [INFO]: Fetching user by id {
  "id": "b1d9491a-8702-40d9-a999-68a7dccdc7c3"
}
2025-05-28 14:24:41 [INFO]: Request received {
  "method": "GET",
  "url": "/api/users",
  "headers": {
    "host": "localhost:3000",
    "connection": "keep-alive",
    "sec-ch-ua-platform": "\"Android\"",
    "authorization": "Bearer eyJhbGciOiJIUzI1NiIsInR5cCI6IkpXVCJ9.eyJpZCI6ImIxZDk0OTFhLTg3MDItNDBkOS1hOTk5LTY4YTdkY2NkYzdjMyIsInJvbGUiOiJjb29yZGluYXRvciIsImlhdCI6MTc0ODQxNzA2NiwiZXhwIjoxNzQ4NDI3ODY2fQ.5bUA55W6YJ0cTJgwBJSp66F0lW2hDeyedMqsQ9zUgWE",
    "user-agent": "Mozilla/5.0 (Linux; Android 6.0; Nexus 5 Build/MRA58N) AppleWebKit/537.36 (KHTML, like Gecko) Chrome/131.0.0.0 Mobile Safari/537.36",
    "accept": "application/json, text/plain, */*",
    "sec-ch-ua": "\"Google Chrome\";v=\"131\", \"Chromium\";v=\"131\", \"Not_A Brand\";v=\"24\"",
    "sec-ch-ua-mobile": "?1",
    "origin": "http://localhost:5173",
    "sec-fetch-site": "same-site",
    "sec-fetch-mode": "cors",
    "sec-fetch-dest": "empty",
    "referer": "http://localhost:5173/",
    "accept-encoding": "gzip, deflate, br, zstd",
    "accept-language": "en-US,en;q=0.9",
    "if-none-match": "W/\"4b7-nxt4E/qpmJ5hSLuZZQvDmh5l7qA\""
  },
  "body": {}
}
2025-05-28 14:24:41 [INFO]: Fetching all users
2025-05-28 14:24:41 [INFO]: Request received {
  "method": "GET",
  "url": "/api/childattendances",
  "headers": {
    "host": "localhost:3000",
    "connection": "keep-alive",
    "sec-ch-ua-platform": "\"Android\"",
    "authorization": "Bearer eyJhbGciOiJIUzI1NiIsInR5cCI6IkpXVCJ9.eyJpZCI6ImIxZDk0OTFhLTg3MDItNDBkOS1hOTk5LTY4YTdkY2NkYzdjMyIsInJvbGUiOiJjb29yZGluYXRvciIsImlhdCI6MTc0ODQxNzA2NiwiZXhwIjoxNzQ4NDI3ODY2fQ.5bUA55W6YJ0cTJgwBJSp66F0lW2hDeyedMqsQ9zUgWE",
    "user-agent": "Mozilla/5.0 (Linux; Android 6.0; Nexus 5 Build/MRA58N) AppleWebKit/537.36 (KHTML, like Gecko) Chrome/131.0.0.0 Mobile Safari/537.36",
    "accept": "application/json, text/plain, */*",
    "sec-ch-ua": "\"Google Chrome\";v=\"131\", \"Chromium\";v=\"131\", \"Not_A Brand\";v=\"24\"",
    "sec-ch-ua-mobile": "?1",
    "origin": "http://localhost:5173",
    "sec-fetch-site": "same-site",
    "sec-fetch-mode": "cors",
    "sec-fetch-dest": "empty",
    "referer": "http://localhost:5173/",
    "accept-encoding": "gzip, deflate, br, zstd",
    "accept-language": "en-US,en;q=0.9",
    "if-none-match": "W/\"349-79S82scIu5tm0MWXR+jKBCsbtIE\""
  },
  "body": {}
}
2025-05-28 14:24:41 [INFO]: Database query executed {
  "sql": "SELECT id, username, email, role, nationality, created_at FROM users WHERE id = $1",
  "params": [
    "b1d9491a-8702-40d9-a999-68a7dccdc7c3"
  ],
  "rowCount": 1,
  "duration": "56ms"
}
2025-05-28 14:24:41 [INFO]: Fetched user by id {
  "id": "b1d9491a-8702-40d9-a999-68a7dccdc7c3"
}
2025-05-28 14:24:41 [INFO]: Database query executed {
  "sql": "SELECT id, username, email, role, nationality, created_at FROM users",
  "params": [],
  "rowCount": 7,
  "duration": "55ms"
}
2025-05-28 14:24:41 [INFO]: Fetched all users
2025-05-28 14:24:41 [INFO]: Request received {
  "method": "GET",
  "url": "/api/users/b1d9491a-8702-40d9-a999-68a7dccdc7c3",
  "headers": {
    "host": "localhost:3000",
    "connection": "keep-alive",
    "sec-ch-ua-platform": "\"Android\"",
    "authorization": "Bearer eyJhbGciOiJIUzI1NiIsInR5cCI6IkpXVCJ9.eyJpZCI6ImIxZDk0OTFhLTg3MDItNDBkOS1hOTk5LTY4YTdkY2NkYzdjMyIsInJvbGUiOiJjb29yZGluYXRvciIsImlhdCI6MTc0ODQxNzA2NiwiZXhwIjoxNzQ4NDI3ODY2fQ.5bUA55W6YJ0cTJgwBJSp66F0lW2hDeyedMqsQ9zUgWE",
    "user-agent": "Mozilla/5.0 (Linux; Android 6.0; Nexus 5 Build/MRA58N) AppleWebKit/537.36 (KHTML, like Gecko) Chrome/131.0.0.0 Mobile Safari/537.36",
    "accept": "application/json, text/plain, */*",
    "sec-ch-ua": "\"Google Chrome\";v=\"131\", \"Chromium\";v=\"131\", \"Not_A Brand\";v=\"24\"",
    "sec-ch-ua-mobile": "?1",
    "origin": "http://localhost:5173",
    "sec-fetch-site": "same-site",
    "sec-fetch-mode": "cors",
    "sec-fetch-dest": "empty",
    "referer": "http://localhost:5173/",
    "accept-encoding": "gzip, deflate, br, zstd",
    "accept-language": "en-US,en;q=0.9",
    "if-none-match": "W/\"b5-VqTNJSdOdddfefC5Mu/hTTblnwA\""
  },
  "body": {}
}
2025-05-28 14:24:41 [INFO]: Fetching user by id {
  "id": "b1d9491a-8702-40d9-a999-68a7dccdc7c3"
}
2025-05-28 14:24:41 [INFO]: Request received {
  "method": "GET",
  "url": "/api/users",
  "headers": {
    "host": "localhost:3000",
    "connection": "keep-alive",
    "sec-ch-ua-platform": "\"Android\"",
    "authorization": "Bearer eyJhbGciOiJIUzI1NiIsInR5cCI6IkpXVCJ9.eyJpZCI6ImIxZDk0OTFhLTg3MDItNDBkOS1hOTk5LTY4YTdkY2NkYzdjMyIsInJvbGUiOiJjb29yZGluYXRvciIsImlhdCI6MTc0ODQxNzA2NiwiZXhwIjoxNzQ4NDI3ODY2fQ.5bUA55W6YJ0cTJgwBJSp66F0lW2hDeyedMqsQ9zUgWE",
    "user-agent": "Mozilla/5.0 (Linux; Android 6.0; Nexus 5 Build/MRA58N) AppleWebKit/537.36 (KHTML, like Gecko) Chrome/131.0.0.0 Mobile Safari/537.36",
    "accept": "application/json, text/plain, */*",
    "sec-ch-ua": "\"Google Chrome\";v=\"131\", \"Chromium\";v=\"131\", \"Not_A Brand\";v=\"24\"",
    "sec-ch-ua-mobile": "?1",
    "origin": "http://localhost:5173",
    "sec-fetch-site": "same-site",
    "sec-fetch-mode": "cors",
    "sec-fetch-dest": "empty",
    "referer": "http://localhost:5173/",
    "accept-encoding": "gzip, deflate, br, zstd",
    "accept-language": "en-US,en;q=0.9",
    "if-none-match": "W/\"4b7-nxt4E/qpmJ5hSLuZZQvDmh5l7qA\""
  },
  "body": {}
}
2025-05-28 14:24:41 [INFO]: Fetching all users
2025-05-28 14:24:41 [INFO]: Request received {
  "method": "GET",
  "url": "/api/childattendances",
  "headers": {
    "host": "localhost:3000",
    "connection": "keep-alive",
    "sec-ch-ua-platform": "\"Android\"",
    "authorization": "Bearer eyJhbGciOiJIUzI1NiIsInR5cCI6IkpXVCJ9.eyJpZCI6ImIxZDk0OTFhLTg3MDItNDBkOS1hOTk5LTY4YTdkY2NkYzdjMyIsInJvbGUiOiJjb29yZGluYXRvciIsImlhdCI6MTc0ODQxNzA2NiwiZXhwIjoxNzQ4NDI3ODY2fQ.5bUA55W6YJ0cTJgwBJSp66F0lW2hDeyedMqsQ9zUgWE",
    "user-agent": "Mozilla/5.0 (Linux; Android 6.0; Nexus 5 Build/MRA58N) AppleWebKit/537.36 (KHTML, like Gecko) Chrome/131.0.0.0 Mobile Safari/537.36",
    "accept": "application/json, text/plain, */*",
    "sec-ch-ua": "\"Google Chrome\";v=\"131\", \"Chromium\";v=\"131\", \"Not_A Brand\";v=\"24\"",
    "sec-ch-ua-mobile": "?1",
    "origin": "http://localhost:5173",
    "sec-fetch-site": "same-site",
    "sec-fetch-mode": "cors",
    "sec-fetch-dest": "empty",
    "referer": "http://localhost:5173/",
    "accept-encoding": "gzip, deflate, br, zstd",
    "accept-language": "en-US,en;q=0.9",
    "if-none-match": "W/\"349-79S82scIu5tm0MWXR+jKBCsbtIE\""
  },
  "body": {}
}
2025-05-28 14:24:41 [INFO]: Database query executed {
  "sql": "SELECT id, username, email, role, nationality, created_at FROM users WHERE id = $1",
  "params": [
    "b1d9491a-8702-40d9-a999-68a7dccdc7c3"
  ],
  "rowCount": 1,
  "duration": "46ms"
}
2025-05-28 14:24:41 [INFO]: Fetched user by id {
  "id": "b1d9491a-8702-40d9-a999-68a7dccdc7c3"
}
2025-05-28 14:24:41 [INFO]: Database query executed {
  "sql": "SELECT id, username, email, role, nationality, created_at FROM users",
  "params": [],
  "rowCount": 7,
  "duration": "53ms"
}
2025-05-28 14:24:41 [INFO]: Fetched all users
2025-05-28 14:24:43 [INFO]: Request received {
  "method": "GET",
  "url": "/api/users/b1d9491a-8702-40d9-a999-68a7dccdc7c3",
  "headers": {
    "host": "localhost:3000",
    "connection": "keep-alive",
    "sec-ch-ua-platform": "\"Android\"",
    "authorization": "Bearer eyJhbGciOiJIUzI1NiIsInR5cCI6IkpXVCJ9.eyJpZCI6ImIxZDk0OTFhLTg3MDItNDBkOS1hOTk5LTY4YTdkY2NkYzdjMyIsInJvbGUiOiJjb29yZGluYXRvciIsImlhdCI6MTc0ODQxNzA2NiwiZXhwIjoxNzQ4NDI3ODY2fQ.5bUA55W6YJ0cTJgwBJSp66F0lW2hDeyedMqsQ9zUgWE",
    "user-agent": "Mozilla/5.0 (Linux; Android 6.0; Nexus 5 Build/MRA58N) AppleWebKit/537.36 (KHTML, like Gecko) Chrome/131.0.0.0 Mobile Safari/537.36",
    "accept": "application/json, text/plain, */*",
    "sec-ch-ua": "\"Google Chrome\";v=\"131\", \"Chromium\";v=\"131\", \"Not_A Brand\";v=\"24\"",
    "sec-ch-ua-mobile": "?1",
    "origin": "http://localhost:5173",
    "sec-fetch-site": "same-site",
    "sec-fetch-mode": "cors",
    "sec-fetch-dest": "empty",
    "referer": "http://localhost:5173/",
    "accept-encoding": "gzip, deflate, br, zstd",
    "accept-language": "en-US,en;q=0.9",
    "if-none-match": "W/\"b5-VqTNJSdOdddfefC5Mu/hTTblnwA\""
  },
  "body": {}
}
2025-05-28 14:24:43 [INFO]: Fetching user by id {
  "id": "b1d9491a-8702-40d9-a999-68a7dccdc7c3"
}
2025-05-28 14:24:43 [INFO]: Database query executed {
  "sql": "SELECT id, username, email, role, nationality, created_at FROM users WHERE id = $1",
  "params": [
    "b1d9491a-8702-40d9-a999-68a7dccdc7c3"
  ],
  "rowCount": 1,
  "duration": "44ms"
}
2025-05-28 14:24:43 [INFO]: Fetched user by id {
  "id": "b1d9491a-8702-40d9-a999-68a7dccdc7c3"
}
2025-05-28 14:24:43 [INFO]: Request received {
  "method": "GET",
  "url": "/api/users/b1d9491a-8702-40d9-a999-68a7dccdc7c3",
  "headers": {
    "host": "localhost:3000",
    "connection": "keep-alive",
    "sec-ch-ua-platform": "\"Android\"",
    "authorization": "Bearer eyJhbGciOiJIUzI1NiIsInR5cCI6IkpXVCJ9.eyJpZCI6ImIxZDk0OTFhLTg3MDItNDBkOS1hOTk5LTY4YTdkY2NkYzdjMyIsInJvbGUiOiJjb29yZGluYXRvciIsImlhdCI6MTc0ODQxNzA2NiwiZXhwIjoxNzQ4NDI3ODY2fQ.5bUA55W6YJ0cTJgwBJSp66F0lW2hDeyedMqsQ9zUgWE",
    "user-agent": "Mozilla/5.0 (Linux; Android 6.0; Nexus 5 Build/MRA58N) AppleWebKit/537.36 (KHTML, like Gecko) Chrome/131.0.0.0 Mobile Safari/537.36",
    "accept": "application/json, text/plain, */*",
    "sec-ch-ua": "\"Google Chrome\";v=\"131\", \"Chromium\";v=\"131\", \"Not_A Brand\";v=\"24\"",
    "sec-ch-ua-mobile": "?1",
    "origin": "http://localhost:5173",
    "sec-fetch-site": "same-site",
    "sec-fetch-mode": "cors",
    "sec-fetch-dest": "empty",
    "referer": "http://localhost:5173/",
    "accept-encoding": "gzip, deflate, br, zstd",
    "accept-language": "en-US,en;q=0.9",
    "if-none-match": "W/\"b5-VqTNJSdOdddfefC5Mu/hTTblnwA\""
  },
  "body": {}
}
2025-05-28 14:24:43 [INFO]: Fetching user by id {
  "id": "b1d9491a-8702-40d9-a999-68a7dccdc7c3"
}
2025-05-28 14:24:43 [INFO]: Database query executed {
  "sql": "SELECT id, username, email, role, nationality, created_at FROM users WHERE id = $1",
  "params": [
    "b1d9491a-8702-40d9-a999-68a7dccdc7c3"
  ],
  "rowCount": 1,
  "duration": "40ms"
}
2025-05-28 14:24:43 [INFO]: Fetched user by id {
  "id": "b1d9491a-8702-40d9-a999-68a7dccdc7c3"
}
2025-05-28 14:24:45 [INFO]: Request received {
  "method": "GET",
  "url": "/api/users/b1d9491a-8702-40d9-a999-68a7dccdc7c3",
  "headers": {
    "host": "localhost:3000",
    "connection": "keep-alive",
    "sec-ch-ua-platform": "\"Android\"",
    "authorization": "Bearer eyJhbGciOiJIUzI1NiIsInR5cCI6IkpXVCJ9.eyJpZCI6ImIxZDk0OTFhLTg3MDItNDBkOS1hOTk5LTY4YTdkY2NkYzdjMyIsInJvbGUiOiJjb29yZGluYXRvciIsImlhdCI6MTc0ODQxNzA2NiwiZXhwIjoxNzQ4NDI3ODY2fQ.5bUA55W6YJ0cTJgwBJSp66F0lW2hDeyedMqsQ9zUgWE",
    "user-agent": "Mozilla/5.0 (Linux; Android 6.0; Nexus 5 Build/MRA58N) AppleWebKit/537.36 (KHTML, like Gecko) Chrome/131.0.0.0 Mobile Safari/537.36",
    "accept": "application/json, text/plain, */*",
    "sec-ch-ua": "\"Google Chrome\";v=\"131\", \"Chromium\";v=\"131\", \"Not_A Brand\";v=\"24\"",
    "sec-ch-ua-mobile": "?1",
    "origin": "http://localhost:5173",
    "sec-fetch-site": "same-site",
    "sec-fetch-mode": "cors",
    "sec-fetch-dest": "empty",
    "referer": "http://localhost:5173/",
    "accept-encoding": "gzip, deflate, br, zstd",
    "accept-language": "en-US,en;q=0.9",
    "if-none-match": "W/\"b5-VqTNJSdOdddfefC5Mu/hTTblnwA\""
  },
  "body": {}
}
2025-05-28 14:24:45 [INFO]: Fetching user by id {
  "id": "b1d9491a-8702-40d9-a999-68a7dccdc7c3"
}
2025-05-28 14:24:45 [INFO]: Request received {
  "method": "GET",
  "url": "/api/users",
  "headers": {
    "host": "localhost:3000",
    "connection": "keep-alive",
    "sec-ch-ua-platform": "\"Android\"",
    "authorization": "Bearer eyJhbGciOiJIUzI1NiIsInR5cCI6IkpXVCJ9.eyJpZCI6ImIxZDk0OTFhLTg3MDItNDBkOS1hOTk5LTY4YTdkY2NkYzdjMyIsInJvbGUiOiJjb29yZGluYXRvciIsImlhdCI6MTc0ODQxNzA2NiwiZXhwIjoxNzQ4NDI3ODY2fQ.5bUA55W6YJ0cTJgwBJSp66F0lW2hDeyedMqsQ9zUgWE",
    "user-agent": "Mozilla/5.0 (Linux; Android 6.0; Nexus 5 Build/MRA58N) AppleWebKit/537.36 (KHTML, like Gecko) Chrome/131.0.0.0 Mobile Safari/537.36",
    "accept": "application/json, text/plain, */*",
    "sec-ch-ua": "\"Google Chrome\";v=\"131\", \"Chromium\";v=\"131\", \"Not_A Brand\";v=\"24\"",
    "sec-ch-ua-mobile": "?1",
    "origin": "http://localhost:5173",
    "sec-fetch-site": "same-site",
    "sec-fetch-mode": "cors",
    "sec-fetch-dest": "empty",
    "referer": "http://localhost:5173/",
    "accept-encoding": "gzip, deflate, br, zstd",
    "accept-language": "en-US,en;q=0.9",
    "if-none-match": "W/\"4b7-nxt4E/qpmJ5hSLuZZQvDmh5l7qA\""
  },
  "body": {}
}
2025-05-28 14:24:45 [INFO]: Fetching all users
2025-05-28 14:24:45 [INFO]: Request received {
  "method": "GET",
  "url": "/api/childattendances",
  "headers": {
    "host": "localhost:3000",
    "connection": "keep-alive",
    "sec-ch-ua-platform": "\"Android\"",
    "authorization": "Bearer eyJhbGciOiJIUzI1NiIsInR5cCI6IkpXVCJ9.eyJpZCI6ImIxZDk0OTFhLTg3MDItNDBkOS1hOTk5LTY4YTdkY2NkYzdjMyIsInJvbGUiOiJjb29yZGluYXRvciIsImlhdCI6MTc0ODQxNzA2NiwiZXhwIjoxNzQ4NDI3ODY2fQ.5bUA55W6YJ0cTJgwBJSp66F0lW2hDeyedMqsQ9zUgWE",
    "user-agent": "Mozilla/5.0 (Linux; Android 6.0; Nexus 5 Build/MRA58N) AppleWebKit/537.36 (KHTML, like Gecko) Chrome/131.0.0.0 Mobile Safari/537.36",
    "accept": "application/json, text/plain, */*",
    "sec-ch-ua": "\"Google Chrome\";v=\"131\", \"Chromium\";v=\"131\", \"Not_A Brand\";v=\"24\"",
    "sec-ch-ua-mobile": "?1",
    "origin": "http://localhost:5173",
    "sec-fetch-site": "same-site",
    "sec-fetch-mode": "cors",
    "sec-fetch-dest": "empty",
    "referer": "http://localhost:5173/",
    "accept-encoding": "gzip, deflate, br, zstd",
    "accept-language": "en-US,en;q=0.9",
    "if-none-match": "W/\"349-79S82scIu5tm0MWXR+jKBCsbtIE\""
  },
  "body": {}
}
2025-05-28 14:24:45 [INFO]: Database query executed {
  "sql": "SELECT id, username, email, role, nationality, created_at FROM users",
  "params": [],
  "rowCount": 7,
  "duration": "52ms"
}
2025-05-28 14:24:45 [INFO]: Fetched all users
2025-05-28 14:24:45 [INFO]: Database query executed {
  "sql": "SELECT id, username, email, role, nationality, created_at FROM users WHERE id = $1",
  "params": [
    "b1d9491a-8702-40d9-a999-68a7dccdc7c3"
  ],
  "rowCount": 1,
  "duration": "61ms"
}
2025-05-28 14:24:45 [INFO]: Fetched user by id {
  "id": "b1d9491a-8702-40d9-a999-68a7dccdc7c3"
}
2025-05-28 14:24:45 [INFO]: Request received {
  "method": "GET",
  "url": "/api/users",
  "headers": {
    "host": "localhost:3000",
    "connection": "keep-alive",
    "sec-ch-ua-platform": "\"Android\"",
    "authorization": "Bearer eyJhbGciOiJIUzI1NiIsInR5cCI6IkpXVCJ9.eyJpZCI6ImIxZDk0OTFhLTg3MDItNDBkOS1hOTk5LTY4YTdkY2NkYzdjMyIsInJvbGUiOiJjb29yZGluYXRvciIsImlhdCI6MTc0ODQxNzA2NiwiZXhwIjoxNzQ4NDI3ODY2fQ.5bUA55W6YJ0cTJgwBJSp66F0lW2hDeyedMqsQ9zUgWE",
    "user-agent": "Mozilla/5.0 (Linux; Android 6.0; Nexus 5 Build/MRA58N) AppleWebKit/537.36 (KHTML, like Gecko) Chrome/131.0.0.0 Mobile Safari/537.36",
    "accept": "application/json, text/plain, */*",
    "sec-ch-ua": "\"Google Chrome\";v=\"131\", \"Chromium\";v=\"131\", \"Not_A Brand\";v=\"24\"",
    "sec-ch-ua-mobile": "?1",
    "origin": "http://localhost:5173",
    "sec-fetch-site": "same-site",
    "sec-fetch-mode": "cors",
    "sec-fetch-dest": "empty",
    "referer": "http://localhost:5173/",
    "accept-encoding": "gzip, deflate, br, zstd",
    "accept-language": "en-US,en;q=0.9",
    "if-none-match": "W/\"4b7-nxt4E/qpmJ5hSLuZZQvDmh5l7qA\""
  },
  "body": {}
}
2025-05-28 14:24:45 [INFO]: Fetching all users
2025-05-28 14:24:45 [INFO]: Request received {
  "method": "GET",
  "url": "/api/childattendances",
  "headers": {
    "host": "localhost:3000",
    "connection": "keep-alive",
    "sec-ch-ua-platform": "\"Android\"",
    "authorization": "Bearer eyJhbGciOiJIUzI1NiIsInR5cCI6IkpXVCJ9.eyJpZCI6ImIxZDk0OTFhLTg3MDItNDBkOS1hOTk5LTY4YTdkY2NkYzdjMyIsInJvbGUiOiJjb29yZGluYXRvciIsImlhdCI6MTc0ODQxNzA2NiwiZXhwIjoxNzQ4NDI3ODY2fQ.5bUA55W6YJ0cTJgwBJSp66F0lW2hDeyedMqsQ9zUgWE",
    "user-agent": "Mozilla/5.0 (Linux; Android 6.0; Nexus 5 Build/MRA58N) AppleWebKit/537.36 (KHTML, like Gecko) Chrome/131.0.0.0 Mobile Safari/537.36",
    "accept": "application/json, text/plain, */*",
    "sec-ch-ua": "\"Google Chrome\";v=\"131\", \"Chromium\";v=\"131\", \"Not_A Brand\";v=\"24\"",
    "sec-ch-ua-mobile": "?1",
    "origin": "http://localhost:5173",
    "sec-fetch-site": "same-site",
    "sec-fetch-mode": "cors",
    "sec-fetch-dest": "empty",
    "referer": "http://localhost:5173/",
    "accept-encoding": "gzip, deflate, br, zstd",
    "accept-language": "en-US,en;q=0.9",
    "if-none-match": "W/\"349-79S82scIu5tm0MWXR+jKBCsbtIE\""
  },
  "body": {}
}
2025-05-28 14:24:45 [INFO]: Request received {
  "method": "GET",
  "url": "/api/users/b1d9491a-8702-40d9-a999-68a7dccdc7c3",
  "headers": {
    "host": "localhost:3000",
    "connection": "keep-alive",
    "sec-ch-ua-platform": "\"Android\"",
    "authorization": "Bearer eyJhbGciOiJIUzI1NiIsInR5cCI6IkpXVCJ9.eyJpZCI6ImIxZDk0OTFhLTg3MDItNDBkOS1hOTk5LTY4YTdkY2NkYzdjMyIsInJvbGUiOiJjb29yZGluYXRvciIsImlhdCI6MTc0ODQxNzA2NiwiZXhwIjoxNzQ4NDI3ODY2fQ.5bUA55W6YJ0cTJgwBJSp66F0lW2hDeyedMqsQ9zUgWE",
    "user-agent": "Mozilla/5.0 (Linux; Android 6.0; Nexus 5 Build/MRA58N) AppleWebKit/537.36 (KHTML, like Gecko) Chrome/131.0.0.0 Mobile Safari/537.36",
    "accept": "application/json, text/plain, */*",
    "sec-ch-ua": "\"Google Chrome\";v=\"131\", \"Chromium\";v=\"131\", \"Not_A Brand\";v=\"24\"",
    "sec-ch-ua-mobile": "?1",
    "origin": "http://localhost:5173",
    "sec-fetch-site": "same-site",
    "sec-fetch-mode": "cors",
    "sec-fetch-dest": "empty",
    "referer": "http://localhost:5173/",
    "accept-encoding": "gzip, deflate, br, zstd",
    "accept-language": "en-US,en;q=0.9",
    "if-none-match": "W/\"b5-VqTNJSdOdddfefC5Mu/hTTblnwA\""
  },
  "body": {}
}
2025-05-28 14:24:45 [INFO]: Fetching user by id {
  "id": "b1d9491a-8702-40d9-a999-68a7dccdc7c3"
}
2025-05-28 14:24:45 [INFO]: Database query executed {
  "sql": "SELECT id, username, email, role, nationality, created_at FROM users WHERE id = $1",
  "params": [
    "b1d9491a-8702-40d9-a999-68a7dccdc7c3"
  ],
  "rowCount": 1,
  "duration": "59ms"
}
2025-05-28 14:24:45 [INFO]: Fetched user by id {
  "id": "b1d9491a-8702-40d9-a999-68a7dccdc7c3"
}
2025-05-28 14:24:45 [INFO]: Database query executed {
  "sql": "SELECT id, username, email, role, nationality, created_at FROM users",
  "params": [],
  "rowCount": 7,
  "duration": "65ms"
}
2025-05-28 14:24:45 [INFO]: Fetched all users
2025-05-28 14:24:58 [INFO]: Request received {
  "method": "GET",
  "url": "/api/users/b1d9491a-8702-40d9-a999-68a7dccdc7c3",
  "headers": {
    "host": "localhost:3000",
    "connection": "keep-alive",
    "sec-ch-ua-platform": "\"Android\"",
    "authorization": "Bearer eyJhbGciOiJIUzI1NiIsInR5cCI6IkpXVCJ9.eyJpZCI6ImIxZDk0OTFhLTg3MDItNDBkOS1hOTk5LTY4YTdkY2NkYzdjMyIsInJvbGUiOiJjb29yZGluYXRvciIsImlhdCI6MTc0ODQxNzA2NiwiZXhwIjoxNzQ4NDI3ODY2fQ.5bUA55W6YJ0cTJgwBJSp66F0lW2hDeyedMqsQ9zUgWE",
    "user-agent": "Mozilla/5.0 (Linux; Android 6.0; Nexus 5 Build/MRA58N) AppleWebKit/537.36 (KHTML, like Gecko) Chrome/131.0.0.0 Mobile Safari/537.36",
    "accept": "application/json, text/plain, */*",
    "sec-ch-ua": "\"Google Chrome\";v=\"131\", \"Chromium\";v=\"131\", \"Not_A Brand\";v=\"24\"",
    "sec-ch-ua-mobile": "?1",
    "origin": "http://localhost:5173",
    "sec-fetch-site": "same-site",
    "sec-fetch-mode": "cors",
    "sec-fetch-dest": "empty",
    "referer": "http://localhost:5173/",
    "accept-encoding": "gzip, deflate, br, zstd",
    "accept-language": "en-US,en;q=0.9",
    "if-none-match": "W/\"b5-VqTNJSdOdddfefC5Mu/hTTblnwA\""
  },
  "body": {}
}
2025-05-28 14:24:58 [INFO]: Fetching user by id {
  "id": "b1d9491a-8702-40d9-a999-68a7dccdc7c3"
}
2025-05-28 14:24:59 [INFO]: Database query executed {
  "sql": "SELECT id, username, email, role, nationality, created_at FROM users WHERE id = $1",
  "params": [
    "b1d9491a-8702-40d9-a999-68a7dccdc7c3"
  ],
  "rowCount": 1,
  "duration": "479ms"
}
2025-05-28 14:24:59 [INFO]: Fetched user by id {
  "id": "b1d9491a-8702-40d9-a999-68a7dccdc7c3"
}
2025-05-28 14:24:59 [INFO]: Request received {
  "method": "GET",
  "url": "/api/users/b1d9491a-8702-40d9-a999-68a7dccdc7c3",
  "headers": {
    "host": "localhost:3000",
    "connection": "keep-alive",
    "sec-ch-ua-platform": "\"Android\"",
    "authorization": "Bearer eyJhbGciOiJIUzI1NiIsInR5cCI6IkpXVCJ9.eyJpZCI6ImIxZDk0OTFhLTg3MDItNDBkOS1hOTk5LTY4YTdkY2NkYzdjMyIsInJvbGUiOiJjb29yZGluYXRvciIsImlhdCI6MTc0ODQxNzA2NiwiZXhwIjoxNzQ4NDI3ODY2fQ.5bUA55W6YJ0cTJgwBJSp66F0lW2hDeyedMqsQ9zUgWE",
    "user-agent": "Mozilla/5.0 (Linux; Android 6.0; Nexus 5 Build/MRA58N) AppleWebKit/537.36 (KHTML, like Gecko) Chrome/131.0.0.0 Mobile Safari/537.36",
    "accept": "application/json, text/plain, */*",
    "sec-ch-ua": "\"Google Chrome\";v=\"131\", \"Chromium\";v=\"131\", \"Not_A Brand\";v=\"24\"",
    "sec-ch-ua-mobile": "?1",
    "origin": "http://localhost:5173",
    "sec-fetch-site": "same-site",
    "sec-fetch-mode": "cors",
    "sec-fetch-dest": "empty",
    "referer": "http://localhost:5173/",
    "accept-encoding": "gzip, deflate, br, zstd",
    "accept-language": "en-US,en;q=0.9",
    "if-none-match": "W/\"b5-VqTNJSdOdddfefC5Mu/hTTblnwA\""
  },
  "body": {}
}
2025-05-28 14:24:59 [INFO]: Fetching user by id {
  "id": "b1d9491a-8702-40d9-a999-68a7dccdc7c3"
}
2025-05-28 14:24:59 [INFO]: Database query executed {
  "sql": "SELECT id, username, email, role, nationality, created_at FROM users WHERE id = $1",
  "params": [
    "b1d9491a-8702-40d9-a999-68a7dccdc7c3"
  ],
  "rowCount": 1,
  "duration": "55ms"
}
2025-05-28 14:24:59 [INFO]: Fetched user by id {
  "id": "b1d9491a-8702-40d9-a999-68a7dccdc7c3"
}
2025-05-28 14:25:02 [INFO]: Request received {
  "method": "GET",
  "url": "/api/users/b1d9491a-8702-40d9-a999-68a7dccdc7c3",
  "headers": {
    "host": "localhost:3000",
    "connection": "keep-alive",
    "sec-ch-ua-platform": "\"Android\"",
    "authorization": "Bearer eyJhbGciOiJIUzI1NiIsInR5cCI6IkpXVCJ9.eyJpZCI6ImIxZDk0OTFhLTg3MDItNDBkOS1hOTk5LTY4YTdkY2NkYzdjMyIsInJvbGUiOiJjb29yZGluYXRvciIsImlhdCI6MTc0ODQxNzA2NiwiZXhwIjoxNzQ4NDI3ODY2fQ.5bUA55W6YJ0cTJgwBJSp66F0lW2hDeyedMqsQ9zUgWE",
    "user-agent": "Mozilla/5.0 (Linux; Android 6.0; Nexus 5 Build/MRA58N) AppleWebKit/537.36 (KHTML, like Gecko) Chrome/131.0.0.0 Mobile Safari/537.36",
    "accept": "application/json, text/plain, */*",
    "sec-ch-ua": "\"Google Chrome\";v=\"131\", \"Chromium\";v=\"131\", \"Not_A Brand\";v=\"24\"",
    "sec-ch-ua-mobile": "?1",
    "origin": "http://localhost:5173",
    "sec-fetch-site": "same-site",
    "sec-fetch-mode": "cors",
    "sec-fetch-dest": "empty",
    "referer": "http://localhost:5173/",
    "accept-encoding": "gzip, deflate, br, zstd",
    "accept-language": "en-US,en;q=0.9",
    "if-none-match": "W/\"b5-VqTNJSdOdddfefC5Mu/hTTblnwA\""
  },
  "body": {}
}
2025-05-28 14:25:02 [INFO]: Fetching user by id {
  "id": "b1d9491a-8702-40d9-a999-68a7dccdc7c3"
}
2025-05-28 14:25:02 [INFO]: Request received {
  "method": "GET",
  "url": "/api/users",
  "headers": {
    "host": "localhost:3000",
    "connection": "keep-alive",
    "sec-ch-ua-platform": "\"Android\"",
    "authorization": "Bearer eyJhbGciOiJIUzI1NiIsInR5cCI6IkpXVCJ9.eyJpZCI6ImIxZDk0OTFhLTg3MDItNDBkOS1hOTk5LTY4YTdkY2NkYzdjMyIsInJvbGUiOiJjb29yZGluYXRvciIsImlhdCI6MTc0ODQxNzA2NiwiZXhwIjoxNzQ4NDI3ODY2fQ.5bUA55W6YJ0cTJgwBJSp66F0lW2hDeyedMqsQ9zUgWE",
    "user-agent": "Mozilla/5.0 (Linux; Android 6.0; Nexus 5 Build/MRA58N) AppleWebKit/537.36 (KHTML, like Gecko) Chrome/131.0.0.0 Mobile Safari/537.36",
    "accept": "application/json, text/plain, */*",
    "sec-ch-ua": "\"Google Chrome\";v=\"131\", \"Chromium\";v=\"131\", \"Not_A Brand\";v=\"24\"",
    "sec-ch-ua-mobile": "?1",
    "origin": "http://localhost:5173",
    "sec-fetch-site": "same-site",
    "sec-fetch-mode": "cors",
    "sec-fetch-dest": "empty",
    "referer": "http://localhost:5173/",
    "accept-encoding": "gzip, deflate, br, zstd",
    "accept-language": "en-US,en;q=0.9",
    "if-none-match": "W/\"4b7-nxt4E/qpmJ5hSLuZZQvDmh5l7qA\""
  },
  "body": {}
}
2025-05-28 14:25:02 [INFO]: Fetching all users
2025-05-28 14:25:02 [INFO]: Request received {
  "method": "GET",
  "url": "/api/childattendances",
  "headers": {
    "host": "localhost:3000",
    "connection": "keep-alive",
    "sec-ch-ua-platform": "\"Android\"",
    "authorization": "Bearer eyJhbGciOiJIUzI1NiIsInR5cCI6IkpXVCJ9.eyJpZCI6ImIxZDk0OTFhLTg3MDItNDBkOS1hOTk5LTY4YTdkY2NkYzdjMyIsInJvbGUiOiJjb29yZGluYXRvciIsImlhdCI6MTc0ODQxNzA2NiwiZXhwIjoxNzQ4NDI3ODY2fQ.5bUA55W6YJ0cTJgwBJSp66F0lW2hDeyedMqsQ9zUgWE",
    "user-agent": "Mozilla/5.0 (Linux; Android 6.0; Nexus 5 Build/MRA58N) AppleWebKit/537.36 (KHTML, like Gecko) Chrome/131.0.0.0 Mobile Safari/537.36",
    "accept": "application/json, text/plain, */*",
    "sec-ch-ua": "\"Google Chrome\";v=\"131\", \"Chromium\";v=\"131\", \"Not_A Brand\";v=\"24\"",
    "sec-ch-ua-mobile": "?1",
    "origin": "http://localhost:5173",
    "sec-fetch-site": "same-site",
    "sec-fetch-mode": "cors",
    "sec-fetch-dest": "empty",
    "referer": "http://localhost:5173/",
    "accept-encoding": "gzip, deflate, br, zstd",
    "accept-language": "en-US,en;q=0.9",
    "if-none-match": "W/\"349-79S82scIu5tm0MWXR+jKBCsbtIE\""
  },
  "body": {}
}
2025-05-28 14:25:02 [INFO]: Database query executed {
  "sql": "SELECT id, username, email, role, nationality, created_at FROM users WHERE id = $1",
  "params": [
    "b1d9491a-8702-40d9-a999-68a7dccdc7c3"
  ],
  "rowCount": 1,
  "duration": "42ms"
}
2025-05-28 14:25:02 [INFO]: Fetched user by id {
  "id": "b1d9491a-8702-40d9-a999-68a7dccdc7c3"
}
2025-05-28 14:25:02 [INFO]: Request received {
  "method": "GET",
  "url": "/api/users/b1d9491a-8702-40d9-a999-68a7dccdc7c3",
  "headers": {
    "host": "localhost:3000",
    "connection": "keep-alive",
    "sec-ch-ua-platform": "\"Android\"",
    "authorization": "Bearer eyJhbGciOiJIUzI1NiIsInR5cCI6IkpXVCJ9.eyJpZCI6ImIxZDk0OTFhLTg3MDItNDBkOS1hOTk5LTY4YTdkY2NkYzdjMyIsInJvbGUiOiJjb29yZGluYXRvciIsImlhdCI6MTc0ODQxNzA2NiwiZXhwIjoxNzQ4NDI3ODY2fQ.5bUA55W6YJ0cTJgwBJSp66F0lW2hDeyedMqsQ9zUgWE",
    "user-agent": "Mozilla/5.0 (Linux; Android 6.0; Nexus 5 Build/MRA58N) AppleWebKit/537.36 (KHTML, like Gecko) Chrome/131.0.0.0 Mobile Safari/537.36",
    "accept": "application/json, text/plain, */*",
    "sec-ch-ua": "\"Google Chrome\";v=\"131\", \"Chromium\";v=\"131\", \"Not_A Brand\";v=\"24\"",
    "sec-ch-ua-mobile": "?1",
    "origin": "http://localhost:5173",
    "sec-fetch-site": "same-site",
    "sec-fetch-mode": "cors",
    "sec-fetch-dest": "empty",
    "referer": "http://localhost:5173/",
    "accept-encoding": "gzip, deflate, br, zstd",
    "accept-language": "en-US,en;q=0.9",
    "if-none-match": "W/\"b5-VqTNJSdOdddfefC5Mu/hTTblnwA\""
  },
  "body": {}
}
2025-05-28 14:25:02 [INFO]: Fetching user by id {
  "id": "b1d9491a-8702-40d9-a999-68a7dccdc7c3"
}
2025-05-28 14:25:02 [INFO]: Database query executed {
  "sql": "SELECT id, username, email, role, nationality, created_at FROM users WHERE id = $1",
  "params": [
    "b1d9491a-8702-40d9-a999-68a7dccdc7c3"
  ],
  "rowCount": 1,
  "duration": "45ms"
}
2025-05-28 14:25:02 [INFO]: Fetched user by id {
  "id": "b1d9491a-8702-40d9-a999-68a7dccdc7c3"
}
2025-05-28 14:25:02 [INFO]: Database query executed {
  "sql": "SELECT id, username, email, role, nationality, created_at FROM users",
  "params": [],
  "rowCount": 7,
  "duration": "208ms"
}
2025-05-28 14:25:02 [INFO]: Fetched all users
2025-05-28 14:25:02 [INFO]: Request received {
  "method": "GET",
  "url": "/api/users",
  "headers": {
    "host": "localhost:3000",
    "connection": "keep-alive",
    "sec-ch-ua-platform": "\"Android\"",
    "authorization": "Bearer eyJhbGciOiJIUzI1NiIsInR5cCI6IkpXVCJ9.eyJpZCI6ImIxZDk0OTFhLTg3MDItNDBkOS1hOTk5LTY4YTdkY2NkYzdjMyIsInJvbGUiOiJjb29yZGluYXRvciIsImlhdCI6MTc0ODQxNzA2NiwiZXhwIjoxNzQ4NDI3ODY2fQ.5bUA55W6YJ0cTJgwBJSp66F0lW2hDeyedMqsQ9zUgWE",
    "user-agent": "Mozilla/5.0 (Linux; Android 6.0; Nexus 5 Build/MRA58N) AppleWebKit/537.36 (KHTML, like Gecko) Chrome/131.0.0.0 Mobile Safari/537.36",
    "accept": "application/json, text/plain, */*",
    "sec-ch-ua": "\"Google Chrome\";v=\"131\", \"Chromium\";v=\"131\", \"Not_A Brand\";v=\"24\"",
    "sec-ch-ua-mobile": "?1",
    "origin": "http://localhost:5173",
    "sec-fetch-site": "same-site",
    "sec-fetch-mode": "cors",
    "sec-fetch-dest": "empty",
    "referer": "http://localhost:5173/",
    "accept-encoding": "gzip, deflate, br, zstd",
    "accept-language": "en-US,en;q=0.9",
    "if-none-match": "W/\"4b7-nxt4E/qpmJ5hSLuZZQvDmh5l7qA\""
  },
  "body": {}
}
2025-05-28 14:25:02 [INFO]: Fetching all users
2025-05-28 14:25:02 [INFO]: Request received {
  "method": "GET",
  "url": "/api/childattendances",
  "headers": {
    "host": "localhost:3000",
    "connection": "keep-alive",
    "sec-ch-ua-platform": "\"Android\"",
    "authorization": "Bearer eyJhbGciOiJIUzI1NiIsInR5cCI6IkpXVCJ9.eyJpZCI6ImIxZDk0OTFhLTg3MDItNDBkOS1hOTk5LTY4YTdkY2NkYzdjMyIsInJvbGUiOiJjb29yZGluYXRvciIsImlhdCI6MTc0ODQxNzA2NiwiZXhwIjoxNzQ4NDI3ODY2fQ.5bUA55W6YJ0cTJgwBJSp66F0lW2hDeyedMqsQ9zUgWE",
    "user-agent": "Mozilla/5.0 (Linux; Android 6.0; Nexus 5 Build/MRA58N) AppleWebKit/537.36 (KHTML, like Gecko) Chrome/131.0.0.0 Mobile Safari/537.36",
    "accept": "application/json, text/plain, */*",
    "sec-ch-ua": "\"Google Chrome\";v=\"131\", \"Chromium\";v=\"131\", \"Not_A Brand\";v=\"24\"",
    "sec-ch-ua-mobile": "?1",
    "origin": "http://localhost:5173",
    "sec-fetch-site": "same-site",
    "sec-fetch-mode": "cors",
    "sec-fetch-dest": "empty",
    "referer": "http://localhost:5173/",
    "accept-encoding": "gzip, deflate, br, zstd",
    "accept-language": "en-US,en;q=0.9",
    "if-none-match": "W/\"349-79S82scIu5tm0MWXR+jKBCsbtIE\""
  },
  "body": {}
}
2025-05-28 14:25:02 [INFO]: Database query executed {
  "sql": "SELECT id, username, email, role, nationality, created_at FROM users",
  "params": [],
  "rowCount": 7,
  "duration": "52ms"
}
2025-05-28 14:25:02 [INFO]: Fetched all users
2025-05-28 14:26:06 [INFO]: Request received {
  "method": "GET",
  "url": "/api/childattendances/attendance?date=2025-05-28&user_id=b1d9491a-8702-40d9-a999-68a7dccdc7c3",
  "headers": {
    "host": "localhost:3000",
    "connection": "keep-alive",
    "sec-ch-ua-platform": "\"Android\"",
    "authorization": "Bearer eyJhbGciOiJIUzI1NiIsInR5cCI6IkpXVCJ9.eyJpZCI6ImIxZDk0OTFhLTg3MDItNDBkOS1hOTk5LTY4YTdkY2NkYzdjMyIsInJvbGUiOiJjb29yZGluYXRvciIsImlhdCI6MTc0ODQxNzA2NiwiZXhwIjoxNzQ4NDI3ODY2fQ.5bUA55W6YJ0cTJgwBJSp66F0lW2hDeyedMqsQ9zUgWE",
    "user-agent": "Mozilla/5.0 (Linux; Android 6.0; Nexus 5 Build/MRA58N) AppleWebKit/537.36 (KHTML, like Gecko) Chrome/131.0.0.0 Mobile Safari/537.36",
    "accept": "application/json, text/plain, */*",
    "sec-ch-ua": "\"Google Chrome\";v=\"131\", \"Chromium\";v=\"131\", \"Not_A Brand\";v=\"24\"",
    "sec-ch-ua-mobile": "?1",
    "origin": "http://localhost:5173",
    "sec-fetch-site": "same-site",
    "sec-fetch-mode": "cors",
    "sec-fetch-dest": "empty",
    "referer": "http://localhost:5173/",
    "accept-encoding": "gzip, deflate, br, zstd",
    "accept-language": "en-US,en;q=0.9"
  },
  "body": {}
}
2025-05-28 14:26:07 [INFO]: Request received {
  "method": "GET",
  "url": "/api/childattendances/attendance?date=2025-05-28&user_id=b1d9491a-8702-40d9-a999-68a7dccdc7c3",
  "headers": {
    "host": "localhost:3000",
    "connection": "keep-alive",
    "sec-ch-ua-platform": "\"Android\"",
    "authorization": "Bearer eyJhbGciOiJIUzI1NiIsInR5cCI6IkpXVCJ9.eyJpZCI6ImIxZDk0OTFhLTg3MDItNDBkOS1hOTk5LTY4YTdkY2NkYzdjMyIsInJvbGUiOiJjb29yZGluYXRvciIsImlhdCI6MTc0ODQxNzA2NiwiZXhwIjoxNzQ4NDI3ODY2fQ.5bUA55W6YJ0cTJgwBJSp66F0lW2hDeyedMqsQ9zUgWE",
    "user-agent": "Mozilla/5.0 (Linux; Android 6.0; Nexus 5 Build/MRA58N) AppleWebKit/537.36 (KHTML, like Gecko) Chrome/131.0.0.0 Mobile Safari/537.36",
    "accept": "application/json, text/plain, */*",
    "sec-ch-ua": "\"Google Chrome\";v=\"131\", \"Chromium\";v=\"131\", \"Not_A Brand\";v=\"24\"",
    "sec-ch-ua-mobile": "?1",
    "origin": "http://localhost:5173",
    "sec-fetch-site": "same-site",
    "sec-fetch-mode": "cors",
    "sec-fetch-dest": "empty",
    "referer": "http://localhost:5173/",
    "accept-encoding": "gzip, deflate, br, zstd",
    "accept-language": "en-US,en;q=0.9",
    "if-none-match": "W/\"17a-VgI+ErDe2/mE2JrzesKKoXGlp6k\""
  },
  "body": {}
}
2025-05-28 14:26:20 [INFO]: Request received {
  "method": "GET",
  "url": "/api/childattendances/attendance?date=2025-05-28&user_id=895b0c9f-0205-4f2a-8fa0-f887510befdf",
  "headers": {
    "host": "localhost:3000",
    "connection": "keep-alive",
    "sec-ch-ua-platform": "\"Android\"",
    "authorization": "Bearer eyJhbGciOiJIUzI1NiIsInR5cCI6IkpXVCJ9.eyJpZCI6ImIxZDk0OTFhLTg3MDItNDBkOS1hOTk5LTY4YTdkY2NkYzdjMyIsInJvbGUiOiJjb29yZGluYXRvciIsImlhdCI6MTc0ODQxNzA2NiwiZXhwIjoxNzQ4NDI3ODY2fQ.5bUA55W6YJ0cTJgwBJSp66F0lW2hDeyedMqsQ9zUgWE",
    "user-agent": "Mozilla/5.0 (Linux; Android 6.0; Nexus 5 Build/MRA58N) AppleWebKit/537.36 (KHTML, like Gecko) Chrome/131.0.0.0 Mobile Safari/537.36",
    "accept": "application/json, text/plain, */*",
    "sec-ch-ua": "\"Google Chrome\";v=\"131\", \"Chromium\";v=\"131\", \"Not_A Brand\";v=\"24\"",
    "sec-ch-ua-mobile": "?1",
    "origin": "http://localhost:5173",
    "sec-fetch-site": "same-site",
    "sec-fetch-mode": "cors",
    "sec-fetch-dest": "empty",
    "referer": "http://localhost:5173/",
    "accept-encoding": "gzip, deflate, br, zstd",
    "accept-language": "en-US,en;q=0.9"
  },
  "body": {}
}
2025-05-28 14:26:26 [INFO]: Request received {
  "method": "GET",
  "url": "/api/users/b1d9491a-8702-40d9-a999-68a7dccdc7c3",
  "headers": {
    "host": "localhost:3000",
    "connection": "keep-alive",
    "sec-ch-ua-platform": "\"Android\"",
    "authorization": "Bearer eyJhbGciOiJIUzI1NiIsInR5cCI6IkpXVCJ9.eyJpZCI6ImIxZDk0OTFhLTg3MDItNDBkOS1hOTk5LTY4YTdkY2NkYzdjMyIsInJvbGUiOiJjb29yZGluYXRvciIsImlhdCI6MTc0ODQxNzA2NiwiZXhwIjoxNzQ4NDI3ODY2fQ.5bUA55W6YJ0cTJgwBJSp66F0lW2hDeyedMqsQ9zUgWE",
    "user-agent": "Mozilla/5.0 (Linux; Android 6.0; Nexus 5 Build/MRA58N) AppleWebKit/537.36 (KHTML, like Gecko) Chrome/131.0.0.0 Mobile Safari/537.36",
    "accept": "application/json, text/plain, */*",
    "sec-ch-ua": "\"Google Chrome\";v=\"131\", \"Chromium\";v=\"131\", \"Not_A Brand\";v=\"24\"",
    "sec-ch-ua-mobile": "?1",
    "origin": "http://localhost:5173",
    "sec-fetch-site": "same-site",
    "sec-fetch-mode": "cors",
    "sec-fetch-dest": "empty",
    "referer": "http://localhost:5173/",
    "accept-encoding": "gzip, deflate, br, zstd",
    "accept-language": "en-US,en;q=0.9",
    "if-none-match": "W/\"b5-VqTNJSdOdddfefC5Mu/hTTblnwA\""
  },
  "body": {}
}
2025-05-28 14:26:26 [INFO]: Fetching user by id {
  "id": "b1d9491a-8702-40d9-a999-68a7dccdc7c3"
}
2025-05-28 14:26:26 [INFO]: Request received {
  "method": "GET",
  "url": "/api/users",
  "headers": {
    "host": "localhost:3000",
    "connection": "keep-alive",
    "sec-ch-ua-platform": "\"Android\"",
    "authorization": "Bearer eyJhbGciOiJIUzI1NiIsInR5cCI6IkpXVCJ9.eyJpZCI6ImIxZDk0OTFhLTg3MDItNDBkOS1hOTk5LTY4YTdkY2NkYzdjMyIsInJvbGUiOiJjb29yZGluYXRvciIsImlhdCI6MTc0ODQxNzA2NiwiZXhwIjoxNzQ4NDI3ODY2fQ.5bUA55W6YJ0cTJgwBJSp66F0lW2hDeyedMqsQ9zUgWE",
    "user-agent": "Mozilla/5.0 (Linux; Android 6.0; Nexus 5 Build/MRA58N) AppleWebKit/537.36 (KHTML, like Gecko) Chrome/131.0.0.0 Mobile Safari/537.36",
    "accept": "application/json, text/plain, */*",
    "sec-ch-ua": "\"Google Chrome\";v=\"131\", \"Chromium\";v=\"131\", \"Not_A Brand\";v=\"24\"",
    "sec-ch-ua-mobile": "?1",
    "origin": "http://localhost:5173",
    "sec-fetch-site": "same-site",
    "sec-fetch-mode": "cors",
    "sec-fetch-dest": "empty",
    "referer": "http://localhost:5173/",
    "accept-encoding": "gzip, deflate, br, zstd",
    "accept-language": "en-US,en;q=0.9",
    "if-none-match": "W/\"4b7-nxt4E/qpmJ5hSLuZZQvDmh5l7qA\""
  },
  "body": {}
}
2025-05-28 14:26:26 [INFO]: Fetching all users
2025-05-28 14:26:26 [INFO]: Request received {
  "method": "GET",
  "url": "/api/childattendances",
  "headers": {
    "host": "localhost:3000",
    "connection": "keep-alive",
    "sec-ch-ua-platform": "\"Android\"",
    "authorization": "Bearer eyJhbGciOiJIUzI1NiIsInR5cCI6IkpXVCJ9.eyJpZCI6ImIxZDk0OTFhLTg3MDItNDBkOS1hOTk5LTY4YTdkY2NkYzdjMyIsInJvbGUiOiJjb29yZGluYXRvciIsImlhdCI6MTc0ODQxNzA2NiwiZXhwIjoxNzQ4NDI3ODY2fQ.5bUA55W6YJ0cTJgwBJSp66F0lW2hDeyedMqsQ9zUgWE",
    "user-agent": "Mozilla/5.0 (Linux; Android 6.0; Nexus 5 Build/MRA58N) AppleWebKit/537.36 (KHTML, like Gecko) Chrome/131.0.0.0 Mobile Safari/537.36",
    "accept": "application/json, text/plain, */*",
    "sec-ch-ua": "\"Google Chrome\";v=\"131\", \"Chromium\";v=\"131\", \"Not_A Brand\";v=\"24\"",
    "sec-ch-ua-mobile": "?1",
    "origin": "http://localhost:5173",
    "sec-fetch-site": "same-site",
    "sec-fetch-mode": "cors",
    "sec-fetch-dest": "empty",
    "referer": "http://localhost:5173/",
    "accept-encoding": "gzip, deflate, br, zstd",
    "accept-language": "en-US,en;q=0.9",
    "if-none-match": "W/\"349-79S82scIu5tm0MWXR+jKBCsbtIE\""
  },
  "body": {}
}
2025-05-28 14:26:26 [INFO]: Database query executed {
  "sql": "SELECT id, username, email, role, nationality, created_at FROM users WHERE id = $1",
  "params": [
    "b1d9491a-8702-40d9-a999-68a7dccdc7c3"
  ],
  "rowCount": 1,
  "duration": "40ms"
}
2025-05-28 14:26:26 [INFO]: Fetched user by id {
  "id": "b1d9491a-8702-40d9-a999-68a7dccdc7c3"
}
2025-05-28 14:26:26 [INFO]: Request received {
  "method": "GET",
  "url": "/api/users/b1d9491a-8702-40d9-a999-68a7dccdc7c3",
  "headers": {
    "host": "localhost:3000",
    "connection": "keep-alive",
    "sec-ch-ua-platform": "\"Android\"",
    "authorization": "Bearer eyJhbGciOiJIUzI1NiIsInR5cCI6IkpXVCJ9.eyJpZCI6ImIxZDk0OTFhLTg3MDItNDBkOS1hOTk5LTY4YTdkY2NkYzdjMyIsInJvbGUiOiJjb29yZGluYXRvciIsImlhdCI6MTc0ODQxNzA2NiwiZXhwIjoxNzQ4NDI3ODY2fQ.5bUA55W6YJ0cTJgwBJSp66F0lW2hDeyedMqsQ9zUgWE",
    "user-agent": "Mozilla/5.0 (Linux; Android 6.0; Nexus 5 Build/MRA58N) AppleWebKit/537.36 (KHTML, like Gecko) Chrome/131.0.0.0 Mobile Safari/537.36",
    "accept": "application/json, text/plain, */*",
    "sec-ch-ua": "\"Google Chrome\";v=\"131\", \"Chromium\";v=\"131\", \"Not_A Brand\";v=\"24\"",
    "sec-ch-ua-mobile": "?1",
    "origin": "http://localhost:5173",
    "sec-fetch-site": "same-site",
    "sec-fetch-mode": "cors",
    "sec-fetch-dest": "empty",
    "referer": "http://localhost:5173/",
    "accept-encoding": "gzip, deflate, br, zstd",
    "accept-language": "en-US,en;q=0.9",
    "if-none-match": "W/\"b5-VqTNJSdOdddfefC5Mu/hTTblnwA\""
  },
  "body": {}
}
2025-05-28 14:26:26 [INFO]: Fetching user by id {
  "id": "b1d9491a-8702-40d9-a999-68a7dccdc7c3"
}
2025-05-28 14:26:26 [INFO]: Database query executed {
  "sql": "SELECT id, username, email, role, nationality, created_at FROM users WHERE id = $1",
  "params": [
    "b1d9491a-8702-40d9-a999-68a7dccdc7c3"
  ],
  "rowCount": 1,
  "duration": "37ms"
}
2025-05-28 14:26:26 [INFO]: Fetched user by id {
  "id": "b1d9491a-8702-40d9-a999-68a7dccdc7c3"
}
2025-05-28 14:26:26 [INFO]: Database query executed {
  "sql": "SELECT id, username, email, role, nationality, created_at FROM users",
  "params": [],
  "rowCount": 7,
  "duration": "213ms"
}
2025-05-28 14:26:26 [INFO]: Fetched all users
2025-05-28 14:26:26 [INFO]: Request received {
  "method": "GET",
  "url": "/api/users",
  "headers": {
    "host": "localhost:3000",
    "connection": "keep-alive",
    "sec-ch-ua-platform": "\"Android\"",
    "authorization": "Bearer eyJhbGciOiJIUzI1NiIsInR5cCI6IkpXVCJ9.eyJpZCI6ImIxZDk0OTFhLTg3MDItNDBkOS1hOTk5LTY4YTdkY2NkYzdjMyIsInJvbGUiOiJjb29yZGluYXRvciIsImlhdCI6MTc0ODQxNzA2NiwiZXhwIjoxNzQ4NDI3ODY2fQ.5bUA55W6YJ0cTJgwBJSp66F0lW2hDeyedMqsQ9zUgWE",
    "user-agent": "Mozilla/5.0 (Linux; Android 6.0; Nexus 5 Build/MRA58N) AppleWebKit/537.36 (KHTML, like Gecko) Chrome/131.0.0.0 Mobile Safari/537.36",
    "accept": "application/json, text/plain, */*",
    "sec-ch-ua": "\"Google Chrome\";v=\"131\", \"Chromium\";v=\"131\", \"Not_A Brand\";v=\"24\"",
    "sec-ch-ua-mobile": "?1",
    "origin": "http://localhost:5173",
    "sec-fetch-site": "same-site",
    "sec-fetch-mode": "cors",
    "sec-fetch-dest": "empty",
    "referer": "http://localhost:5173/",
    "accept-encoding": "gzip, deflate, br, zstd",
    "accept-language": "en-US,en;q=0.9",
    "if-none-match": "W/\"4b7-nxt4E/qpmJ5hSLuZZQvDmh5l7qA\""
  },
  "body": {}
}
2025-05-28 14:26:26 [INFO]: Fetching all users
2025-05-28 14:26:26 [INFO]: Request received {
  "method": "GET",
  "url": "/api/childattendances",
  "headers": {
    "host": "localhost:3000",
    "connection": "keep-alive",
    "sec-ch-ua-platform": "\"Android\"",
    "authorization": "Bearer eyJhbGciOiJIUzI1NiIsInR5cCI6IkpXVCJ9.eyJpZCI6ImIxZDk0OTFhLTg3MDItNDBkOS1hOTk5LTY4YTdkY2NkYzdjMyIsInJvbGUiOiJjb29yZGluYXRvciIsImlhdCI6MTc0ODQxNzA2NiwiZXhwIjoxNzQ4NDI3ODY2fQ.5bUA55W6YJ0cTJgwBJSp66F0lW2hDeyedMqsQ9zUgWE",
    "user-agent": "Mozilla/5.0 (Linux; Android 6.0; Nexus 5 Build/MRA58N) AppleWebKit/537.36 (KHTML, like Gecko) Chrome/131.0.0.0 Mobile Safari/537.36",
    "accept": "application/json, text/plain, */*",
    "sec-ch-ua": "\"Google Chrome\";v=\"131\", \"Chromium\";v=\"131\", \"Not_A Brand\";v=\"24\"",
    "sec-ch-ua-mobile": "?1",
    "origin": "http://localhost:5173",
    "sec-fetch-site": "same-site",
    "sec-fetch-mode": "cors",
    "sec-fetch-dest": "empty",
    "referer": "http://localhost:5173/",
    "accept-encoding": "gzip, deflate, br, zstd",
    "accept-language": "en-US,en;q=0.9",
    "if-none-match": "W/\"349-79S82scIu5tm0MWXR+jKBCsbtIE\""
  },
  "body": {}
}
2025-05-28 14:26:26 [INFO]: Database query executed {
  "sql": "SELECT id, username, email, role, nationality, created_at FROM users",
  "params": [],
  "rowCount": 7,
  "duration": "42ms"
}
2025-05-28 14:26:26 [INFO]: Fetched all users
2025-05-28 14:26:58 [INFO]: Request received {
  "method": "POST",
  "url": "/api/auth/login",
  "headers": {
    "host": "localhost:3000",
    "connection": "keep-alive",
    "content-length": "48",
    "sec-ch-ua-platform": "\"Android\"",
    "user-agent": "Mozilla/5.0 (Linux; Android 6.0; Nexus 5 Build/MRA58N) AppleWebKit/537.36 (KHTML, like Gecko) Chrome/131.0.0.0 Mobile Safari/537.36",
    "accept": "application/json, text/plain, */*",
    "sec-ch-ua": "\"Google Chrome\";v=\"131\", \"Chromium\";v=\"131\", \"Not_A Brand\";v=\"24\"",
    "content-type": "application/json",
    "sec-ch-ua-mobile": "?1",
    "origin": "http://localhost:5173",
    "sec-fetch-site": "same-site",
    "sec-fetch-mode": "cors",
    "sec-fetch-dest": "empty",
    "referer": "http://localhost:5173/",
    "accept-encoding": "gzip, deflate, br, zstd",
    "accept-language": "en-US,en;q=0.9"
  },
  "body": {
    "email": "***",
    "password": "***"
  }
}
2025-05-28 14:26:58 [INFO]: Attempting login {
  "email": "thay@gmail.com"
}
2025-05-28 14:26:58 [INFO]: Database query executed {
  "sql": "SELECT * FROM users WHERE email = $1",
  "params": [
    "thay@gmail.com"
  ],
  "rowCount": 1,
  "duration": "287ms"
}
2025-05-28 14:26:58 [INFO]: Login successful {
  "id": "895b0c9f-0205-4f2a-8fa0-f887510befdf"
}
2025-05-28 14:26:58 [INFO]: Login successful {
  "email": "thay@gmail.com"
}
2025-05-28 14:26:58 [INFO]: Request received {
  "method": "GET",
  "url": "/api/users/895b0c9f-0205-4f2a-8fa0-f887510befdf",
  "headers": {
    "host": "localhost:3000",
    "connection": "keep-alive",
    "sec-ch-ua-platform": "\"Android\"",
    "authorization": "Bearer eyJhbGciOiJIUzI1NiIsInR5cCI6IkpXVCJ9.eyJpZCI6Ijg5NWIwYzlmLTAyMDUtNGYyYS04ZmEwLWY4ODc1MTBiZWZkZiIsInJvbGUiOiJtb25pdG9yIiwiaWF0IjoxNzQ4NDE3MjE4LCJleHAiOjE3NDg0MjgwMTh9.Blv0POc4pcVRlyi-YxQzBhXB_IwiY1nsjxeb7gaduX4",
    "user-agent": "Mozilla/5.0 (Linux; Android 6.0; Nexus 5 Build/MRA58N) AppleWebKit/537.36 (KHTML, like Gecko) Chrome/131.0.0.0 Mobile Safari/537.36",
    "accept": "application/json, text/plain, */*",
    "sec-ch-ua": "\"Google Chrome\";v=\"131\", \"Chromium\";v=\"131\", \"Not_A Brand\";v=\"24\"",
    "sec-ch-ua-mobile": "?1",
    "origin": "http://localhost:5173",
    "sec-fetch-site": "same-site",
    "sec-fetch-mode": "cors",
    "sec-fetch-dest": "empty",
    "referer": "http://localhost:5173/",
    "accept-encoding": "gzip, deflate, br, zstd",
    "accept-language": "en-US,en;q=0.9",
    "if-none-match": "W/\"a7-wnpvhCNeWsEkqmRbpyXTQljIVR4\""
  },
  "body": {}
}
2025-05-28 14:26:58 [INFO]: Fetching user by id {
  "id": "895b0c9f-0205-4f2a-8fa0-f887510befdf"
}
2025-05-28 14:26:58 [INFO]: Request received {
  "method": "GET",
  "url": "/api/users",
  "headers": {
    "host": "localhost:3000",
    "connection": "keep-alive",
    "sec-ch-ua-platform": "\"Android\"",
    "authorization": "Bearer eyJhbGciOiJIUzI1NiIsInR5cCI6IkpXVCJ9.eyJpZCI6Ijg5NWIwYzlmLTAyMDUtNGYyYS04ZmEwLWY4ODc1MTBiZWZkZiIsInJvbGUiOiJtb25pdG9yIiwiaWF0IjoxNzQ4NDE3MjE4LCJleHAiOjE3NDg0MjgwMTh9.Blv0POc4pcVRlyi-YxQzBhXB_IwiY1nsjxeb7gaduX4",
    "user-agent": "Mozilla/5.0 (Linux; Android 6.0; Nexus 5 Build/MRA58N) AppleWebKit/537.36 (KHTML, like Gecko) Chrome/131.0.0.0 Mobile Safari/537.36",
    "accept": "application/json, text/plain, */*",
    "sec-ch-ua": "\"Google Chrome\";v=\"131\", \"Chromium\";v=\"131\", \"Not_A Brand\";v=\"24\"",
    "sec-ch-ua-mobile": "?1",
    "origin": "http://localhost:5173",
    "sec-fetch-site": "same-site",
    "sec-fetch-mode": "cors",
    "sec-fetch-dest": "empty",
    "referer": "http://localhost:5173/",
    "accept-encoding": "gzip, deflate, br, zstd",
    "accept-language": "en-US,en;q=0.9",
    "if-none-match": "W/\"4b7-nxt4E/qpmJ5hSLuZZQvDmh5l7qA\""
  },
  "body": {}
}
2025-05-28 14:26:58 [INFO]: Fetching all users
2025-05-28 14:26:58 [INFO]: Request received {
  "method": "GET",
  "url": "/api/childattendances",
  "headers": {
    "host": "localhost:3000",
    "connection": "keep-alive",
    "sec-ch-ua-platform": "\"Android\"",
    "authorization": "Bearer eyJhbGciOiJIUzI1NiIsInR5cCI6IkpXVCJ9.eyJpZCI6Ijg5NWIwYzlmLTAyMDUtNGYyYS04ZmEwLWY4ODc1MTBiZWZkZiIsInJvbGUiOiJtb25pdG9yIiwiaWF0IjoxNzQ4NDE3MjE4LCJleHAiOjE3NDg0MjgwMTh9.Blv0POc4pcVRlyi-YxQzBhXB_IwiY1nsjxeb7gaduX4",
    "user-agent": "Mozilla/5.0 (Linux; Android 6.0; Nexus 5 Build/MRA58N) AppleWebKit/537.36 (KHTML, like Gecko) Chrome/131.0.0.0 Mobile Safari/537.36",
    "accept": "application/json, text/plain, */*",
    "sec-ch-ua": "\"Google Chrome\";v=\"131\", \"Chromium\";v=\"131\", \"Not_A Brand\";v=\"24\"",
    "sec-ch-ua-mobile": "?1",
    "origin": "http://localhost:5173",
    "sec-fetch-site": "same-site",
    "sec-fetch-mode": "cors",
    "sec-fetch-dest": "empty",
    "referer": "http://localhost:5173/",
    "accept-encoding": "gzip, deflate, br, zstd",
    "accept-language": "en-US,en;q=0.9",
    "if-none-match": "W/\"349-79S82scIu5tm0MWXR+jKBCsbtIE\""
  },
  "body": {}
}
2025-05-28 14:26:58 [INFO]: Database query executed {
  "sql": "SELECT id, username, email, role, nationality, created_at FROM users WHERE id = $1",
  "params": [
    "895b0c9f-0205-4f2a-8fa0-f887510befdf"
  ],
  "rowCount": 1,
  "duration": "58ms"
}
2025-05-28 14:26:58 [INFO]: Fetched user by id {
  "id": "895b0c9f-0205-4f2a-8fa0-f887510befdf"
}
2025-05-28 14:26:58 [INFO]: Request received {
  "method": "GET",
  "url": "/api/users/895b0c9f-0205-4f2a-8fa0-f887510befdf",
  "headers": {
    "host": "localhost:3000",
    "connection": "keep-alive",
    "sec-ch-ua-platform": "\"Android\"",
    "authorization": "Bearer eyJhbGciOiJIUzI1NiIsInR5cCI6IkpXVCJ9.eyJpZCI6Ijg5NWIwYzlmLTAyMDUtNGYyYS04ZmEwLWY4ODc1MTBiZWZkZiIsInJvbGUiOiJtb25pdG9yIiwiaWF0IjoxNzQ4NDE3MjE4LCJleHAiOjE3NDg0MjgwMTh9.Blv0POc4pcVRlyi-YxQzBhXB_IwiY1nsjxeb7gaduX4",
    "user-agent": "Mozilla/5.0 (Linux; Android 6.0; Nexus 5 Build/MRA58N) AppleWebKit/537.36 (KHTML, like Gecko) Chrome/131.0.0.0 Mobile Safari/537.36",
    "accept": "application/json, text/plain, */*",
    "sec-ch-ua": "\"Google Chrome\";v=\"131\", \"Chromium\";v=\"131\", \"Not_A Brand\";v=\"24\"",
    "sec-ch-ua-mobile": "?1",
    "origin": "http://localhost:5173",
    "sec-fetch-site": "same-site",
    "sec-fetch-mode": "cors",
    "sec-fetch-dest": "empty",
    "referer": "http://localhost:5173/",
    "accept-encoding": "gzip, deflate, br, zstd",
    "accept-language": "en-US,en;q=0.9",
    "if-none-match": "W/\"a7-wnpvhCNeWsEkqmRbpyXTQljIVR4\""
  },
  "body": {}
}
2025-05-28 14:26:58 [INFO]: Fetching user by id {
  "id": "895b0c9f-0205-4f2a-8fa0-f887510befdf"
}
2025-05-28 14:26:58 [INFO]: Database query executed {
  "sql": "SELECT id, username, email, role, nationality, created_at FROM users WHERE id = $1",
  "params": [
    "895b0c9f-0205-4f2a-8fa0-f887510befdf"
  ],
  "rowCount": 1,
  "duration": "64ms"
}
2025-05-28 14:26:58 [INFO]: Fetched user by id {
  "id": "895b0c9f-0205-4f2a-8fa0-f887510befdf"
}
2025-05-28 14:26:59 [INFO]: Database query executed {
  "sql": "SELECT id, username, email, role, nationality, created_at FROM users",
  "params": [],
  "rowCount": 7,
  "duration": "564ms"
}
2025-05-28 14:26:59 [INFO]: Fetched all users
2025-05-28 14:26:59 [INFO]: Request received {
  "method": "GET",
  "url": "/api/users",
  "headers": {
    "host": "localhost:3000",
    "connection": "keep-alive",
    "sec-ch-ua-platform": "\"Android\"",
    "authorization": "Bearer eyJhbGciOiJIUzI1NiIsInR5cCI6IkpXVCJ9.eyJpZCI6Ijg5NWIwYzlmLTAyMDUtNGYyYS04ZmEwLWY4ODc1MTBiZWZkZiIsInJvbGUiOiJtb25pdG9yIiwiaWF0IjoxNzQ4NDE3MjE4LCJleHAiOjE3NDg0MjgwMTh9.Blv0POc4pcVRlyi-YxQzBhXB_IwiY1nsjxeb7gaduX4",
    "user-agent": "Mozilla/5.0 (Linux; Android 6.0; Nexus 5 Build/MRA58N) AppleWebKit/537.36 (KHTML, like Gecko) Chrome/131.0.0.0 Mobile Safari/537.36",
    "accept": "application/json, text/plain, */*",
    "sec-ch-ua": "\"Google Chrome\";v=\"131\", \"Chromium\";v=\"131\", \"Not_A Brand\";v=\"24\"",
    "sec-ch-ua-mobile": "?1",
    "origin": "http://localhost:5173",
    "sec-fetch-site": "same-site",
    "sec-fetch-mode": "cors",
    "sec-fetch-dest": "empty",
    "referer": "http://localhost:5173/",
    "accept-encoding": "gzip, deflate, br, zstd",
    "accept-language": "en-US,en;q=0.9",
    "if-none-match": "W/\"4b7-nxt4E/qpmJ5hSLuZZQvDmh5l7qA\""
  },
  "body": {}
}
2025-05-28 14:26:59 [INFO]: Fetching all users
2025-05-28 14:26:59 [INFO]: Request received {
  "method": "GET",
  "url": "/api/childattendances",
  "headers": {
    "host": "localhost:3000",
    "connection": "keep-alive",
    "sec-ch-ua-platform": "\"Android\"",
    "authorization": "Bearer eyJhbGciOiJIUzI1NiIsInR5cCI6IkpXVCJ9.eyJpZCI6Ijg5NWIwYzlmLTAyMDUtNGYyYS04ZmEwLWY4ODc1MTBiZWZkZiIsInJvbGUiOiJtb25pdG9yIiwiaWF0IjoxNzQ4NDE3MjE4LCJleHAiOjE3NDg0MjgwMTh9.Blv0POc4pcVRlyi-YxQzBhXB_IwiY1nsjxeb7gaduX4",
    "user-agent": "Mozilla/5.0 (Linux; Android 6.0; Nexus 5 Build/MRA58N) AppleWebKit/537.36 (KHTML, like Gecko) Chrome/131.0.0.0 Mobile Safari/537.36",
    "accept": "application/json, text/plain, */*",
    "sec-ch-ua": "\"Google Chrome\";v=\"131\", \"Chromium\";v=\"131\", \"Not_A Brand\";v=\"24\"",
    "sec-ch-ua-mobile": "?1",
    "origin": "http://localhost:5173",
    "sec-fetch-site": "same-site",
    "sec-fetch-mode": "cors",
    "sec-fetch-dest": "empty",
    "referer": "http://localhost:5173/",
    "accept-encoding": "gzip, deflate, br, zstd",
    "accept-language": "en-US,en;q=0.9",
    "if-none-match": "W/\"349-79S82scIu5tm0MWXR+jKBCsbtIE\""
  },
  "body": {}
}
2025-05-28 14:26:59 [INFO]: Database query executed {
  "sql": "SELECT id, username, email, role, nationality, created_at FROM users",
  "params": [],
  "rowCount": 7,
  "duration": "42ms"
}
2025-05-28 14:26:59 [INFO]: Fetched all users
2025-05-28 14:27:02 [INFO]: Request received {
  "method": "GET",
  "url": "/api/campevents",
  "headers": {
    "host": "localhost:3000",
    "connection": "keep-alive",
    "sec-ch-ua-platform": "\"Android\"",
    "authorization": "Bearer eyJhbGciOiJIUzI1NiIsInR5cCI6IkpXVCJ9.eyJpZCI6Ijg5NWIwYzlmLTAyMDUtNGYyYS04ZmEwLWY4ODc1MTBiZWZkZiIsInJvbGUiOiJtb25pdG9yIiwiaWF0IjoxNzQ4NDE3MjE4LCJleHAiOjE3NDg0MjgwMTh9.Blv0POc4pcVRlyi-YxQzBhXB_IwiY1nsjxeb7gaduX4",
    "user-agent": "Mozilla/5.0 (Linux; Android 6.0; Nexus 5 Build/MRA58N) AppleWebKit/537.36 (KHTML, like Gecko) Chrome/131.0.0.0 Mobile Safari/537.36",
    "accept": "application/json, text/plain, */*",
    "sec-ch-ua": "\"Google Chrome\";v=\"131\", \"Chromium\";v=\"131\", \"Not_A Brand\";v=\"24\"",
    "sec-ch-ua-mobile": "?1",
    "origin": "http://localhost:5173",
    "sec-fetch-site": "same-site",
    "sec-fetch-mode": "cors",
    "sec-fetch-dest": "empty",
    "referer": "http://localhost:5173/",
    "accept-encoding": "gzip, deflate, br, zstd",
    "accept-language": "en-US,en;q=0.9",
    "if-none-match": "W/\"692-aK0lBgTV1mRtvDAozf/et88Cwaw\""
  },
  "body": {}
}
2025-05-28 14:27:02 [INFO]: Fetching all camp-event associations
2025-05-28 14:27:03 [INFO]: Database query executed {
  "sql": "SELECT \n         ce.id, \n         ce.camp_id, \n         c.camp_name, \n         ce.event_id, \n         ce.created_at \n       FROM camp_event ce\n       JOIN camp c ON ce.camp_id = c.id",
  "params": [],
  "rowCount": 3,
  "duration": "57ms"
}
2025-05-28 14:27:03 [INFO]: Fetched all camp-event associations
2025-05-28 14:27:03 [INFO]: Request received {
  "method": "GET",
  "url": "/api/campevents",
  "headers": {
    "host": "localhost:3000",
    "connection": "keep-alive",
    "sec-ch-ua-platform": "\"Android\"",
    "authorization": "Bearer eyJhbGciOiJIUzI1NiIsInR5cCI6IkpXVCJ9.eyJpZCI6Ijg5NWIwYzlmLTAyMDUtNGYyYS04ZmEwLWY4ODc1MTBiZWZkZiIsInJvbGUiOiJtb25pdG9yIiwiaWF0IjoxNzQ4NDE3MjE4LCJleHAiOjE3NDg0MjgwMTh9.Blv0POc4pcVRlyi-YxQzBhXB_IwiY1nsjxeb7gaduX4",
    "user-agent": "Mozilla/5.0 (Linux; Android 6.0; Nexus 5 Build/MRA58N) AppleWebKit/537.36 (KHTML, like Gecko) Chrome/131.0.0.0 Mobile Safari/537.36",
    "accept": "application/json, text/plain, */*",
    "sec-ch-ua": "\"Google Chrome\";v=\"131\", \"Chromium\";v=\"131\", \"Not_A Brand\";v=\"24\"",
    "sec-ch-ua-mobile": "?1",
    "origin": "http://localhost:5173",
    "sec-fetch-site": "same-site",
    "sec-fetch-mode": "cors",
    "sec-fetch-dest": "empty",
    "referer": "http://localhost:5173/",
    "accept-encoding": "gzip, deflate, br, zstd",
    "accept-language": "en-US,en;q=0.9",
    "if-none-match": "W/\"279-4Q8yCIDVqs/TLLAuw6vfFmEKSrs\""
  },
  "body": {}
}
2025-05-28 14:27:03 [INFO]: Fetching all camp-event associations
2025-05-28 14:27:03 [INFO]: Database query executed {
  "sql": "SELECT \n         ce.id, \n         ce.camp_id, \n         c.camp_name, \n         ce.event_id, \n         ce.created_at \n       FROM camp_event ce\n       JOIN camp c ON ce.camp_id = c.id",
  "params": [],
  "rowCount": 3,
  "duration": "40ms"
}
2025-05-28 14:27:03 [INFO]: Fetched all camp-event associations
2025-05-28 14:27:55 [INFO]: Request received {
  "method": "POST",
  "url": "/api/childattendances",
  "headers": {
    "host": "localhost:3000",
    "connection": "keep-alive",
    "content-length": "172",
    "sec-ch-ua-platform": "\"Android\"",
    "authorization": "Bearer eyJhbGciOiJIUzI1NiIsInR5cCI6IkpXVCJ9.eyJpZCI6Ijg5NWIwYzlmLTAyMDUtNGYyYS04ZmEwLWY4ODc1MTBiZWZkZiIsInJvbGUiOiJtb25pdG9yIiwiaWF0IjoxNzQ4NDE3MjE4LCJleHAiOjE3NDg0MjgwMTh9.Blv0POc4pcVRlyi-YxQzBhXB_IwiY1nsjxeb7gaduX4",
    "user-agent": "Mozilla/5.0 (Linux; Android 6.0; Nexus 5 Build/MRA58N) AppleWebKit/537.36 (KHTML, like Gecko) Chrome/131.0.0.0 Mobile Safari/537.36",
    "accept": "application/json, text/plain, */*",
    "sec-ch-ua": "\"Google Chrome\";v=\"131\", \"Chromium\";v=\"131\", \"Not_A Brand\";v=\"24\"",
    "content-type": "application/json",
    "sec-ch-ua-mobile": "?1",
    "origin": "http://localhost:5173",
    "sec-fetch-site": "same-site",
    "sec-fetch-mode": "cors",
    "sec-fetch-dest": "empty",
    "referer": "http://localhost:5173/",
    "accept-encoding": "gzip, deflate, br, zstd",
    "accept-language": "en-US,en;q=0.9"
  },
  "body": {
    "fullname": "Moch",
    "gender": "Female",
    "age": 15,
    "family_id": "7518-6",
    "attendance_date": "2025-05-28",
    "status": "Present",
    "camp_event_id": "b87a33d8-3e71-4803-bd78-8baf3f2bdbb6"
  }
}
2025-05-28 14:27:55 [INFO]: Request received {
  "method": "GET",
  "url": "/api/childattendances",
  "headers": {
    "host": "localhost:3000",
    "connection": "keep-alive",
    "sec-ch-ua-platform": "\"Android\"",
    "authorization": "Bearer eyJhbGciOiJIUzI1NiIsInR5cCI6IkpXVCJ9.eyJpZCI6Ijg5NWIwYzlmLTAyMDUtNGYyYS04ZmEwLWY4ODc1MTBiZWZkZiIsInJvbGUiOiJtb25pdG9yIiwiaWF0IjoxNzQ4NDE3MjE4LCJleHAiOjE3NDg0MjgwMTh9.Blv0POc4pcVRlyi-YxQzBhXB_IwiY1nsjxeb7gaduX4",
    "user-agent": "Mozilla/5.0 (Linux; Android 6.0; Nexus 5 Build/MRA58N) AppleWebKit/537.36 (KHTML, like Gecko) Chrome/131.0.0.0 Mobile Safari/537.36",
    "accept": "application/json, text/plain, */*",
    "sec-ch-ua": "\"Google Chrome\";v=\"131\", \"Chromium\";v=\"131\", \"Not_A Brand\";v=\"24\"",
    "sec-ch-ua-mobile": "?1",
    "origin": "http://localhost:5173",
    "sec-fetch-site": "same-site",
    "sec-fetch-mode": "cors",
    "sec-fetch-dest": "empty",
    "referer": "http://localhost:5173/",
    "accept-encoding": "gzip, deflate, br, zstd",
    "accept-language": "en-US,en;q=0.9",
    "if-none-match": "W/\"349-79S82scIu5tm0MWXR+jKBCsbtIE\""
  },
  "body": {}
}
2025-05-28 14:27:55 [INFO]: Request received {
  "method": "GET",
  "url": "/api/users",
  "headers": {
    "host": "localhost:3000",
    "connection": "keep-alive",
    "sec-ch-ua-platform": "\"Android\"",
    "authorization": "Bearer eyJhbGciOiJIUzI1NiIsInR5cCI6IkpXVCJ9.eyJpZCI6Ijg5NWIwYzlmLTAyMDUtNGYyYS04ZmEwLWY4ODc1MTBiZWZkZiIsInJvbGUiOiJtb25pdG9yIiwiaWF0IjoxNzQ4NDE3MjE4LCJleHAiOjE3NDg0MjgwMTh9.Blv0POc4pcVRlyi-YxQzBhXB_IwiY1nsjxeb7gaduX4",
    "user-agent": "Mozilla/5.0 (Linux; Android 6.0; Nexus 5 Build/MRA58N) AppleWebKit/537.36 (KHTML, like Gecko) Chrome/131.0.0.0 Mobile Safari/537.36",
    "accept": "application/json, text/plain, */*",
    "sec-ch-ua": "\"Google Chrome\";v=\"131\", \"Chromium\";v=\"131\", \"Not_A Brand\";v=\"24\"",
    "sec-ch-ua-mobile": "?1",
    "origin": "http://localhost:5173",
    "sec-fetch-site": "same-site",
    "sec-fetch-mode": "cors",
    "sec-fetch-dest": "empty",
    "referer": "http://localhost:5173/",
    "accept-encoding": "gzip, deflate, br, zstd",
    "accept-language": "en-US,en;q=0.9",
    "if-none-match": "W/\"4b7-nxt4E/qpmJ5hSLuZZQvDmh5l7qA\""
  },
  "body": {}
}
2025-05-28 14:27:55 [INFO]: Fetching all users
2025-05-28 14:27:55 [INFO]: Request received {
  "method": "GET",
  "url": "/api/users/895b0c9f-0205-4f2a-8fa0-f887510befdf",
  "headers": {
    "host": "localhost:3000",
    "connection": "keep-alive",
    "sec-ch-ua-platform": "\"Android\"",
    "authorization": "Bearer eyJhbGciOiJIUzI1NiIsInR5cCI6IkpXVCJ9.eyJpZCI6Ijg5NWIwYzlmLTAyMDUtNGYyYS04ZmEwLWY4ODc1MTBiZWZkZiIsInJvbGUiOiJtb25pdG9yIiwiaWF0IjoxNzQ4NDE3MjE4LCJleHAiOjE3NDg0MjgwMTh9.Blv0POc4pcVRlyi-YxQzBhXB_IwiY1nsjxeb7gaduX4",
    "user-agent": "Mozilla/5.0 (Linux; Android 6.0; Nexus 5 Build/MRA58N) AppleWebKit/537.36 (KHTML, like Gecko) Chrome/131.0.0.0 Mobile Safari/537.36",
    "accept": "application/json, text/plain, */*",
    "sec-ch-ua": "\"Google Chrome\";v=\"131\", \"Chromium\";v=\"131\", \"Not_A Brand\";v=\"24\"",
    "sec-ch-ua-mobile": "?1",
    "origin": "http://localhost:5173",
    "sec-fetch-site": "same-site",
    "sec-fetch-mode": "cors",
    "sec-fetch-dest": "empty",
    "referer": "http://localhost:5173/",
    "accept-encoding": "gzip, deflate, br, zstd",
    "accept-language": "en-US,en;q=0.9",
    "if-none-match": "W/\"a7-wnpvhCNeWsEkqmRbpyXTQljIVR4\""
  },
  "body": {}
}
2025-05-28 14:27:55 [INFO]: Fetching user by id {
  "id": "895b0c9f-0205-4f2a-8fa0-f887510befdf"
}
2025-05-28 14:27:55 [INFO]: Database query executed {
  "sql": "SELECT id, username, email, role, nationality, created_at FROM users WHERE id = $1",
  "params": [
    "895b0c9f-0205-4f2a-8fa0-f887510befdf"
  ],
  "rowCount": 1,
  "duration": "317ms"
}
2025-05-28 14:27:55 [INFO]: Fetched user by id {
  "id": "895b0c9f-0205-4f2a-8fa0-f887510befdf"
}
2025-05-28 14:27:55 [INFO]: Database query executed {
  "sql": "SELECT id, username, email, role, nationality, created_at FROM users",
  "params": [],
  "rowCount": 7,
  "duration": "338ms"
}
2025-05-28 14:27:55 [INFO]: Fetched all users
2025-05-28 14:27:55 [INFO]: Request received {
  "method": "GET",
  "url": "/api/childattendances",
  "headers": {
    "host": "localhost:3000",
    "connection": "keep-alive",
    "sec-ch-ua-platform": "\"Android\"",
    "authorization": "Bearer eyJhbGciOiJIUzI1NiIsInR5cCI6IkpXVCJ9.eyJpZCI6Ijg5NWIwYzlmLTAyMDUtNGYyYS04ZmEwLWY4ODc1MTBiZWZkZiIsInJvbGUiOiJtb25pdG9yIiwiaWF0IjoxNzQ4NDE3MjE4LCJleHAiOjE3NDg0MjgwMTh9.Blv0POc4pcVRlyi-YxQzBhXB_IwiY1nsjxeb7gaduX4",
    "user-agent": "Mozilla/5.0 (Linux; Android 6.0; Nexus 5 Build/MRA58N) AppleWebKit/537.36 (KHTML, like Gecko) Chrome/131.0.0.0 Mobile Safari/537.36",
    "accept": "application/json, text/plain, */*",
    "sec-ch-ua": "\"Google Chrome\";v=\"131\", \"Chromium\";v=\"131\", \"Not_A Brand\";v=\"24\"",
    "sec-ch-ua-mobile": "?1",
    "origin": "http://localhost:5173",
    "sec-fetch-site": "same-site",
    "sec-fetch-mode": "cors",
    "sec-fetch-dest": "empty",
    "referer": "http://localhost:5173/",
    "accept-encoding": "gzip, deflate, br, zstd",
    "accept-language": "en-US,en;q=0.9",
    "if-none-match": "W/\"4dc-gmWh5VdiQgflIKT7wlLgU+qwKtc\""
  },
  "body": {}
}
2025-05-28 14:27:55 [INFO]: Request received {
  "method": "GET",
  "url": "/api/users/895b0c9f-0205-4f2a-8fa0-f887510befdf",
  "headers": {
    "host": "localhost:3000",
    "connection": "keep-alive",
    "sec-ch-ua-platform": "\"Android\"",
    "authorization": "Bearer eyJhbGciOiJIUzI1NiIsInR5cCI6IkpXVCJ9.eyJpZCI6Ijg5NWIwYzlmLTAyMDUtNGYyYS04ZmEwLWY4ODc1MTBiZWZkZiIsInJvbGUiOiJtb25pdG9yIiwiaWF0IjoxNzQ4NDE3MjE4LCJleHAiOjE3NDg0MjgwMTh9.Blv0POc4pcVRlyi-YxQzBhXB_IwiY1nsjxeb7gaduX4",
    "user-agent": "Mozilla/5.0 (Linux; Android 6.0; Nexus 5 Build/MRA58N) AppleWebKit/537.36 (KHTML, like Gecko) Chrome/131.0.0.0 Mobile Safari/537.36",
    "accept": "application/json, text/plain, */*",
    "sec-ch-ua": "\"Google Chrome\";v=\"131\", \"Chromium\";v=\"131\", \"Not_A Brand\";v=\"24\"",
    "sec-ch-ua-mobile": "?1",
    "origin": "http://localhost:5173",
    "sec-fetch-site": "same-site",
    "sec-fetch-mode": "cors",
    "sec-fetch-dest": "empty",
    "referer": "http://localhost:5173/",
    "accept-encoding": "gzip, deflate, br, zstd",
    "accept-language": "en-US,en;q=0.9",
    "if-none-match": "W/\"a7-wnpvhCNeWsEkqmRbpyXTQljIVR4\""
  },
  "body": {}
}
2025-05-28 14:27:55 [INFO]: Fetching user by id {
  "id": "895b0c9f-0205-4f2a-8fa0-f887510befdf"
}
2025-05-28 14:27:55 [INFO]: Request received {
  "method": "GET",
  "url": "/api/users",
  "headers": {
    "host": "localhost:3000",
    "connection": "keep-alive",
    "sec-ch-ua-platform": "\"Android\"",
    "authorization": "Bearer eyJhbGciOiJIUzI1NiIsInR5cCI6IkpXVCJ9.eyJpZCI6Ijg5NWIwYzlmLTAyMDUtNGYyYS04ZmEwLWY4ODc1MTBiZWZkZiIsInJvbGUiOiJtb25pdG9yIiwiaWF0IjoxNzQ4NDE3MjE4LCJleHAiOjE3NDg0MjgwMTh9.Blv0POc4pcVRlyi-YxQzBhXB_IwiY1nsjxeb7gaduX4",
    "user-agent": "Mozilla/5.0 (Linux; Android 6.0; Nexus 5 Build/MRA58N) AppleWebKit/537.36 (KHTML, like Gecko) Chrome/131.0.0.0 Mobile Safari/537.36",
    "accept": "application/json, text/plain, */*",
    "sec-ch-ua": "\"Google Chrome\";v=\"131\", \"Chromium\";v=\"131\", \"Not_A Brand\";v=\"24\"",
    "sec-ch-ua-mobile": "?1",
    "origin": "http://localhost:5173",
    "sec-fetch-site": "same-site",
    "sec-fetch-mode": "cors",
    "sec-fetch-dest": "empty",
    "referer": "http://localhost:5173/",
    "accept-encoding": "gzip, deflate, br, zstd",
    "accept-language": "en-US,en;q=0.9",
    "if-none-match": "W/\"4b7-nxt4E/qpmJ5hSLuZZQvDmh5l7qA\""
  },
  "body": {}
}
2025-05-28 14:27:55 [INFO]: Fetching all users
2025-05-28 14:27:55 [INFO]: Database query executed {
  "sql": "SELECT id, username, email, role, nationality, created_at FROM users WHERE id = $1",
  "params": [
    "895b0c9f-0205-4f2a-8fa0-f887510befdf"
  ],
  "rowCount": 1,
  "duration": "47ms"
}
2025-05-28 14:27:55 [INFO]: Fetched user by id {
  "id": "895b0c9f-0205-4f2a-8fa0-f887510befdf"
}
2025-05-28 14:27:55 [INFO]: Database query executed {
  "sql": "SELECT id, username, email, role, nationality, created_at FROM users",
  "params": [],
  "rowCount": 7,
  "duration": "42ms"
}
2025-05-28 14:27:55 [INFO]: Fetched all users
2025-05-28 14:28:13 [INFO]: Request received {
  "method": "GET",
  "url": "/api/childattendances/attendance?date=2025-05-28&user_id=895b0c9f-0205-4f2a-8fa0-f887510befdf",
  "headers": {
    "host": "localhost:3000",
    "connection": "keep-alive",
    "sec-ch-ua-platform": "\"Android\"",
    "authorization": "Bearer eyJhbGciOiJIUzI1NiIsInR5cCI6IkpXVCJ9.eyJpZCI6Ijg5NWIwYzlmLTAyMDUtNGYyYS04ZmEwLWY4ODc1MTBiZWZkZiIsInJvbGUiOiJtb25pdG9yIiwiaWF0IjoxNzQ4NDE3MjE4LCJleHAiOjE3NDg0MjgwMTh9.Blv0POc4pcVRlyi-YxQzBhXB_IwiY1nsjxeb7gaduX4",
    "user-agent": "Mozilla/5.0 (Linux; Android 6.0; Nexus 5 Build/MRA58N) AppleWebKit/537.36 (KHTML, like Gecko) Chrome/131.0.0.0 Mobile Safari/537.36",
    "accept": "application/json, text/plain, */*",
    "sec-ch-ua": "\"Google Chrome\";v=\"131\", \"Chromium\";v=\"131\", \"Not_A Brand\";v=\"24\"",
    "sec-ch-ua-mobile": "?1",
    "origin": "http://localhost:5173",
    "sec-fetch-site": "same-site",
    "sec-fetch-mode": "cors",
    "sec-fetch-dest": "empty",
    "referer": "http://localhost:5173/",
    "accept-encoding": "gzip, deflate, br, zstd",
    "accept-language": "en-US,en;q=0.9",
    "if-none-match": "W/\"b-EFAlOux7Kcr/ZEgGkn2r+oFAbu4\""
  },
  "body": {}
}
2025-05-28 14:28:14 [INFO]: Request received {
  "method": "GET",
  "url": "/api/childattendances/attendance?date=2025-05-28&user_id=895b0c9f-0205-4f2a-8fa0-f887510befdf",
  "headers": {
    "host": "localhost:3000",
    "connection": "keep-alive",
    "sec-ch-ua-platform": "\"Android\"",
    "authorization": "Bearer eyJhbGciOiJIUzI1NiIsInR5cCI6IkpXVCJ9.eyJpZCI6Ijg5NWIwYzlmLTAyMDUtNGYyYS04ZmEwLWY4ODc1MTBiZWZkZiIsInJvbGUiOiJtb25pdG9yIiwiaWF0IjoxNzQ4NDE3MjE4LCJleHAiOjE3NDg0MjgwMTh9.Blv0POc4pcVRlyi-YxQzBhXB_IwiY1nsjxeb7gaduX4",
    "user-agent": "Mozilla/5.0 (Linux; Android 6.0; Nexus 5 Build/MRA58N) AppleWebKit/537.36 (KHTML, like Gecko) Chrome/131.0.0.0 Mobile Safari/537.36",
    "accept": "application/json, text/plain, */*",
    "sec-ch-ua": "\"Google Chrome\";v=\"131\", \"Chromium\";v=\"131\", \"Not_A Brand\";v=\"24\"",
    "sec-ch-ua-mobile": "?1",
    "origin": "http://localhost:5173",
    "sec-fetch-site": "same-site",
    "sec-fetch-mode": "cors",
    "sec-fetch-dest": "empty",
    "referer": "http://localhost:5173/",
    "accept-encoding": "gzip, deflate, br, zstd",
    "accept-language": "en-US,en;q=0.9",
    "if-none-match": "W/\"16c-BU6HztOQiO46FZi/lWcKpP8pI20\""
  },
  "body": {}
}
2025-05-28 14:28:23 [INFO]: Request received {
  "method": "POST",
  "url": "/api/childattendances/checklist",
  "headers": {
    "host": "localhost:3000",
    "connection": "keep-alive",
    "content-length": "86",
    "sec-ch-ua-platform": "\"Android\"",
    "authorization": "Bearer eyJhbGciOiJIUzI1NiIsInR5cCI6IkpXVCJ9.eyJpZCI6Ijg5NWIwYzlmLTAyMDUtNGYyYS04ZmEwLWY4ODc1MTBiZWZkZiIsInJvbGUiOiJtb25pdG9yIiwiaWF0IjoxNzQ4NDE3MjE4LCJleHAiOjE3NDg0MjgwMTh9.Blv0POc4pcVRlyi-YxQzBhXB_IwiY1nsjxeb7gaduX4",
    "user-agent": "Mozilla/5.0 (Linux; Android 6.0; Nexus 5 Build/MRA58N) AppleWebKit/537.36 (KHTML, like Gecko) Chrome/131.0.0.0 Mobile Safari/537.36",
    "accept": "application/json, text/plain, */*",
    "sec-ch-ua": "\"Google Chrome\";v=\"131\", \"Chromium\";v=\"131\", \"Not_A Brand\";v=\"24\"",
    "content-type": "application/json",
    "sec-ch-ua-mobile": "?1",
    "origin": "http://localhost:5173",
    "sec-fetch-site": "same-site",
    "sec-fetch-mode": "cors",
    "sec-fetch-dest": "empty",
    "referer": "http://localhost:5173/",
    "accept-encoding": "gzip, deflate, br, zstd",
    "accept-language": "en-US,en;q=0.9"
  },
  "body": {
    "attendance_date": "2025-05-28",
    "organizer_id": "895b0c9f-0205-4f2a-8fa0-f887510befdf"
  }
}
2025-05-28 14:28:23 [INFO]: Request received {
  "method": "GET",
  "url": "/api/childattendances",
  "headers": {
    "host": "localhost:3000",
    "connection": "keep-alive",
    "sec-ch-ua-platform": "\"Android\"",
    "authorization": "Bearer eyJhbGciOiJIUzI1NiIsInR5cCI6IkpXVCJ9.eyJpZCI6Ijg5NWIwYzlmLTAyMDUtNGYyYS04ZmEwLWY4ODc1MTBiZWZkZiIsInJvbGUiOiJtb25pdG9yIiwiaWF0IjoxNzQ4NDE3MjE4LCJleHAiOjE3NDg0MjgwMTh9.Blv0POc4pcVRlyi-YxQzBhXB_IwiY1nsjxeb7gaduX4",
    "user-agent": "Mozilla/5.0 (Linux; Android 6.0; Nexus 5 Build/MRA58N) AppleWebKit/537.36 (KHTML, like Gecko) Chrome/131.0.0.0 Mobile Safari/537.36",
    "accept": "application/json, text/plain, */*",
    "sec-ch-ua": "\"Google Chrome\";v=\"131\", \"Chromium\";v=\"131\", \"Not_A Brand\";v=\"24\"",
    "sec-ch-ua-mobile": "?1",
    "origin": "http://localhost:5173",
    "sec-fetch-site": "same-site",
    "sec-fetch-mode": "cors",
    "sec-fetch-dest": "empty",
    "referer": "http://localhost:5173/",
    "accept-encoding": "gzip, deflate, br, zstd",
    "accept-language": "en-US,en;q=0.9"
  },
  "body": {}
}
2025-05-28 14:28:23 [INFO]: Request received {
  "method": "GET",
  "url": "/api/childattendances/attendance?date=2025-05-28&user_id=895b0c9f-0205-4f2a-8fa0-f887510befdf",
  "headers": {
    "host": "localhost:3000",
    "connection": "keep-alive",
    "sec-ch-ua-platform": "\"Android\"",
    "authorization": "Bearer eyJhbGciOiJIUzI1NiIsInR5cCI6IkpXVCJ9.eyJpZCI6Ijg5NWIwYzlmLTAyMDUtNGYyYS04ZmEwLWY4ODc1MTBiZWZkZiIsInJvbGUiOiJtb25pdG9yIiwiaWF0IjoxNzQ4NDE3MjE4LCJleHAiOjE3NDg0MjgwMTh9.Blv0POc4pcVRlyi-YxQzBhXB_IwiY1nsjxeb7gaduX4",
    "user-agent": "Mozilla/5.0 (Linux; Android 6.0; Nexus 5 Build/MRA58N) AppleWebKit/537.36 (KHTML, like Gecko) Chrome/131.0.0.0 Mobile Safari/537.36",
    "accept": "application/json, text/plain, */*",
    "sec-ch-ua": "\"Google Chrome\";v=\"131\", \"Chromium\";v=\"131\", \"Not_A Brand\";v=\"24\"",
    "sec-ch-ua-mobile": "?1",
    "origin": "http://localhost:5173",
    "sec-fetch-site": "same-site",
    "sec-fetch-mode": "cors",
    "sec-fetch-dest": "empty",
    "referer": "http://localhost:5173/",
    "accept-encoding": "gzip, deflate, br, zstd",
    "accept-language": "en-US,en;q=0.9",
    "if-none-match": "W/\"16c-BU6HztOQiO46FZi/lWcKpP8pI20\""
  },
  "body": {}
}
2025-05-28 14:28:30 [INFO]: Request received {
  "method": "POST",
  "url": "/api/childattendances/checklist",
  "headers": {
    "host": "localhost:3000",
    "connection": "keep-alive",
    "content-length": "86",
    "sec-ch-ua-platform": "\"Android\"",
    "authorization": "Bearer eyJhbGciOiJIUzI1NiIsInR5cCI6IkpXVCJ9.eyJpZCI6Ijg5NWIwYzlmLTAyMDUtNGYyYS04ZmEwLWY4ODc1MTBiZWZkZiIsInJvbGUiOiJtb25pdG9yIiwiaWF0IjoxNzQ4NDE3MjE4LCJleHAiOjE3NDg0MjgwMTh9.Blv0POc4pcVRlyi-YxQzBhXB_IwiY1nsjxeb7gaduX4",
    "user-agent": "Mozilla/5.0 (Linux; Android 6.0; Nexus 5 Build/MRA58N) AppleWebKit/537.36 (KHTML, like Gecko) Chrome/131.0.0.0 Mobile Safari/537.36",
    "accept": "application/json, text/plain, */*",
    "sec-ch-ua": "\"Google Chrome\";v=\"131\", \"Chromium\";v=\"131\", \"Not_A Brand\";v=\"24\"",
    "content-type": "application/json",
    "sec-ch-ua-mobile": "?1",
    "origin": "http://localhost:5173",
    "sec-fetch-site": "same-site",
    "sec-fetch-mode": "cors",
    "sec-fetch-dest": "empty",
    "referer": "http://localhost:5173/",
    "accept-encoding": "gzip, deflate, br, zstd",
    "accept-language": "en-US,en;q=0.9"
  },
  "body": {
    "attendance_date": "2025-05-28",
    "organizer_id": "895b0c9f-0205-4f2a-8fa0-f887510befdf"
  }
}
2025-05-28 14:28:30 [INFO]: Request received {
  "method": "GET",
  "url": "/api/childattendances",
  "headers": {
    "host": "localhost:3000",
    "connection": "keep-alive",
    "sec-ch-ua-platform": "\"Android\"",
    "authorization": "Bearer eyJhbGciOiJIUzI1NiIsInR5cCI6IkpXVCJ9.eyJpZCI6Ijg5NWIwYzlmLTAyMDUtNGYyYS04ZmEwLWY4ODc1MTBiZWZkZiIsInJvbGUiOiJtb25pdG9yIiwiaWF0IjoxNzQ4NDE3MjE4LCJleHAiOjE3NDg0MjgwMTh9.Blv0POc4pcVRlyi-YxQzBhXB_IwiY1nsjxeb7gaduX4",
    "user-agent": "Mozilla/5.0 (Linux; Android 6.0; Nexus 5 Build/MRA58N) AppleWebKit/537.36 (KHTML, like Gecko) Chrome/131.0.0.0 Mobile Safari/537.36",
    "accept": "application/json, text/plain, */*",
    "sec-ch-ua": "\"Google Chrome\";v=\"131\", \"Chromium\";v=\"131\", \"Not_A Brand\";v=\"24\"",
    "sec-ch-ua-mobile": "?1",
    "origin": "http://localhost:5173",
    "sec-fetch-site": "same-site",
    "sec-fetch-mode": "cors",
    "sec-fetch-dest": "empty",
    "referer": "http://localhost:5173/",
    "accept-encoding": "gzip, deflate, br, zstd",
    "accept-language": "en-US,en;q=0.9",
    "if-none-match": "W/\"66a-b57aEIyMaDruHdoa/IqxBtU9Yvo\""
  },
  "body": {}
}
2025-05-28 14:28:30 [INFO]: Request received {
  "method": "GET",
  "url": "/api/childattendances/attendance?date=2025-05-28&user_id=895b0c9f-0205-4f2a-8fa0-f887510befdf",
  "headers": {
    "host": "localhost:3000",
    "connection": "keep-alive",
    "sec-ch-ua-platform": "\"Android\"",
    "authorization": "Bearer eyJhbGciOiJIUzI1NiIsInR5cCI6IkpXVCJ9.eyJpZCI6Ijg5NWIwYzlmLTAyMDUtNGYyYS04ZmEwLWY4ODc1MTBiZWZkZiIsInJvbGUiOiJtb25pdG9yIiwiaWF0IjoxNzQ4NDE3MjE4LCJleHAiOjE3NDg0MjgwMTh9.Blv0POc4pcVRlyi-YxQzBhXB_IwiY1nsjxeb7gaduX4",
    "user-agent": "Mozilla/5.0 (Linux; Android 6.0; Nexus 5 Build/MRA58N) AppleWebKit/537.36 (KHTML, like Gecko) Chrome/131.0.0.0 Mobile Safari/537.36",
    "accept": "application/json, text/plain, */*",
    "sec-ch-ua": "\"Google Chrome\";v=\"131\", \"Chromium\";v=\"131\", \"Not_A Brand\";v=\"24\"",
    "sec-ch-ua-mobile": "?1",
    "origin": "http://localhost:5173",
    "sec-fetch-site": "same-site",
    "sec-fetch-mode": "cors",
    "sec-fetch-dest": "empty",
    "referer": "http://localhost:5173/",
    "accept-encoding": "gzip, deflate, br, zstd",
    "accept-language": "en-US,en;q=0.9",
    "if-none-match": "W/\"2c9-8bs3Ls6S6hSXGxS3cytGSM0fLF4\""
  },
  "body": {}
}
2025-05-28 14:28:46 [INFO]: Request received {
  "method": "GET",
  "url": "/api/childattendances/attendance?date=2025-05-28&user_id=b1d9491a-8702-40d9-a999-68a7dccdc7c3",
  "headers": {
    "host": "localhost:3000",
    "connection": "keep-alive",
    "sec-ch-ua-platform": "\"Android\"",
    "authorization": "Bearer eyJhbGciOiJIUzI1NiIsInR5cCI6IkpXVCJ9.eyJpZCI6Ijg5NWIwYzlmLTAyMDUtNGYyYS04ZmEwLWY4ODc1MTBiZWZkZiIsInJvbGUiOiJtb25pdG9yIiwiaWF0IjoxNzQ4NDE3MjE4LCJleHAiOjE3NDg0MjgwMTh9.Blv0POc4pcVRlyi-YxQzBhXB_IwiY1nsjxeb7gaduX4",
    "user-agent": "Mozilla/5.0 (Linux; Android 6.0; Nexus 5 Build/MRA58N) AppleWebKit/537.36 (KHTML, like Gecko) Chrome/131.0.0.0 Mobile Safari/537.36",
    "accept": "application/json, text/plain, */*",
    "sec-ch-ua": "\"Google Chrome\";v=\"131\", \"Chromium\";v=\"131\", \"Not_A Brand\";v=\"24\"",
    "sec-ch-ua-mobile": "?1",
    "origin": "http://localhost:5173",
    "sec-fetch-site": "same-site",
    "sec-fetch-mode": "cors",
    "sec-fetch-dest": "empty",
    "referer": "http://localhost:5173/",
    "accept-encoding": "gzip, deflate, br, zstd",
    "accept-language": "en-US,en;q=0.9",
    "if-none-match": "W/\"17a-VgI+ErDe2/mE2JrzesKKoXGlp6k\""
  },
  "body": {}
}
2025-05-28 14:28:48 [INFO]: Request received {
  "method": "POST",
  "url": "/api/childattendances/checklist",
  "headers": {
    "host": "localhost:3000",
    "connection": "keep-alive",
    "content-length": "86",
    "sec-ch-ua-platform": "\"Android\"",
    "authorization": "Bearer eyJhbGciOiJIUzI1NiIsInR5cCI6IkpXVCJ9.eyJpZCI6Ijg5NWIwYzlmLTAyMDUtNGYyYS04ZmEwLWY4ODc1MTBiZWZkZiIsInJvbGUiOiJtb25pdG9yIiwiaWF0IjoxNzQ4NDE3MjE4LCJleHAiOjE3NDg0MjgwMTh9.Blv0POc4pcVRlyi-YxQzBhXB_IwiY1nsjxeb7gaduX4",
    "user-agent": "Mozilla/5.0 (Linux; Android 6.0; Nexus 5 Build/MRA58N) AppleWebKit/537.36 (KHTML, like Gecko) Chrome/131.0.0.0 Mobile Safari/537.36",
    "accept": "application/json, text/plain, */*",
    "sec-ch-ua": "\"Google Chrome\";v=\"131\", \"Chromium\";v=\"131\", \"Not_A Brand\";v=\"24\"",
    "content-type": "application/json",
    "sec-ch-ua-mobile": "?1",
    "origin": "http://localhost:5173",
    "sec-fetch-site": "same-site",
    "sec-fetch-mode": "cors",
    "sec-fetch-dest": "empty",
    "referer": "http://localhost:5173/",
    "accept-encoding": "gzip, deflate, br, zstd",
    "accept-language": "en-US,en;q=0.9"
  },
  "body": {
    "attendance_date": "2025-05-28",
    "organizer_id": "b1d9491a-8702-40d9-a999-68a7dccdc7c3"
  }
}
2025-05-28 14:28:48 [INFO]: Request received {
  "method": "GET",
  "url": "/api/childattendances",
  "headers": {
    "host": "localhost:3000",
    "connection": "keep-alive",
    "sec-ch-ua-platform": "\"Android\"",
    "authorization": "Bearer eyJhbGciOiJIUzI1NiIsInR5cCI6IkpXVCJ9.eyJpZCI6Ijg5NWIwYzlmLTAyMDUtNGYyYS04ZmEwLWY4ODc1MTBiZWZkZiIsInJvbGUiOiJtb25pdG9yIiwiaWF0IjoxNzQ4NDE3MjE4LCJleHAiOjE3NDg0MjgwMTh9.Blv0POc4pcVRlyi-YxQzBhXB_IwiY1nsjxeb7gaduX4",
    "user-agent": "Mozilla/5.0 (Linux; Android 6.0; Nexus 5 Build/MRA58N) AppleWebKit/537.36 (KHTML, like Gecko) Chrome/131.0.0.0 Mobile Safari/537.36",
    "accept": "application/json, text/plain, */*",
    "sec-ch-ua": "\"Google Chrome\";v=\"131\", \"Chromium\";v=\"131\", \"Not_A Brand\";v=\"24\"",
    "sec-ch-ua-mobile": "?1",
    "origin": "http://localhost:5173",
    "sec-fetch-site": "same-site",
    "sec-fetch-mode": "cors",
    "sec-fetch-dest": "empty",
    "referer": "http://localhost:5173/",
    "accept-encoding": "gzip, deflate, br, zstd",
    "accept-language": "en-US,en;q=0.9",
    "if-none-match": "W/\"986-l9qKyxQnH0EaqUSIEsPtumeoqd0\""
  },
  "body": {}
}
2025-05-28 14:28:48 [INFO]: Request received {
  "method": "GET",
  "url": "/api/childattendances/attendance?date=2025-05-28&user_id=b1d9491a-8702-40d9-a999-68a7dccdc7c3",
  "headers": {
    "host": "localhost:3000",
    "connection": "keep-alive",
    "sec-ch-ua-platform": "\"Android\"",
    "authorization": "Bearer eyJhbGciOiJIUzI1NiIsInR5cCI6IkpXVCJ9.eyJpZCI6Ijg5NWIwYzlmLTAyMDUtNGYyYS04ZmEwLWY4ODc1MTBiZWZkZiIsInJvbGUiOiJtb25pdG9yIiwiaWF0IjoxNzQ4NDE3MjE4LCJleHAiOjE3NDg0MjgwMTh9.Blv0POc4pcVRlyi-YxQzBhXB_IwiY1nsjxeb7gaduX4",
    "user-agent": "Mozilla/5.0 (Linux; Android 6.0; Nexus 5 Build/MRA58N) AppleWebKit/537.36 (KHTML, like Gecko) Chrome/131.0.0.0 Mobile Safari/537.36",
    "accept": "application/json, text/plain, */*",
    "sec-ch-ua": "\"Google Chrome\";v=\"131\", \"Chromium\";v=\"131\", \"Not_A Brand\";v=\"24\"",
    "sec-ch-ua-mobile": "?1",
    "origin": "http://localhost:5173",
    "sec-fetch-site": "same-site",
    "sec-fetch-mode": "cors",
    "sec-fetch-dest": "empty",
    "referer": "http://localhost:5173/",
    "accept-encoding": "gzip, deflate, br, zstd",
    "accept-language": "en-US,en;q=0.9",
    "if-none-match": "W/\"17a-VgI+ErDe2/mE2JrzesKKoXGlp6k\""
  },
  "body": {}
}
2025-05-28 14:29:28 [INFO]: Request received {
  "method": "POST",
  "url": "/api/auth/login",
  "headers": {
    "host": "localhost:3000",
    "connection": "keep-alive",
    "content-length": "51",
    "sec-ch-ua-platform": "\"Android\"",
    "user-agent": "Mozilla/5.0 (Linux; Android 6.0; Nexus 5 Build/MRA58N) AppleWebKit/537.36 (KHTML, like Gecko) Chrome/131.0.0.0 Mobile Safari/537.36",
    "accept": "application/json, text/plain, */*",
    "sec-ch-ua": "\"Google Chrome\";v=\"131\", \"Chromium\";v=\"131\", \"Not_A Brand\";v=\"24\"",
    "content-type": "application/json",
    "sec-ch-ua-mobile": "?1",
    "origin": "http://localhost:5173",
    "sec-fetch-site": "same-site",
    "sec-fetch-mode": "cors",
    "sec-fetch-dest": "empty",
    "referer": "http://localhost:5173/",
    "accept-encoding": "gzip, deflate, br, zstd",
    "accept-language": "en-US,en;q=0.9"
  },
  "body": {
    "email": "***",
    "password": "***"
  }
}
2025-05-28 14:29:28 [INFO]: Attempting login {
  "email": "Sopheak@admin.com"
}
2025-05-28 14:29:28 [INFO]: Database query executed {
  "sql": "SELECT * FROM users WHERE email = $1",
  "params": [
    "Sopheak@admin.com"
  ],
  "rowCount": 0,
  "duration": "419ms"
}
2025-05-28 14:29:28 [ERROR]: Login error {
  "error": "User not found",
  "email": "Sopheak@admin.com"
}
2025-05-28 14:29:35 [INFO]: Request received {
  "method": "POST",
  "url": "/api/auth/login",
  "headers": {
    "host": "localhost:3000",
    "connection": "keep-alive",
    "content-length": "51",
    "sec-ch-ua-platform": "\"Android\"",
    "user-agent": "Mozilla/5.0 (Linux; Android 6.0; Nexus 5 Build/MRA58N) AppleWebKit/537.36 (KHTML, like Gecko) Chrome/131.0.0.0 Mobile Safari/537.36",
    "accept": "application/json, text/plain, */*",
    "sec-ch-ua": "\"Google Chrome\";v=\"131\", \"Chromium\";v=\"131\", \"Not_A Brand\";v=\"24\"",
    "content-type": "application/json",
    "sec-ch-ua-mobile": "?1",
    "origin": "http://localhost:5173",
    "sec-fetch-site": "same-site",
    "sec-fetch-mode": "cors",
    "sec-fetch-dest": "empty",
    "referer": "http://localhost:5173/",
    "accept-encoding": "gzip, deflate, br, zstd",
    "accept-language": "en-US,en;q=0.9"
  },
  "body": {
    "email": "***",
    "password": "***"
  }
}
2025-05-28 14:29:35 [INFO]: Attempting login {
  "email": "Sopheak@admin.com"
}
2025-05-28 14:29:35 [INFO]: Database query executed {
  "sql": "SELECT * FROM users WHERE email = $1",
  "params": [
    "Sopheak@admin.com"
  ],
  "rowCount": 0,
  "duration": "58ms"
}
2025-05-28 14:29:35 [ERROR]: Login error {
  "error": "User not found",
  "email": "Sopheak@admin.com"
}
2025-05-28 14:29:46 [INFO]: Request received {
  "method": "POST",
  "url": "/api/auth/login",
  "headers": {
    "host": "localhost:3000",
    "connection": "keep-alive",
    "content-length": "51",
    "sec-ch-ua-platform": "\"Android\"",
    "user-agent": "Mozilla/5.0 (Linux; Android 6.0; Nexus 5 Build/MRA58N) AppleWebKit/537.36 (KHTML, like Gecko) Chrome/131.0.0.0 Mobile Safari/537.36",
    "accept": "application/json, text/plain, */*",
    "sec-ch-ua": "\"Google Chrome\";v=\"131\", \"Chromium\";v=\"131\", \"Not_A Brand\";v=\"24\"",
    "content-type": "application/json",
    "sec-ch-ua-mobile": "?1",
    "origin": "http://localhost:5173",
    "sec-fetch-site": "same-site",
    "sec-fetch-mode": "cors",
    "sec-fetch-dest": "empty",
    "referer": "http://localhost:5173/",
    "accept-encoding": "gzip, deflate, br, zstd",
    "accept-language": "en-US,en;q=0.9"
  },
  "body": {
    "email": "***",
    "password": "***"
  }
}
2025-05-28 14:29:46 [INFO]: Attempting login {
  "email": "Sopheak@gmail.com"
}
2025-05-28 14:29:47 [INFO]: Database query executed {
  "sql": "SELECT * FROM users WHERE email = $1",
  "params": [
    "Sopheak@gmail.com"
  ],
  "rowCount": 1,
  "duration": "272ms"
}
2025-05-28 14:29:47 [INFO]: Login successful {
  "id": "b1d9491a-8702-40d9-a999-68a7dccdc7c3"
}
2025-05-28 14:29:47 [INFO]: Login successful {
  "email": "Sopheak@gmail.com"
}
2025-05-28 14:29:47 [INFO]: Request received {
  "method": "GET",
  "url": "/api/users/b1d9491a-8702-40d9-a999-68a7dccdc7c3",
  "headers": {
    "host": "localhost:3000",
    "connection": "keep-alive",
    "sec-ch-ua-platform": "\"Android\"",
    "authorization": "Bearer eyJhbGciOiJIUzI1NiIsInR5cCI6IkpXVCJ9.eyJpZCI6ImIxZDk0OTFhLTg3MDItNDBkOS1hOTk5LTY4YTdkY2NkYzdjMyIsInJvbGUiOiJjb29yZGluYXRvciIsImlhdCI6MTc0ODQxNzM4NywiZXhwIjoxNzQ4NDI4MTg3fQ.UjFgEA17jeht7xaqUCJ4vSQPywyP_UrW-5V_g76hnF4",
    "user-agent": "Mozilla/5.0 (Linux; Android 6.0; Nexus 5 Build/MRA58N) AppleWebKit/537.36 (KHTML, like Gecko) Chrome/131.0.0.0 Mobile Safari/537.36",
    "accept": "application/json, text/plain, */*",
    "sec-ch-ua": "\"Google Chrome\";v=\"131\", \"Chromium\";v=\"131\", \"Not_A Brand\";v=\"24\"",
    "sec-ch-ua-mobile": "?1",
    "origin": "http://localhost:5173",
    "sec-fetch-site": "same-site",
    "sec-fetch-mode": "cors",
    "sec-fetch-dest": "empty",
    "referer": "http://localhost:5173/",
    "accept-encoding": "gzip, deflate, br, zstd",
    "accept-language": "en-US,en;q=0.9",
    "if-none-match": "W/\"b5-VqTNJSdOdddfefC5Mu/hTTblnwA\""
  },
  "body": {}
}
2025-05-28 14:29:47 [INFO]: Fetching user by id {
  "id": "b1d9491a-8702-40d9-a999-68a7dccdc7c3"
}
2025-05-28 14:29:47 [INFO]: Request received {
  "method": "GET",
  "url": "/api/childattendances",
  "headers": {
    "host": "localhost:3000",
    "connection": "keep-alive",
    "sec-ch-ua-platform": "\"Android\"",
    "authorization": "Bearer eyJhbGciOiJIUzI1NiIsInR5cCI6IkpXVCJ9.eyJpZCI6ImIxZDk0OTFhLTg3MDItNDBkOS1hOTk5LTY4YTdkY2NkYzdjMyIsInJvbGUiOiJjb29yZGluYXRvciIsImlhdCI6MTc0ODQxNzM4NywiZXhwIjoxNzQ4NDI4MTg3fQ.UjFgEA17jeht7xaqUCJ4vSQPywyP_UrW-5V_g76hnF4",
    "user-agent": "Mozilla/5.0 (Linux; Android 6.0; Nexus 5 Build/MRA58N) AppleWebKit/537.36 (KHTML, like Gecko) Chrome/131.0.0.0 Mobile Safari/537.36",
    "accept": "application/json, text/plain, */*",
    "sec-ch-ua": "\"Google Chrome\";v=\"131\", \"Chromium\";v=\"131\", \"Not_A Brand\";v=\"24\"",
    "sec-ch-ua-mobile": "?1",
    "origin": "http://localhost:5173",
    "sec-fetch-site": "same-site",
    "sec-fetch-mode": "cors",
    "sec-fetch-dest": "empty",
    "referer": "http://localhost:5173/",
    "accept-encoding": "gzip, deflate, br, zstd",
    "accept-language": "en-US,en;q=0.9",
    "if-none-match": "W/\"b22-9KXJ1tIuRrv0VxlZEyn628Aka5Y\""
  },
  "body": {}
}
2025-05-28 14:29:47 [INFO]: Request received {
  "method": "GET",
  "url": "/api/users",
  "headers": {
    "host": "localhost:3000",
    "connection": "keep-alive",
    "sec-ch-ua-platform": "\"Android\"",
    "authorization": "Bearer eyJhbGciOiJIUzI1NiIsInR5cCI6IkpXVCJ9.eyJpZCI6ImIxZDk0OTFhLTg3MDItNDBkOS1hOTk5LTY4YTdkY2NkYzdjMyIsInJvbGUiOiJjb29yZGluYXRvciIsImlhdCI6MTc0ODQxNzM4NywiZXhwIjoxNzQ4NDI4MTg3fQ.UjFgEA17jeht7xaqUCJ4vSQPywyP_UrW-5V_g76hnF4",
    "user-agent": "Mozilla/5.0 (Linux; Android 6.0; Nexus 5 Build/MRA58N) AppleWebKit/537.36 (KHTML, like Gecko) Chrome/131.0.0.0 Mobile Safari/537.36",
    "accept": "application/json, text/plain, */*",
    "sec-ch-ua": "\"Google Chrome\";v=\"131\", \"Chromium\";v=\"131\", \"Not_A Brand\";v=\"24\"",
    "sec-ch-ua-mobile": "?1",
    "origin": "http://localhost:5173",
    "sec-fetch-site": "same-site",
    "sec-fetch-mode": "cors",
    "sec-fetch-dest": "empty",
    "referer": "http://localhost:5173/",
    "accept-encoding": "gzip, deflate, br, zstd",
    "accept-language": "en-US,en;q=0.9",
    "if-none-match": "W/\"4b7-nxt4E/qpmJ5hSLuZZQvDmh5l7qA\""
  },
  "body": {}
}
2025-05-28 14:29:47 [INFO]: Fetching all users
2025-05-28 14:29:47 [INFO]: Database query executed {
  "sql": "SELECT id, username, email, role, nationality, created_at FROM users WHERE id = $1",
  "params": [
    "b1d9491a-8702-40d9-a999-68a7dccdc7c3"
  ],
  "rowCount": 1,
  "duration": "77ms"
}
2025-05-28 14:29:47 [INFO]: Fetched user by id {
  "id": "b1d9491a-8702-40d9-a999-68a7dccdc7c3"
}
2025-05-28 14:29:47 [INFO]: Request received {
  "method": "GET",
  "url": "/api/users/b1d9491a-8702-40d9-a999-68a7dccdc7c3",
  "headers": {
    "host": "localhost:3000",
    "connection": "keep-alive",
    "sec-ch-ua-platform": "\"Android\"",
    "authorization": "Bearer eyJhbGciOiJIUzI1NiIsInR5cCI6IkpXVCJ9.eyJpZCI6ImIxZDk0OTFhLTg3MDItNDBkOS1hOTk5LTY4YTdkY2NkYzdjMyIsInJvbGUiOiJjb29yZGluYXRvciIsImlhdCI6MTc0ODQxNzM4NywiZXhwIjoxNzQ4NDI4MTg3fQ.UjFgEA17jeht7xaqUCJ4vSQPywyP_UrW-5V_g76hnF4",
    "user-agent": "Mozilla/5.0 (Linux; Android 6.0; Nexus 5 Build/MRA58N) AppleWebKit/537.36 (KHTML, like Gecko) Chrome/131.0.0.0 Mobile Safari/537.36",
    "accept": "application/json, text/plain, */*",
    "sec-ch-ua": "\"Google Chrome\";v=\"131\", \"Chromium\";v=\"131\", \"Not_A Brand\";v=\"24\"",
    "sec-ch-ua-mobile": "?1",
    "origin": "http://localhost:5173",
    "sec-fetch-site": "same-site",
    "sec-fetch-mode": "cors",
    "sec-fetch-dest": "empty",
    "referer": "http://localhost:5173/",
    "accept-encoding": "gzip, deflate, br, zstd",
    "accept-language": "en-US,en;q=0.9",
    "if-none-match": "W/\"b5-VqTNJSdOdddfefC5Mu/hTTblnwA\""
  },
  "body": {}
}
2025-05-28 14:29:47 [INFO]: Fetching user by id {
  "id": "b1d9491a-8702-40d9-a999-68a7dccdc7c3"
}
2025-05-28 14:29:47 [INFO]: Database query executed {
  "sql": "SELECT id, username, email, role, nationality, created_at FROM users WHERE id = $1",
  "params": [
    "b1d9491a-8702-40d9-a999-68a7dccdc7c3"
  ],
  "rowCount": 1,
  "duration": "45ms"
}
2025-05-28 14:29:47 [INFO]: Fetched user by id {
  "id": "b1d9491a-8702-40d9-a999-68a7dccdc7c3"
}
2025-05-28 14:29:47 [INFO]: Database query executed {
  "sql": "SELECT id, username, email, role, nationality, created_at FROM users",
  "params": [],
  "rowCount": 7,
  "duration": "248ms"
}
2025-05-28 14:29:47 [INFO]: Fetched all users
2025-05-28 14:29:47 [INFO]: Request received {
  "method": "GET",
  "url": "/api/users",
  "headers": {
    "host": "localhost:3000",
    "connection": "keep-alive",
    "sec-ch-ua-platform": "\"Android\"",
    "authorization": "Bearer eyJhbGciOiJIUzI1NiIsInR5cCI6IkpXVCJ9.eyJpZCI6ImIxZDk0OTFhLTg3MDItNDBkOS1hOTk5LTY4YTdkY2NkYzdjMyIsInJvbGUiOiJjb29yZGluYXRvciIsImlhdCI6MTc0ODQxNzM4NywiZXhwIjoxNzQ4NDI4MTg3fQ.UjFgEA17jeht7xaqUCJ4vSQPywyP_UrW-5V_g76hnF4",
    "user-agent": "Mozilla/5.0 (Linux; Android 6.0; Nexus 5 Build/MRA58N) AppleWebKit/537.36 (KHTML, like Gecko) Chrome/131.0.0.0 Mobile Safari/537.36",
    "accept": "application/json, text/plain, */*",
    "sec-ch-ua": "\"Google Chrome\";v=\"131\", \"Chromium\";v=\"131\", \"Not_A Brand\";v=\"24\"",
    "sec-ch-ua-mobile": "?1",
    "origin": "http://localhost:5173",
    "sec-fetch-site": "same-site",
    "sec-fetch-mode": "cors",
    "sec-fetch-dest": "empty",
    "referer": "http://localhost:5173/",
    "accept-encoding": "gzip, deflate, br, zstd",
    "accept-language": "en-US,en;q=0.9",
    "if-none-match": "W/\"4b7-nxt4E/qpmJ5hSLuZZQvDmh5l7qA\""
  },
  "body": {}
}
2025-05-28 14:29:47 [INFO]: Fetching all users
2025-05-28 14:29:47 [INFO]: Request received {
  "method": "GET",
  "url": "/api/childattendances",
  "headers": {
    "host": "localhost:3000",
    "connection": "keep-alive",
    "sec-ch-ua-platform": "\"Android\"",
    "authorization": "Bearer eyJhbGciOiJIUzI1NiIsInR5cCI6IkpXVCJ9.eyJpZCI6ImIxZDk0OTFhLTg3MDItNDBkOS1hOTk5LTY4YTdkY2NkYzdjMyIsInJvbGUiOiJjb29yZGluYXRvciIsImlhdCI6MTc0ODQxNzM4NywiZXhwIjoxNzQ4NDI4MTg3fQ.UjFgEA17jeht7xaqUCJ4vSQPywyP_UrW-5V_g76hnF4",
    "user-agent": "Mozilla/5.0 (Linux; Android 6.0; Nexus 5 Build/MRA58N) AppleWebKit/537.36 (KHTML, like Gecko) Chrome/131.0.0.0 Mobile Safari/537.36",
    "accept": "application/json, text/plain, */*",
    "sec-ch-ua": "\"Google Chrome\";v=\"131\", \"Chromium\";v=\"131\", \"Not_A Brand\";v=\"24\"",
    "sec-ch-ua-mobile": "?1",
    "origin": "http://localhost:5173",
    "sec-fetch-site": "same-site",
    "sec-fetch-mode": "cors",
    "sec-fetch-dest": "empty",
    "referer": "http://localhost:5173/",
    "accept-encoding": "gzip, deflate, br, zstd",
    "accept-language": "en-US,en;q=0.9",
    "if-none-match": "W/\"b22-9KXJ1tIuRrv0VxlZEyn628Aka5Y\""
  },
  "body": {}
}
2025-05-28 14:29:47 [INFO]: Database query executed {
  "sql": "SELECT id, username, email, role, nationality, created_at FROM users",
  "params": [],
  "rowCount": 7,
  "duration": "52ms"
}
2025-05-28 14:29:47 [INFO]: Fetched all users
2025-05-28 14:30:09 [INFO]: Request received {
  "method": "POST",
  "url": "/api/childattendances/checklist",
  "headers": {
    "host": "localhost:3000",
    "connection": "keep-alive",
    "content-length": "86",
    "sec-ch-ua-platform": "\"Android\"",
    "authorization": "Bearer eyJhbGciOiJIUzI1NiIsInR5cCI6IkpXVCJ9.eyJpZCI6ImIxZDk0OTFhLTg3MDItNDBkOS1hOTk5LTY4YTdkY2NkYzdjMyIsInJvbGUiOiJjb29yZGluYXRvciIsImlhdCI6MTc0ODQxNzM4NywiZXhwIjoxNzQ4NDI4MTg3fQ.UjFgEA17jeht7xaqUCJ4vSQPywyP_UrW-5V_g76hnF4",
    "user-agent": "Mozilla/5.0 (Linux; Android 6.0; Nexus 5 Build/MRA58N) AppleWebKit/537.36 (KHTML, like Gecko) Chrome/131.0.0.0 Mobile Safari/537.36",
    "accept": "application/json, text/plain, */*",
    "sec-ch-ua": "\"Google Chrome\";v=\"131\", \"Chromium\";v=\"131\", \"Not_A Brand\";v=\"24\"",
    "content-type": "application/json",
    "sec-ch-ua-mobile": "?1",
    "origin": "http://localhost:5173",
    "sec-fetch-site": "same-site",
    "sec-fetch-mode": "cors",
    "sec-fetch-dest": "empty",
    "referer": "http://localhost:5173/",
    "accept-encoding": "gzip, deflate, br, zstd",
    "accept-language": "en-US,en;q=0.9"
  },
  "body": {
    "attendance_date": "2025-05-28",
    "organizer_id": "b1d9491a-8702-40d9-a999-68a7dccdc7c3"
  }
}
2025-05-28 14:30:09 [INFO]: Request received {
  "method": "GET",
  "url": "/api/childattendances",
  "headers": {
    "host": "localhost:3000",
    "connection": "keep-alive",
    "sec-ch-ua-platform": "\"Android\"",
    "authorization": "Bearer eyJhbGciOiJIUzI1NiIsInR5cCI6IkpXVCJ9.eyJpZCI6ImIxZDk0OTFhLTg3MDItNDBkOS1hOTk5LTY4YTdkY2NkYzdjMyIsInJvbGUiOiJjb29yZGluYXRvciIsImlhdCI6MTc0ODQxNzM4NywiZXhwIjoxNzQ4NDI4MTg3fQ.UjFgEA17jeht7xaqUCJ4vSQPywyP_UrW-5V_g76hnF4",
    "user-agent": "Mozilla/5.0 (Linux; Android 6.0; Nexus 5 Build/MRA58N) AppleWebKit/537.36 (KHTML, like Gecko) Chrome/131.0.0.0 Mobile Safari/537.36",
    "accept": "application/json, text/plain, */*",
    "sec-ch-ua": "\"Google Chrome\";v=\"131\", \"Chromium\";v=\"131\", \"Not_A Brand\";v=\"24\"",
    "sec-ch-ua-mobile": "?1",
    "origin": "http://localhost:5173",
    "sec-fetch-site": "same-site",
    "sec-fetch-mode": "cors",
    "sec-fetch-dest": "empty",
    "referer": "http://localhost:5173/",
    "accept-encoding": "gzip, deflate, br, zstd",
    "accept-language": "en-US,en;q=0.9",
    "if-none-match": "W/\"b22-9KXJ1tIuRrv0VxlZEyn628Aka5Y\""
  },
  "body": {}
}
2025-05-28 14:30:09 [INFO]: Request received {
  "method": "GET",
  "url": "/api/childattendances/attendance?date=2025-05-28&user_id=b1d9491a-8702-40d9-a999-68a7dccdc7c3",
  "headers": {
    "host": "localhost:3000",
    "connection": "keep-alive",
    "sec-ch-ua-platform": "\"Android\"",
    "authorization": "Bearer eyJhbGciOiJIUzI1NiIsInR5cCI6IkpXVCJ9.eyJpZCI6ImIxZDk0OTFhLTg3MDItNDBkOS1hOTk5LTY4YTdkY2NkYzdjMyIsInJvbGUiOiJjb29yZGluYXRvciIsImlhdCI6MTc0ODQxNzM4NywiZXhwIjoxNzQ4NDI4MTg3fQ.UjFgEA17jeht7xaqUCJ4vSQPywyP_UrW-5V_g76hnF4",
    "user-agent": "Mozilla/5.0 (Linux; Android 6.0; Nexus 5 Build/MRA58N) AppleWebKit/537.36 (KHTML, like Gecko) Chrome/131.0.0.0 Mobile Safari/537.36",
    "accept": "application/json, text/plain, */*",
    "sec-ch-ua": "\"Google Chrome\";v=\"131\", \"Chromium\";v=\"131\", \"Not_A Brand\";v=\"24\"",
    "sec-ch-ua-mobile": "?1",
    "origin": "http://localhost:5173",
    "sec-fetch-site": "same-site",
    "sec-fetch-mode": "cors",
    "sec-fetch-dest": "empty",
    "referer": "http://localhost:5173/",
    "accept-encoding": "gzip, deflate, br, zstd",
    "accept-language": "en-US,en;q=0.9",
    "if-none-match": "W/\"2e5-A2Q/KZt6HljHg3Tsyerw9Fnxtto\""
  },
  "body": {}
}
2025-05-28 14:30:19 [INFO]: Request received {
  "method": "GET",
  "url": "/api/childattendances/attendance?date=2025-05-28&user_id=b1d9491a-8702-40d9-a999-68a7dccdc7c3",
  "headers": {
    "host": "localhost:3000",
    "connection": "keep-alive",
    "sec-ch-ua-platform": "\"Android\"",
    "authorization": "Bearer eyJhbGciOiJIUzI1NiIsInR5cCI6IkpXVCJ9.eyJpZCI6ImIxZDk0OTFhLTg3MDItNDBkOS1hOTk5LTY4YTdkY2NkYzdjMyIsInJvbGUiOiJjb29yZGluYXRvciIsImlhdCI6MTc0ODQxNzM4NywiZXhwIjoxNzQ4NDI4MTg3fQ.UjFgEA17jeht7xaqUCJ4vSQPywyP_UrW-5V_g76hnF4",
    "user-agent": "Mozilla/5.0 (Linux; Android 6.0; Nexus 5 Build/MRA58N) AppleWebKit/537.36 (KHTML, like Gecko) Chrome/131.0.0.0 Mobile Safari/537.36",
    "accept": "application/json, text/plain, */*",
    "sec-ch-ua": "\"Google Chrome\";v=\"131\", \"Chromium\";v=\"131\", \"Not_A Brand\";v=\"24\"",
    "sec-ch-ua-mobile": "?1",
    "origin": "http://localhost:5173",
    "sec-fetch-site": "same-site",
    "sec-fetch-mode": "cors",
    "sec-fetch-dest": "empty",
    "referer": "http://localhost:5173/",
    "accept-encoding": "gzip, deflate, br, zstd",
    "accept-language": "en-US,en;q=0.9",
    "if-none-match": "W/\"5bb-u0gjC0VxrFfGoh7q6KX0JeuREgk\""
  },
  "body": {}
}
2025-05-28 14:30:24 [INFO]: Request received {
  "method": "GET",
  "url": "/api/childattendances/attendance?date=2025-05-28&user_id=895b0c9f-0205-4f2a-8fa0-f887510befdf",
  "headers": {
    "host": "localhost:3000",
    "connection": "keep-alive",
    "sec-ch-ua-platform": "\"Android\"",
    "authorization": "Bearer eyJhbGciOiJIUzI1NiIsInR5cCI6IkpXVCJ9.eyJpZCI6ImIxZDk0OTFhLTg3MDItNDBkOS1hOTk5LTY4YTdkY2NkYzdjMyIsInJvbGUiOiJjb29yZGluYXRvciIsImlhdCI6MTc0ODQxNzM4NywiZXhwIjoxNzQ4NDI4MTg3fQ.UjFgEA17jeht7xaqUCJ4vSQPywyP_UrW-5V_g76hnF4",
    "user-agent": "Mozilla/5.0 (Linux; Android 6.0; Nexus 5 Build/MRA58N) AppleWebKit/537.36 (KHTML, like Gecko) Chrome/131.0.0.0 Mobile Safari/537.36",
    "accept": "application/json, text/plain, */*",
    "sec-ch-ua": "\"Google Chrome\";v=\"131\", \"Chromium\";v=\"131\", \"Not_A Brand\";v=\"24\"",
    "sec-ch-ua-mobile": "?1",
    "origin": "http://localhost:5173",
    "sec-fetch-site": "same-site",
    "sec-fetch-mode": "cors",
    "sec-fetch-dest": "empty",
    "referer": "http://localhost:5173/",
    "accept-encoding": "gzip, deflate, br, zstd",
    "accept-language": "en-US,en;q=0.9",
    "if-none-match": "W/\"583-JXKz3GGwqrpgicuhKnT7u9GGgpE\""
  },
  "body": {}
}
2025-05-28 14:31:30 [INFO]: Request received {
  "method": "POST",
  "url": "/api/auth/login",
  "headers": {
    "host": "localhost:3000",
    "connection": "keep-alive",
    "content-length": "48",
    "sec-ch-ua-platform": "\"Android\"",
    "user-agent": "Mozilla/5.0 (Linux; Android 6.0; Nexus 5 Build/MRA58N) AppleWebKit/537.36 (KHTML, like Gecko) Chrome/131.0.0.0 Mobile Safari/537.36",
    "accept": "application/json, text/plain, */*",
    "sec-ch-ua": "\"Google Chrome\";v=\"131\", \"Chromium\";v=\"131\", \"Not_A Brand\";v=\"24\"",
    "content-type": "application/json",
    "sec-ch-ua-mobile": "?1",
    "origin": "http://localhost:5173",
    "sec-fetch-site": "same-site",
    "sec-fetch-mode": "cors",
    "sec-fetch-dest": "empty",
    "referer": "http://localhost:5173/",
    "accept-encoding": "gzip, deflate, br, zstd",
    "accept-language": "en-US,en;q=0.9"
  },
  "body": {
    "email": "***",
    "password": "***"
  }
}
2025-05-28 14:31:30 [INFO]: Attempting login {
  "email": "thay@gmail.com"
}
2025-05-28 14:31:30 [INFO]: Database query executed {
  "sql": "SELECT * FROM users WHERE email = $1",
  "params": [
    "thay@gmail.com"
  ],
  "rowCount": 1,
  "duration": "341ms"
}
2025-05-28 14:31:30 [INFO]: Login successful {
  "id": "895b0c9f-0205-4f2a-8fa0-f887510befdf"
}
2025-05-28 14:31:31 [INFO]: Login successful {
  "email": "thay@gmail.com"
}
2025-05-28 14:31:31 [INFO]: Request received {
  "method": "GET",
  "url": "/api/users/895b0c9f-0205-4f2a-8fa0-f887510befdf",
  "headers": {
    "host": "localhost:3000",
    "connection": "keep-alive",
    "sec-ch-ua-platform": "\"Android\"",
    "authorization": "Bearer eyJhbGciOiJIUzI1NiIsInR5cCI6IkpXVCJ9.eyJpZCI6Ijg5NWIwYzlmLTAyMDUtNGYyYS04ZmEwLWY4ODc1MTBiZWZkZiIsInJvbGUiOiJtb25pdG9yIiwiaWF0IjoxNzQ4NDE3NDkwLCJleHAiOjE3NDg0MjgyOTB9.jHS3IMWpx1p2D90ywA63QUCjOMpzFMMCjN5WUWOOu7E",
    "user-agent": "Mozilla/5.0 (Linux; Android 6.0; Nexus 5 Build/MRA58N) AppleWebKit/537.36 (KHTML, like Gecko) Chrome/131.0.0.0 Mobile Safari/537.36",
    "accept": "application/json, text/plain, */*",
    "sec-ch-ua": "\"Google Chrome\";v=\"131\", \"Chromium\";v=\"131\", \"Not_A Brand\";v=\"24\"",
    "sec-ch-ua-mobile": "?1",
    "origin": "http://localhost:5173",
    "sec-fetch-site": "same-site",
    "sec-fetch-mode": "cors",
    "sec-fetch-dest": "empty",
    "referer": "http://localhost:5173/",
    "accept-encoding": "gzip, deflate, br, zstd",
    "accept-language": "en-US,en;q=0.9",
    "if-none-match": "W/\"a7-wnpvhCNeWsEkqmRbpyXTQljIVR4\""
  },
  "body": {}
}
2025-05-28 14:31:31 [INFO]: Fetching user by id {
  "id": "895b0c9f-0205-4f2a-8fa0-f887510befdf"
}
2025-05-28 14:31:31 [INFO]: Request received {
  "method": "GET",
  "url": "/api/childattendances",
  "headers": {
    "host": "localhost:3000",
    "connection": "keep-alive",
    "sec-ch-ua-platform": "\"Android\"",
    "authorization": "Bearer eyJhbGciOiJIUzI1NiIsInR5cCI6IkpXVCJ9.eyJpZCI6Ijg5NWIwYzlmLTAyMDUtNGYyYS04ZmEwLWY4ODc1MTBiZWZkZiIsInJvbGUiOiJtb25pdG9yIiwiaWF0IjoxNzQ4NDE3NDkwLCJleHAiOjE3NDg0MjgyOTB9.jHS3IMWpx1p2D90ywA63QUCjOMpzFMMCjN5WUWOOu7E",
    "user-agent": "Mozilla/5.0 (Linux; Android 6.0; Nexus 5 Build/MRA58N) AppleWebKit/537.36 (KHTML, like Gecko) Chrome/131.0.0.0 Mobile Safari/537.36",
    "accept": "application/json, text/plain, */*",
    "sec-ch-ua": "\"Google Chrome\";v=\"131\", \"Chromium\";v=\"131\", \"Not_A Brand\";v=\"24\"",
    "sec-ch-ua-mobile": "?1",
    "origin": "http://localhost:5173",
    "sec-fetch-site": "same-site",
    "sec-fetch-mode": "cors",
    "sec-fetch-dest": "empty",
    "referer": "http://localhost:5173/",
    "accept-encoding": "gzip, deflate, br, zstd",
    "accept-language": "en-US,en;q=0.9",
    "if-none-match": "W/\"e5a-y49ndxaSxrWux5oDBQ1CUCFccUA\""
  },
  "body": {}
}
2025-05-28 14:31:31 [INFO]: Request received {
  "method": "GET",
  "url": "/api/users",
  "headers": {
    "host": "localhost:3000",
    "connection": "keep-alive",
    "sec-ch-ua-platform": "\"Android\"",
    "authorization": "Bearer eyJhbGciOiJIUzI1NiIsInR5cCI6IkpXVCJ9.eyJpZCI6Ijg5NWIwYzlmLTAyMDUtNGYyYS04ZmEwLWY4ODc1MTBiZWZkZiIsInJvbGUiOiJtb25pdG9yIiwiaWF0IjoxNzQ4NDE3NDkwLCJleHAiOjE3NDg0MjgyOTB9.jHS3IMWpx1p2D90ywA63QUCjOMpzFMMCjN5WUWOOu7E",
    "user-agent": "Mozilla/5.0 (Linux; Android 6.0; Nexus 5 Build/MRA58N) AppleWebKit/537.36 (KHTML, like Gecko) Chrome/131.0.0.0 Mobile Safari/537.36",
    "accept": "application/json, text/plain, */*",
    "sec-ch-ua": "\"Google Chrome\";v=\"131\", \"Chromium\";v=\"131\", \"Not_A Brand\";v=\"24\"",
    "sec-ch-ua-mobile": "?1",
    "origin": "http://localhost:5173",
    "sec-fetch-site": "same-site",
    "sec-fetch-mode": "cors",
    "sec-fetch-dest": "empty",
    "referer": "http://localhost:5173/",
    "accept-encoding": "gzip, deflate, br, zstd",
    "accept-language": "en-US,en;q=0.9",
    "if-none-match": "W/\"4b7-nxt4E/qpmJ5hSLuZZQvDmh5l7qA\""
  },
  "body": {}
}
2025-05-28 14:31:31 [INFO]: Fetching all users
2025-05-28 14:31:31 [INFO]: Database query executed {
  "sql": "SELECT id, username, email, role, nationality, created_at FROM users WHERE id = $1",
  "params": [
    "895b0c9f-0205-4f2a-8fa0-f887510befdf"
  ],
  "rowCount": 1,
  "duration": "43ms"
}
2025-05-28 14:31:31 [INFO]: Fetched user by id {
  "id": "895b0c9f-0205-4f2a-8fa0-f887510befdf"
}
2025-05-28 14:31:31 [INFO]: Request received {
  "method": "GET",
  "url": "/api/users/895b0c9f-0205-4f2a-8fa0-f887510befdf",
  "headers": {
    "host": "localhost:3000",
    "connection": "keep-alive",
    "sec-ch-ua-platform": "\"Android\"",
    "authorization": "Bearer eyJhbGciOiJIUzI1NiIsInR5cCI6IkpXVCJ9.eyJpZCI6Ijg5NWIwYzlmLTAyMDUtNGYyYS04ZmEwLWY4ODc1MTBiZWZkZiIsInJvbGUiOiJtb25pdG9yIiwiaWF0IjoxNzQ4NDE3NDkwLCJleHAiOjE3NDg0MjgyOTB9.jHS3IMWpx1p2D90ywA63QUCjOMpzFMMCjN5WUWOOu7E",
    "user-agent": "Mozilla/5.0 (Linux; Android 6.0; Nexus 5 Build/MRA58N) AppleWebKit/537.36 (KHTML, like Gecko) Chrome/131.0.0.0 Mobile Safari/537.36",
    "accept": "application/json, text/plain, */*",
    "sec-ch-ua": "\"Google Chrome\";v=\"131\", \"Chromium\";v=\"131\", \"Not_A Brand\";v=\"24\"",
    "sec-ch-ua-mobile": "?1",
    "origin": "http://localhost:5173",
    "sec-fetch-site": "same-site",
    "sec-fetch-mode": "cors",
    "sec-fetch-dest": "empty",
    "referer": "http://localhost:5173/",
    "accept-encoding": "gzip, deflate, br, zstd",
    "accept-language": "en-US,en;q=0.9",
    "if-none-match": "W/\"a7-wnpvhCNeWsEkqmRbpyXTQljIVR4\""
  },
  "body": {}
}
2025-05-28 14:31:31 [INFO]: Fetching user by id {
  "id": "895b0c9f-0205-4f2a-8fa0-f887510befdf"
}
2025-05-28 14:31:31 [INFO]: Database query executed {
  "sql": "SELECT id, username, email, role, nationality, created_at FROM users WHERE id = $1",
  "params": [
    "895b0c9f-0205-4f2a-8fa0-f887510befdf"
  ],
  "rowCount": 1,
  "duration": "43ms"
}
2025-05-28 14:31:31 [INFO]: Fetched user by id {
  "id": "895b0c9f-0205-4f2a-8fa0-f887510befdf"
}
2025-05-28 14:31:31 [INFO]: Request received {
  "method": "GET",
  "url": "/api/childattendances",
  "headers": {
    "host": "localhost:3000",
    "connection": "keep-alive",
    "sec-ch-ua-platform": "\"Android\"",
    "authorization": "Bearer eyJhbGciOiJIUzI1NiIsInR5cCI6IkpXVCJ9.eyJpZCI6Ijg5NWIwYzlmLTAyMDUtNGYyYS04ZmEwLWY4ODc1MTBiZWZkZiIsInJvbGUiOiJtb25pdG9yIiwiaWF0IjoxNzQ4NDE3NDkwLCJleHAiOjE3NDg0MjgyOTB9.jHS3IMWpx1p2D90ywA63QUCjOMpzFMMCjN5WUWOOu7E",
    "user-agent": "Mozilla/5.0 (Linux; Android 6.0; Nexus 5 Build/MRA58N) AppleWebKit/537.36 (KHTML, like Gecko) Chrome/131.0.0.0 Mobile Safari/537.36",
    "accept": "application/json, text/plain, */*",
    "sec-ch-ua": "\"Google Chrome\";v=\"131\", \"Chromium\";v=\"131\", \"Not_A Brand\";v=\"24\"",
    "sec-ch-ua-mobile": "?1",
    "origin": "http://localhost:5173",
    "sec-fetch-site": "same-site",
    "sec-fetch-mode": "cors",
    "sec-fetch-dest": "empty",
    "referer": "http://localhost:5173/",
    "accept-encoding": "gzip, deflate, br, zstd",
    "accept-language": "en-US,en;q=0.9",
    "if-none-match": "W/\"e5a-y49ndxaSxrWux5oDBQ1CUCFccUA\""
  },
  "body": {}
}
2025-05-28 14:31:31 [INFO]: Database query executed {
  "sql": "SELECT id, username, email, role, nationality, created_at FROM users",
  "params": [],
  "rowCount": 7,
  "duration": "258ms"
}
2025-05-28 14:31:31 [INFO]: Fetched all users
2025-05-28 14:31:31 [INFO]: Request received {
  "method": "GET",
  "url": "/api/users",
  "headers": {
    "host": "localhost:3000",
    "connection": "keep-alive",
    "sec-ch-ua-platform": "\"Android\"",
    "authorization": "Bearer eyJhbGciOiJIUzI1NiIsInR5cCI6IkpXVCJ9.eyJpZCI6Ijg5NWIwYzlmLTAyMDUtNGYyYS04ZmEwLWY4ODc1MTBiZWZkZiIsInJvbGUiOiJtb25pdG9yIiwiaWF0IjoxNzQ4NDE3NDkwLCJleHAiOjE3NDg0MjgyOTB9.jHS3IMWpx1p2D90ywA63QUCjOMpzFMMCjN5WUWOOu7E",
    "user-agent": "Mozilla/5.0 (Linux; Android 6.0; Nexus 5 Build/MRA58N) AppleWebKit/537.36 (KHTML, like Gecko) Chrome/131.0.0.0 Mobile Safari/537.36",
    "accept": "application/json, text/plain, */*",
    "sec-ch-ua": "\"Google Chrome\";v=\"131\", \"Chromium\";v=\"131\", \"Not_A Brand\";v=\"24\"",
    "sec-ch-ua-mobile": "?1",
    "origin": "http://localhost:5173",
    "sec-fetch-site": "same-site",
    "sec-fetch-mode": "cors",
    "sec-fetch-dest": "empty",
    "referer": "http://localhost:5173/",
    "accept-encoding": "gzip, deflate, br, zstd",
    "accept-language": "en-US,en;q=0.9",
    "if-none-match": "W/\"4b7-nxt4E/qpmJ5hSLuZZQvDmh5l7qA\""
  },
  "body": {}
}
2025-05-28 14:31:31 [INFO]: Fetching all users
2025-05-28 14:31:31 [INFO]: Database query executed {
  "sql": "SELECT id, username, email, role, nationality, created_at FROM users",
  "params": [],
  "rowCount": 7,
  "duration": "43ms"
}
2025-05-28 14:31:31 [INFO]: Fetched all users
2025-05-28 14:31:58 [INFO]: Request received {
  "method": "GET",
  "url": "/api/campevents",
  "headers": {
    "host": "localhost:3000",
    "connection": "keep-alive",
    "sec-ch-ua-platform": "\"Android\"",
    "authorization": "Bearer eyJhbGciOiJIUzI1NiIsInR5cCI6IkpXVCJ9.eyJpZCI6Ijg5NWIwYzlmLTAyMDUtNGYyYS04ZmEwLWY4ODc1MTBiZWZkZiIsInJvbGUiOiJtb25pdG9yIiwiaWF0IjoxNzQ4NDE3NDkwLCJleHAiOjE3NDg0MjgyOTB9.jHS3IMWpx1p2D90ywA63QUCjOMpzFMMCjN5WUWOOu7E",
    "user-agent": "Mozilla/5.0 (Linux; Android 6.0; Nexus 5 Build/MRA58N) AppleWebKit/537.36 (KHTML, like Gecko) Chrome/131.0.0.0 Mobile Safari/537.36",
    "accept": "application/json, text/plain, */*",
    "sec-ch-ua": "\"Google Chrome\";v=\"131\", \"Chromium\";v=\"131\", \"Not_A Brand\";v=\"24\"",
    "sec-ch-ua-mobile": "?1",
    "origin": "http://localhost:5173",
    "sec-fetch-site": "same-site",
    "sec-fetch-mode": "cors",
    "sec-fetch-dest": "empty",
    "referer": "http://localhost:5173/",
    "accept-encoding": "gzip, deflate, br, zstd",
    "accept-language": "en-US,en;q=0.9",
    "if-none-match": "W/\"279-4Q8yCIDVqs/TLLAuw6vfFmEKSrs\""
  },
  "body": {}
}
2025-05-28 14:31:58 [INFO]: Fetching all camp-event associations
2025-05-28 14:31:58 [INFO]: Database query executed {
  "sql": "SELECT \n         ce.id, \n         ce.camp_id, \n         c.camp_name, \n         ce.event_id, \n         ce.created_at \n       FROM camp_event ce\n       JOIN camp c ON ce.camp_id = c.id",
  "params": [],
  "rowCount": 3,
  "duration": "240ms"
}
2025-05-28 14:31:58 [INFO]: Fetched all camp-event associations
2025-05-28 14:31:58 [INFO]: Request received {
  "method": "GET",
  "url": "/api/campevents",
  "headers": {
    "host": "localhost:3000",
    "connection": "keep-alive",
    "sec-ch-ua-platform": "\"Android\"",
    "authorization": "Bearer eyJhbGciOiJIUzI1NiIsInR5cCI6IkpXVCJ9.eyJpZCI6Ijg5NWIwYzlmLTAyMDUtNGYyYS04ZmEwLWY4ODc1MTBiZWZkZiIsInJvbGUiOiJtb25pdG9yIiwiaWF0IjoxNzQ4NDE3NDkwLCJleHAiOjE3NDg0MjgyOTB9.jHS3IMWpx1p2D90ywA63QUCjOMpzFMMCjN5WUWOOu7E",
    "user-agent": "Mozilla/5.0 (Linux; Android 6.0; Nexus 5 Build/MRA58N) AppleWebKit/537.36 (KHTML, like Gecko) Chrome/131.0.0.0 Mobile Safari/537.36",
    "accept": "application/json, text/plain, */*",
    "sec-ch-ua": "\"Google Chrome\";v=\"131\", \"Chromium\";v=\"131\", \"Not_A Brand\";v=\"24\"",
    "sec-ch-ua-mobile": "?1",
    "origin": "http://localhost:5173",
    "sec-fetch-site": "same-site",
    "sec-fetch-mode": "cors",
    "sec-fetch-dest": "empty",
    "referer": "http://localhost:5173/",
    "accept-encoding": "gzip, deflate, br, zstd",
    "accept-language": "en-US,en;q=0.9",
    "if-none-match": "W/\"279-4Q8yCIDVqs/TLLAuw6vfFmEKSrs\""
  },
  "body": {}
}
2025-05-28 14:31:58 [INFO]: Fetching all camp-event associations
2025-05-28 14:31:58 [INFO]: Database query executed {
  "sql": "SELECT \n         ce.id, \n         ce.camp_id, \n         c.camp_name, \n         ce.event_id, \n         ce.created_at \n       FROM camp_event ce\n       JOIN camp c ON ce.camp_id = c.id",
  "params": [],
  "rowCount": 3,
  "duration": "58ms"
}
2025-05-28 14:31:58 [INFO]: Fetched all camp-event associations
2025-05-28 14:33:24 [INFO]: Request received {
  "method": "POST",
  "url": "/api/childattendances",
  "headers": {
    "host": "localhost:3000",
    "connection": "keep-alive",
    "content-length": "171",
    "sec-ch-ua-platform": "\"Android\"",
    "authorization": "Bearer eyJhbGciOiJIUzI1NiIsInR5cCI6IkpXVCJ9.eyJpZCI6Ijg5NWIwYzlmLTAyMDUtNGYyYS04ZmEwLWY4ODc1MTBiZWZkZiIsInJvbGUiOiJtb25pdG9yIiwiaWF0IjoxNzQ4NDE3NDkwLCJleHAiOjE3NDg0MjgyOTB9.jHS3IMWpx1p2D90ywA63QUCjOMpzFMMCjN5WUWOOu7E",
    "user-agent": "Mozilla/5.0 (Linux; Android 6.0; Nexus 5 Build/MRA58N) AppleWebKit/537.36 (KHTML, like Gecko) Chrome/131.0.0.0 Mobile Safari/537.36",
    "accept": "application/json, text/plain, */*",
    "sec-ch-ua": "\"Google Chrome\";v=\"131\", \"Chromium\";v=\"131\", \"Not_A Brand\";v=\"24\"",
    "content-type": "application/json",
    "sec-ch-ua-mobile": "?1",
    "origin": "http://localhost:5173",
    "sec-fetch-site": "same-site",
    "sec-fetch-mode": "cors",
    "sec-fetch-dest": "empty",
    "referer": "http://localhost:5173/",
    "accept-encoding": "gzip, deflate, br, zstd",
    "accept-language": "en-US,en;q=0.9"
  },
  "body": {
    "fullname": "Nit",
    "gender": "Female",
    "age": 10,
    "family_id": "1122-1",
    "attendance_date": "2025-05-28",
    "status": "Present",
    "camp_event_id": "b87a33d8-3e71-4803-bd78-8baf3f2bdbb6"
  }
}
2025-05-28 14:33:24 [INFO]: Request received {
  "method": "GET",
  "url": "/api/childattendances",
  "headers": {
    "host": "localhost:3000",
    "connection": "keep-alive",
    "sec-ch-ua-platform": "\"Android\"",
    "authorization": "Bearer eyJhbGciOiJIUzI1NiIsInR5cCI6IkpXVCJ9.eyJpZCI6Ijg5NWIwYzlmLTAyMDUtNGYyYS04ZmEwLWY4ODc1MTBiZWZkZiIsInJvbGUiOiJtb25pdG9yIiwiaWF0IjoxNzQ4NDE3NDkwLCJleHAiOjE3NDg0MjgyOTB9.jHS3IMWpx1p2D90ywA63QUCjOMpzFMMCjN5WUWOOu7E",
    "user-agent": "Mozilla/5.0 (Linux; Android 6.0; Nexus 5 Build/MRA58N) AppleWebKit/537.36 (KHTML, like Gecko) Chrome/131.0.0.0 Mobile Safari/537.36",
    "accept": "application/json, text/plain, */*",
    "sec-ch-ua": "\"Google Chrome\";v=\"131\", \"Chromium\";v=\"131\", \"Not_A Brand\";v=\"24\"",
    "sec-ch-ua-mobile": "?1",
    "origin": "http://localhost:5173",
    "sec-fetch-site": "same-site",
    "sec-fetch-mode": "cors",
    "sec-fetch-dest": "empty",
    "referer": "http://localhost:5173/",
    "accept-encoding": "gzip, deflate, br, zstd",
    "accept-language": "en-US,en;q=0.9",
    "if-none-match": "W/\"e5a-y49ndxaSxrWux5oDBQ1CUCFccUA\""
  },
  "body": {}
}
2025-05-28 14:33:24 [INFO]: Request received {
  "method": "GET",
  "url": "/api/users/895b0c9f-0205-4f2a-8fa0-f887510befdf",
  "headers": {
    "host": "localhost:3000",
    "connection": "keep-alive",
    "sec-ch-ua-platform": "\"Android\"",
    "authorization": "Bearer eyJhbGciOiJIUzI1NiIsInR5cCI6IkpXVCJ9.eyJpZCI6Ijg5NWIwYzlmLTAyMDUtNGYyYS04ZmEwLWY4ODc1MTBiZWZkZiIsInJvbGUiOiJtb25pdG9yIiwiaWF0IjoxNzQ4NDE3NDkwLCJleHAiOjE3NDg0MjgyOTB9.jHS3IMWpx1p2D90ywA63QUCjOMpzFMMCjN5WUWOOu7E",
    "user-agent": "Mozilla/5.0 (Linux; Android 6.0; Nexus 5 Build/MRA58N) AppleWebKit/537.36 (KHTML, like Gecko) Chrome/131.0.0.0 Mobile Safari/537.36",
    "accept": "application/json, text/plain, */*",
    "sec-ch-ua": "\"Google Chrome\";v=\"131\", \"Chromium\";v=\"131\", \"Not_A Brand\";v=\"24\"",
    "sec-ch-ua-mobile": "?1",
    "origin": "http://localhost:5173",
    "sec-fetch-site": "same-site",
    "sec-fetch-mode": "cors",
    "sec-fetch-dest": "empty",
    "referer": "http://localhost:5173/",
    "accept-encoding": "gzip, deflate, br, zstd",
    "accept-language": "en-US,en;q=0.9",
    "if-none-match": "W/\"a7-wnpvhCNeWsEkqmRbpyXTQljIVR4\""
  },
  "body": {}
}
2025-05-28 14:33:24 [INFO]: Fetching user by id {
  "id": "895b0c9f-0205-4f2a-8fa0-f887510befdf"
}
2025-05-28 14:33:24 [INFO]: Request received {
  "method": "GET",
  "url": "/api/users",
  "headers": {
    "host": "localhost:3000",
    "connection": "keep-alive",
    "sec-ch-ua-platform": "\"Android\"",
    "authorization": "Bearer eyJhbGciOiJIUzI1NiIsInR5cCI6IkpXVCJ9.eyJpZCI6Ijg5NWIwYzlmLTAyMDUtNGYyYS04ZmEwLWY4ODc1MTBiZWZkZiIsInJvbGUiOiJtb25pdG9yIiwiaWF0IjoxNzQ4NDE3NDkwLCJleHAiOjE3NDg0MjgyOTB9.jHS3IMWpx1p2D90ywA63QUCjOMpzFMMCjN5WUWOOu7E",
    "user-agent": "Mozilla/5.0 (Linux; Android 6.0; Nexus 5 Build/MRA58N) AppleWebKit/537.36 (KHTML, like Gecko) Chrome/131.0.0.0 Mobile Safari/537.36",
    "accept": "application/json, text/plain, */*",
    "sec-ch-ua": "\"Google Chrome\";v=\"131\", \"Chromium\";v=\"131\", \"Not_A Brand\";v=\"24\"",
    "sec-ch-ua-mobile": "?1",
    "origin": "http://localhost:5173",
    "sec-fetch-site": "same-site",
    "sec-fetch-mode": "cors",
    "sec-fetch-dest": "empty",
    "referer": "http://localhost:5173/",
    "accept-encoding": "gzip, deflate, br, zstd",
    "accept-language": "en-US,en;q=0.9",
    "if-none-match": "W/\"4b7-nxt4E/qpmJ5hSLuZZQvDmh5l7qA\""
  },
  "body": {}
}
2025-05-28 14:33:24 [INFO]: Fetching all users
2025-05-28 14:33:24 [INFO]: Database query executed {
  "sql": "SELECT id, username, email, role, nationality, created_at FROM users WHERE id = $1",
  "params": [
    "895b0c9f-0205-4f2a-8fa0-f887510befdf"
  ],
  "rowCount": 1,
  "duration": "188ms"
}
2025-05-28 14:33:24 [INFO]: Fetched user by id {
  "id": "895b0c9f-0205-4f2a-8fa0-f887510befdf"
}
2025-05-28 14:33:24 [INFO]: Request received {
  "method": "GET",
  "url": "/api/users/895b0c9f-0205-4f2a-8fa0-f887510befdf",
  "headers": {
    "host": "localhost:3000",
    "connection": "keep-alive",
    "sec-ch-ua-platform": "\"Android\"",
    "authorization": "Bearer eyJhbGciOiJIUzI1NiIsInR5cCI6IkpXVCJ9.eyJpZCI6Ijg5NWIwYzlmLTAyMDUtNGYyYS04ZmEwLWY4ODc1MTBiZWZkZiIsInJvbGUiOiJtb25pdG9yIiwiaWF0IjoxNzQ4NDE3NDkwLCJleHAiOjE3NDg0MjgyOTB9.jHS3IMWpx1p2D90ywA63QUCjOMpzFMMCjN5WUWOOu7E",
    "user-agent": "Mozilla/5.0 (Linux; Android 6.0; Nexus 5 Build/MRA58N) AppleWebKit/537.36 (KHTML, like Gecko) Chrome/131.0.0.0 Mobile Safari/537.36",
    "accept": "application/json, text/plain, */*",
    "sec-ch-ua": "\"Google Chrome\";v=\"131\", \"Chromium\";v=\"131\", \"Not_A Brand\";v=\"24\"",
    "sec-ch-ua-mobile": "?1",
    "origin": "http://localhost:5173",
    "sec-fetch-site": "same-site",
    "sec-fetch-mode": "cors",
    "sec-fetch-dest": "empty",
    "referer": "http://localhost:5173/",
    "accept-encoding": "gzip, deflate, br, zstd",
    "accept-language": "en-US,en;q=0.9",
    "if-none-match": "W/\"a7-wnpvhCNeWsEkqmRbpyXTQljIVR4\""
  },
  "body": {}
}
2025-05-28 14:33:24 [INFO]: Fetching user by id {
  "id": "895b0c9f-0205-4f2a-8fa0-f887510befdf"
}
2025-05-28 14:33:24 [INFO]: Database query executed {
  "sql": "SELECT id, username, email, role, nationality, created_at FROM users",
  "params": [],
  "rowCount": 7,
  "duration": "204ms"
}
2025-05-28 14:33:24 [INFO]: Fetched all users
2025-05-28 14:33:24 [INFO]: Request received {
  "method": "GET",
  "url": "/api/users",
  "headers": {
    "host": "localhost:3000",
    "connection": "keep-alive",
    "sec-ch-ua-platform": "\"Android\"",
    "authorization": "Bearer eyJhbGciOiJIUzI1NiIsInR5cCI6IkpXVCJ9.eyJpZCI6Ijg5NWIwYzlmLTAyMDUtNGYyYS04ZmEwLWY4ODc1MTBiZWZkZiIsInJvbGUiOiJtb25pdG9yIiwiaWF0IjoxNzQ4NDE3NDkwLCJleHAiOjE3NDg0MjgyOTB9.jHS3IMWpx1p2D90ywA63QUCjOMpzFMMCjN5WUWOOu7E",
    "user-agent": "Mozilla/5.0 (Linux; Android 6.0; Nexus 5 Build/MRA58N) AppleWebKit/537.36 (KHTML, like Gecko) Chrome/131.0.0.0 Mobile Safari/537.36",
    "accept": "application/json, text/plain, */*",
    "sec-ch-ua": "\"Google Chrome\";v=\"131\", \"Chromium\";v=\"131\", \"Not_A Brand\";v=\"24\"",
    "sec-ch-ua-mobile": "?1",
    "origin": "http://localhost:5173",
    "sec-fetch-site": "same-site",
    "sec-fetch-mode": "cors",
    "sec-fetch-dest": "empty",
    "referer": "http://localhost:5173/",
    "accept-encoding": "gzip, deflate, br, zstd",
    "accept-language": "en-US,en;q=0.9",
    "if-none-match": "W/\"4b7-nxt4E/qpmJ5hSLuZZQvDmh5l7qA\""
  },
  "body": {}
}
2025-05-28 14:33:24 [INFO]: Fetching all users
2025-05-28 14:33:24 [INFO]: Request received {
  "method": "GET",
  "url": "/api/childattendances",
  "headers": {
    "host": "localhost:3000",
    "connection": "keep-alive",
    "sec-ch-ua-platform": "\"Android\"",
    "authorization": "Bearer eyJhbGciOiJIUzI1NiIsInR5cCI6IkpXVCJ9.eyJpZCI6Ijg5NWIwYzlmLTAyMDUtNGYyYS04ZmEwLWY4ODc1MTBiZWZkZiIsInJvbGUiOiJtb25pdG9yIiwiaWF0IjoxNzQ4NDE3NDkwLCJleHAiOjE3NDg0MjgyOTB9.jHS3IMWpx1p2D90ywA63QUCjOMpzFMMCjN5WUWOOu7E",
    "user-agent": "Mozilla/5.0 (Linux; Android 6.0; Nexus 5 Build/MRA58N) AppleWebKit/537.36 (KHTML, like Gecko) Chrome/131.0.0.0 Mobile Safari/537.36",
    "accept": "application/json, text/plain, */*",
    "sec-ch-ua": "\"Google Chrome\";v=\"131\", \"Chromium\";v=\"131\", \"Not_A Brand\";v=\"24\"",
    "sec-ch-ua-mobile": "?1",
    "origin": "http://localhost:5173",
    "sec-fetch-site": "same-site",
    "sec-fetch-mode": "cors",
    "sec-fetch-dest": "empty",
    "referer": "http://localhost:5173/",
    "accept-encoding": "gzip, deflate, br, zstd",
    "accept-language": "en-US,en;q=0.9",
    "if-none-match": "W/\"fec-JO4RWgGNw/L8QJVe4Rwdmz3vB5k\""
  },
  "body": {}
}
2025-05-28 14:33:24 [INFO]: Database query executed {
  "sql": "SELECT id, username, email, role, nationality, created_at FROM users WHERE id = $1",
  "params": [
    "895b0c9f-0205-4f2a-8fa0-f887510befdf"
  ],
  "rowCount": 1,
  "duration": "39ms"
}
2025-05-28 14:33:24 [INFO]: Fetched user by id {
  "id": "895b0c9f-0205-4f2a-8fa0-f887510befdf"
}
2025-05-28 14:33:24 [INFO]: Database query executed {
  "sql": "SELECT id, username, email, role, nationality, created_at FROM users",
  "params": [],
  "rowCount": 7,
  "duration": "42ms"
}
2025-05-28 14:33:24 [INFO]: Fetched all users
2025-05-28 14:33:36 [INFO]: Request received {
  "method": "GET",
  "url": "/api/childattendances/attendance?date=2025-05-28&user_id=895b0c9f-0205-4f2a-8fa0-f887510befdf",
  "headers": {
    "host": "localhost:3000",
    "connection": "keep-alive",
    "sec-ch-ua-platform": "\"Android\"",
    "authorization": "Bearer eyJhbGciOiJIUzI1NiIsInR5cCI6IkpXVCJ9.eyJpZCI6Ijg5NWIwYzlmLTAyMDUtNGYyYS04ZmEwLWY4ODc1MTBiZWZkZiIsInJvbGUiOiJtb25pdG9yIiwiaWF0IjoxNzQ4NDE3NDkwLCJleHAiOjE3NDg0MjgyOTB9.jHS3IMWpx1p2D90ywA63QUCjOMpzFMMCjN5WUWOOu7E",
    "user-agent": "Mozilla/5.0 (Linux; Android 6.0; Nexus 5 Build/MRA58N) AppleWebKit/537.36 (KHTML, like Gecko) Chrome/131.0.0.0 Mobile Safari/537.36",
    "accept": "application/json, text/plain, */*",
    "sec-ch-ua": "\"Google Chrome\";v=\"131\", \"Chromium\";v=\"131\", \"Not_A Brand\";v=\"24\"",
    "sec-ch-ua-mobile": "?1",
    "origin": "http://localhost:5173",
    "sec-fetch-site": "same-site",
    "sec-fetch-mode": "cors",
    "sec-fetch-dest": "empty",
    "referer": "http://localhost:5173/",
    "accept-encoding": "gzip, deflate, br, zstd",
    "accept-language": "en-US,en;q=0.9",
    "if-none-match": "W/\"583-JXKz3GGwqrpgicuhKnT7u9GGgpE\""
  },
  "body": {}
}
2025-05-28 14:33:37 [INFO]: Request received {
  "method": "GET",
  "url": "/api/childattendances/attendance?date=2025-05-28&user_id=895b0c9f-0205-4f2a-8fa0-f887510befdf",
  "headers": {
    "host": "localhost:3000",
    "connection": "keep-alive",
    "sec-ch-ua-platform": "\"Android\"",
    "authorization": "Bearer eyJhbGciOiJIUzI1NiIsInR5cCI6IkpXVCJ9.eyJpZCI6Ijg5NWIwYzlmLTAyMDUtNGYyYS04ZmEwLWY4ODc1MTBiZWZkZiIsInJvbGUiOiJtb25pdG9yIiwiaWF0IjoxNzQ4NDE3NDkwLCJleHAiOjE3NDg0MjgyOTB9.jHS3IMWpx1p2D90ywA63QUCjOMpzFMMCjN5WUWOOu7E",
    "user-agent": "Mozilla/5.0 (Linux; Android 6.0; Nexus 5 Build/MRA58N) AppleWebKit/537.36 (KHTML, like Gecko) Chrome/131.0.0.0 Mobile Safari/537.36",
    "accept": "application/json, text/plain, */*",
    "sec-ch-ua": "\"Google Chrome\";v=\"131\", \"Chromium\";v=\"131\", \"Not_A Brand\";v=\"24\"",
    "sec-ch-ua-mobile": "?1",
    "origin": "http://localhost:5173",
    "sec-fetch-site": "same-site",
    "sec-fetch-mode": "cors",
    "sec-fetch-dest": "empty",
    "referer": "http://localhost:5173/",
    "accept-encoding": "gzip, deflate, br, zstd",
    "accept-language": "en-US,en;q=0.9",
    "if-none-match": "W/\"6e4-d70MqmrWKLwH8rtLrVGNA8YJczk\""
  },
  "body": {}
}
2025-05-28 14:33:37 [INFO]: Request received {
  "method": "GET",
  "url": "/api/childattendances/attendance?date=2025-05-28&user_id=895b0c9f-0205-4f2a-8fa0-f887510befdf",
  "headers": {
    "host": "localhost:3000",
    "connection": "keep-alive",
    "sec-ch-ua-platform": "\"Android\"",
    "authorization": "Bearer eyJhbGciOiJIUzI1NiIsInR5cCI6IkpXVCJ9.eyJpZCI6Ijg5NWIwYzlmLTAyMDUtNGYyYS04ZmEwLWY4ODc1MTBiZWZkZiIsInJvbGUiOiJtb25pdG9yIiwiaWF0IjoxNzQ4NDE3NDkwLCJleHAiOjE3NDg0MjgyOTB9.jHS3IMWpx1p2D90ywA63QUCjOMpzFMMCjN5WUWOOu7E",
    "user-agent": "Mozilla/5.0 (Linux; Android 6.0; Nexus 5 Build/MRA58N) AppleWebKit/537.36 (KHTML, like Gecko) Chrome/131.0.0.0 Mobile Safari/537.36",
    "accept": "application/json, text/plain, */*",
    "sec-ch-ua": "\"Google Chrome\";v=\"131\", \"Chromium\";v=\"131\", \"Not_A Brand\";v=\"24\"",
    "sec-ch-ua-mobile": "?1",
    "origin": "http://localhost:5173",
    "sec-fetch-site": "same-site",
    "sec-fetch-mode": "cors",
    "sec-fetch-dest": "empty",
    "referer": "http://localhost:5173/",
    "accept-encoding": "gzip, deflate, br, zstd",
    "accept-language": "en-US,en;q=0.9",
    "if-none-match": "W/\"6e4-d70MqmrWKLwH8rtLrVGNA8YJczk\""
  },
  "body": {}
}
2025-05-28 14:33:38 [INFO]: Request received {
  "method": "GET",
  "url": "/api/childattendances/attendance?date=2025-05-28&user_id=895b0c9f-0205-4f2a-8fa0-f887510befdf",
  "headers": {
    "host": "localhost:3000",
    "connection": "keep-alive",
    "sec-ch-ua-platform": "\"Android\"",
    "authorization": "Bearer eyJhbGciOiJIUzI1NiIsInR5cCI6IkpXVCJ9.eyJpZCI6Ijg5NWIwYzlmLTAyMDUtNGYyYS04ZmEwLWY4ODc1MTBiZWZkZiIsInJvbGUiOiJtb25pdG9yIiwiaWF0IjoxNzQ4NDE3NDkwLCJleHAiOjE3NDg0MjgyOTB9.jHS3IMWpx1p2D90ywA63QUCjOMpzFMMCjN5WUWOOu7E",
    "user-agent": "Mozilla/5.0 (Linux; Android 6.0; Nexus 5 Build/MRA58N) AppleWebKit/537.36 (KHTML, like Gecko) Chrome/131.0.0.0 Mobile Safari/537.36",
    "accept": "application/json, text/plain, */*",
    "sec-ch-ua": "\"Google Chrome\";v=\"131\", \"Chromium\";v=\"131\", \"Not_A Brand\";v=\"24\"",
    "sec-ch-ua-mobile": "?1",
    "origin": "http://localhost:5173",
    "sec-fetch-site": "same-site",
    "sec-fetch-mode": "cors",
    "sec-fetch-dest": "empty",
    "referer": "http://localhost:5173/",
    "accept-encoding": "gzip, deflate, br, zstd",
    "accept-language": "en-US,en;q=0.9",
    "if-none-match": "W/\"6e4-d70MqmrWKLwH8rtLrVGNA8YJczk\""
  },
  "body": {}
}
2025-05-28 14:33:40 [INFO]: Request received {
  "method": "POST",
  "url": "/api/childattendances/checklist",
  "headers": {
    "host": "localhost:3000",
    "connection": "keep-alive",
    "content-length": "86",
    "sec-ch-ua-platform": "\"Android\"",
    "authorization": "Bearer eyJhbGciOiJIUzI1NiIsInR5cCI6IkpXVCJ9.eyJpZCI6Ijg5NWIwYzlmLTAyMDUtNGYyYS04ZmEwLWY4ODc1MTBiZWZkZiIsInJvbGUiOiJtb25pdG9yIiwiaWF0IjoxNzQ4NDE3NDkwLCJleHAiOjE3NDg0MjgyOTB9.jHS3IMWpx1p2D90ywA63QUCjOMpzFMMCjN5WUWOOu7E",
    "user-agent": "Mozilla/5.0 (Linux; Android 6.0; Nexus 5 Build/MRA58N) AppleWebKit/537.36 (KHTML, like Gecko) Chrome/131.0.0.0 Mobile Safari/537.36",
    "accept": "application/json, text/plain, */*",
    "sec-ch-ua": "\"Google Chrome\";v=\"131\", \"Chromium\";v=\"131\", \"Not_A Brand\";v=\"24\"",
    "content-type": "application/json",
    "sec-ch-ua-mobile": "?1",
    "origin": "http://localhost:5173",
    "sec-fetch-site": "same-site",
    "sec-fetch-mode": "cors",
    "sec-fetch-dest": "empty",
    "referer": "http://localhost:5173/",
    "accept-encoding": "gzip, deflate, br, zstd",
    "accept-language": "en-US,en;q=0.9"
  },
  "body": {
    "attendance_date": "2025-05-28",
    "organizer_id": "895b0c9f-0205-4f2a-8fa0-f887510befdf"
  }
}
2025-05-28 14:33:40 [INFO]: Request received {
  "method": "GET",
  "url": "/api/childattendances",
  "headers": {
    "host": "localhost:3000",
    "connection": "keep-alive",
    "sec-ch-ua-platform": "\"Android\"",
    "authorization": "Bearer eyJhbGciOiJIUzI1NiIsInR5cCI6IkpXVCJ9.eyJpZCI6Ijg5NWIwYzlmLTAyMDUtNGYyYS04ZmEwLWY4ODc1MTBiZWZkZiIsInJvbGUiOiJtb25pdG9yIiwiaWF0IjoxNzQ4NDE3NDkwLCJleHAiOjE3NDg0MjgyOTB9.jHS3IMWpx1p2D90ywA63QUCjOMpzFMMCjN5WUWOOu7E",
    "user-agent": "Mozilla/5.0 (Linux; Android 6.0; Nexus 5 Build/MRA58N) AppleWebKit/537.36 (KHTML, like Gecko) Chrome/131.0.0.0 Mobile Safari/537.36",
    "accept": "application/json, text/plain, */*",
    "sec-ch-ua": "\"Google Chrome\";v=\"131\", \"Chromium\";v=\"131\", \"Not_A Brand\";v=\"24\"",
    "sec-ch-ua-mobile": "?1",
    "origin": "http://localhost:5173",
    "sec-fetch-site": "same-site",
    "sec-fetch-mode": "cors",
    "sec-fetch-dest": "empty",
    "referer": "http://localhost:5173/",
    "accept-encoding": "gzip, deflate, br, zstd",
    "accept-language": "en-US,en;q=0.9"
  },
  "body": {}
}
2025-05-28 14:33:40 [INFO]: Request received {
  "method": "GET",
  "url": "/api/childattendances/attendance?date=2025-05-28&user_id=895b0c9f-0205-4f2a-8fa0-f887510befdf",
  "headers": {
    "host": "localhost:3000",
    "connection": "keep-alive",
    "sec-ch-ua-platform": "\"Android\"",
    "authorization": "Bearer eyJhbGciOiJIUzI1NiIsInR5cCI6IkpXVCJ9.eyJpZCI6Ijg5NWIwYzlmLTAyMDUtNGYyYS04ZmEwLWY4ODc1MTBiZWZkZiIsInJvbGUiOiJtb25pdG9yIiwiaWF0IjoxNzQ4NDE3NDkwLCJleHAiOjE3NDg0MjgyOTB9.jHS3IMWpx1p2D90ywA63QUCjOMpzFMMCjN5WUWOOu7E",
    "user-agent": "Mozilla/5.0 (Linux; Android 6.0; Nexus 5 Build/MRA58N) AppleWebKit/537.36 (KHTML, like Gecko) Chrome/131.0.0.0 Mobile Safari/537.36",
    "accept": "application/json, text/plain, */*",
    "sec-ch-ua": "\"Google Chrome\";v=\"131\", \"Chromium\";v=\"131\", \"Not_A Brand\";v=\"24\"",
    "sec-ch-ua-mobile": "?1",
    "origin": "http://localhost:5173",
    "sec-fetch-site": "same-site",
    "sec-fetch-mode": "cors",
    "sec-fetch-dest": "empty",
    "referer": "http://localhost:5173/",
    "accept-encoding": "gzip, deflate, br, zstd",
    "accept-language": "en-US,en;q=0.9",
    "if-none-match": "W/\"6e4-d70MqmrWKLwH8rtLrVGNA8YJczk\""
  },
  "body": {}
}
2025-05-28 14:33:49 [INFO]: Request received {
  "method": "GET",
  "url": "/api/childattendances/attendance?date=2025-05-28&user_id=895b0c9f-0205-4f2a-8fa0-f887510befdf",
  "headers": {
    "host": "localhost:3000",
    "connection": "keep-alive",
    "sec-ch-ua-platform": "\"Android\"",
    "authorization": "Bearer eyJhbGciOiJIUzI1NiIsInR5cCI6IkpXVCJ9.eyJpZCI6Ijg5NWIwYzlmLTAyMDUtNGYyYS04ZmEwLWY4ODc1MTBiZWZkZiIsInJvbGUiOiJtb25pdG9yIiwiaWF0IjoxNzQ4NDE3NDkwLCJleHAiOjE3NDg0MjgyOTB9.jHS3IMWpx1p2D90ywA63QUCjOMpzFMMCjN5WUWOOu7E",
    "user-agent": "Mozilla/5.0 (Linux; Android 6.0; Nexus 5 Build/MRA58N) AppleWebKit/537.36 (KHTML, like Gecko) Chrome/131.0.0.0 Mobile Safari/537.36",
    "accept": "application/json, text/plain, */*",
    "sec-ch-ua": "\"Google Chrome\";v=\"131\", \"Chromium\";v=\"131\", \"Not_A Brand\";v=\"24\"",
    "sec-ch-ua-mobile": "?1",
    "origin": "http://localhost:5173",
    "sec-fetch-site": "same-site",
    "sec-fetch-mode": "cors",
    "sec-fetch-dest": "empty",
    "referer": "http://localhost:5173/",
    "accept-encoding": "gzip, deflate, br, zstd",
    "accept-language": "en-US,en;q=0.9",
    "if-none-match": "W/\"db4-bVednR6Z0dCxYpJSlOcHBiZDTUY\""
  },
  "body": {}
}
2025-05-28 14:34:30 [INFO]: Request received {
  "method": "POST",
  "url": "/api/auth/login",
  "headers": {
    "host": "localhost:3000",
    "connection": "keep-alive",
    "content-length": "51",
    "sec-ch-ua-platform": "\"Android\"",
    "user-agent": "Mozilla/5.0 (Linux; Android 6.0; Nexus 5 Build/MRA58N) AppleWebKit/537.36 (KHTML, like Gecko) Chrome/131.0.0.0 Mobile Safari/537.36",
    "accept": "application/json, text/plain, */*",
    "sec-ch-ua": "\"Google Chrome\";v=\"131\", \"Chromium\";v=\"131\", \"Not_A Brand\";v=\"24\"",
    "content-type": "application/json",
    "sec-ch-ua-mobile": "?1",
    "origin": "http://localhost:5173",
    "sec-fetch-site": "same-site",
    "sec-fetch-mode": "cors",
    "sec-fetch-dest": "empty",
    "referer": "http://localhost:5173/",
    "accept-encoding": "gzip, deflate, br, zstd",
    "accept-language": "en-US,en;q=0.9"
  },
  "body": {
    "email": "***",
    "password": "***"
  }
}
2025-05-28 14:34:30 [INFO]: Attempting login {
  "email": "Sopheak@gmail.com"
}
2025-05-28 14:34:31 [INFO]: Database query executed {
  "sql": "SELECT * FROM users WHERE email = $1",
  "params": [
    "Sopheak@gmail.com"
  ],
  "rowCount": 1,
  "duration": "267ms"
}
2025-05-28 14:34:31 [INFO]: Login successful {
  "id": "b1d9491a-8702-40d9-a999-68a7dccdc7c3"
}
2025-05-28 14:34:31 [INFO]: Login successful {
  "email": "Sopheak@gmail.com"
}
2025-05-28 14:34:31 [INFO]: Request received {
  "method": "GET",
  "url": "/api/users/b1d9491a-8702-40d9-a999-68a7dccdc7c3",
  "headers": {
    "host": "localhost:3000",
    "connection": "keep-alive",
    "sec-ch-ua-platform": "\"Android\"",
    "authorization": "Bearer eyJhbGciOiJIUzI1NiIsInR5cCI6IkpXVCJ9.eyJpZCI6ImIxZDk0OTFhLTg3MDItNDBkOS1hOTk5LTY4YTdkY2NkYzdjMyIsInJvbGUiOiJjb29yZGluYXRvciIsImlhdCI6MTc0ODQxNzY3MSwiZXhwIjoxNzQ4NDI4NDcxfQ.MOQIt-O8lbMBbRrythvfWZKqNDWeXiS5Qj-KdfwLio4",
    "user-agent": "Mozilla/5.0 (Linux; Android 6.0; Nexus 5 Build/MRA58N) AppleWebKit/537.36 (KHTML, like Gecko) Chrome/131.0.0.0 Mobile Safari/537.36",
    "accept": "application/json, text/plain, */*",
    "sec-ch-ua": "\"Google Chrome\";v=\"131\", \"Chromium\";v=\"131\", \"Not_A Brand\";v=\"24\"",
    "sec-ch-ua-mobile": "?1",
    "origin": "http://localhost:5173",
    "sec-fetch-site": "same-site",
    "sec-fetch-mode": "cors",
    "sec-fetch-dest": "empty",
    "referer": "http://localhost:5173/",
    "accept-encoding": "gzip, deflate, br, zstd",
    "accept-language": "en-US,en;q=0.9",
    "if-none-match": "W/\"b5-VqTNJSdOdddfefC5Mu/hTTblnwA\""
  },
  "body": {}
}
2025-05-28 14:34:31 [INFO]: Fetching user by id {
  "id": "b1d9491a-8702-40d9-a999-68a7dccdc7c3"
}
2025-05-28 14:34:31 [INFO]: Request received {
  "method": "GET",
  "url": "/api/users",
  "headers": {
    "host": "localhost:3000",
    "connection": "keep-alive",
    "sec-ch-ua-platform": "\"Android\"",
    "authorization": "Bearer eyJhbGciOiJIUzI1NiIsInR5cCI6IkpXVCJ9.eyJpZCI6ImIxZDk0OTFhLTg3MDItNDBkOS1hOTk5LTY4YTdkY2NkYzdjMyIsInJvbGUiOiJjb29yZGluYXRvciIsImlhdCI6MTc0ODQxNzY3MSwiZXhwIjoxNzQ4NDI4NDcxfQ.MOQIt-O8lbMBbRrythvfWZKqNDWeXiS5Qj-KdfwLio4",
    "user-agent": "Mozilla/5.0 (Linux; Android 6.0; Nexus 5 Build/MRA58N) AppleWebKit/537.36 (KHTML, like Gecko) Chrome/131.0.0.0 Mobile Safari/537.36",
    "accept": "application/json, text/plain, */*",
    "sec-ch-ua": "\"Google Chrome\";v=\"131\", \"Chromium\";v=\"131\", \"Not_A Brand\";v=\"24\"",
    "sec-ch-ua-mobile": "?1",
    "origin": "http://localhost:5173",
    "sec-fetch-site": "same-site",
    "sec-fetch-mode": "cors",
    "sec-fetch-dest": "empty",
    "referer": "http://localhost:5173/",
    "accept-encoding": "gzip, deflate, br, zstd",
    "accept-language": "en-US,en;q=0.9",
    "if-none-match": "W/\"4b7-nxt4E/qpmJ5hSLuZZQvDmh5l7qA\""
  },
  "body": {}
}
2025-05-28 14:34:31 [INFO]: Fetching all users
2025-05-28 14:34:31 [INFO]: Request received {
  "method": "GET",
  "url": "/api/childattendances",
  "headers": {
    "host": "localhost:3000",
    "connection": "keep-alive",
    "sec-ch-ua-platform": "\"Android\"",
    "authorization": "Bearer eyJhbGciOiJIUzI1NiIsInR5cCI6IkpXVCJ9.eyJpZCI6ImIxZDk0OTFhLTg3MDItNDBkOS1hOTk5LTY4YTdkY2NkYzdjMyIsInJvbGUiOiJjb29yZGluYXRvciIsImlhdCI6MTc0ODQxNzY3MSwiZXhwIjoxNzQ4NDI4NDcxfQ.MOQIt-O8lbMBbRrythvfWZKqNDWeXiS5Qj-KdfwLio4",
    "user-agent": "Mozilla/5.0 (Linux; Android 6.0; Nexus 5 Build/MRA58N) AppleWebKit/537.36 (KHTML, like Gecko) Chrome/131.0.0.0 Mobile Safari/537.36",
    "accept": "application/json, text/plain, */*",
    "sec-ch-ua": "\"Google Chrome\";v=\"131\", \"Chromium\";v=\"131\", \"Not_A Brand\";v=\"24\"",
    "sec-ch-ua-mobile": "?1",
    "origin": "http://localhost:5173",
    "sec-fetch-site": "same-site",
    "sec-fetch-mode": "cors",
    "sec-fetch-dest": "empty",
    "referer": "http://localhost:5173/",
    "accept-encoding": "gzip, deflate, br, zstd",
    "accept-language": "en-US,en;q=0.9",
    "if-none-match": "W/\"17b1-KFOsXko93AVUp3hGkhv3X8s/S64\""
  },
  "body": {}
}
2025-05-28 14:34:31 [INFO]: Database query executed {
  "sql": "SELECT id, username, email, role, nationality, created_at FROM users WHERE id = $1",
  "params": [
    "b1d9491a-8702-40d9-a999-68a7dccdc7c3"
  ],
  "rowCount": 1,
  "duration": "78ms"
}
2025-05-28 14:34:31 [INFO]: Fetched user by id {
  "id": "b1d9491a-8702-40d9-a999-68a7dccdc7c3"
}
2025-05-28 14:34:31 [INFO]: Request received {
  "method": "GET",
  "url": "/api/users/b1d9491a-8702-40d9-a999-68a7dccdc7c3",
  "headers": {
    "host": "localhost:3000",
    "connection": "keep-alive",
    "sec-ch-ua-platform": "\"Android\"",
    "authorization": "Bearer eyJhbGciOiJIUzI1NiIsInR5cCI6IkpXVCJ9.eyJpZCI6ImIxZDk0OTFhLTg3MDItNDBkOS1hOTk5LTY4YTdkY2NkYzdjMyIsInJvbGUiOiJjb29yZGluYXRvciIsImlhdCI6MTc0ODQxNzY3MSwiZXhwIjoxNzQ4NDI4NDcxfQ.MOQIt-O8lbMBbRrythvfWZKqNDWeXiS5Qj-KdfwLio4",
    "user-agent": "Mozilla/5.0 (Linux; Android 6.0; Nexus 5 Build/MRA58N) AppleWebKit/537.36 (KHTML, like Gecko) Chrome/131.0.0.0 Mobile Safari/537.36",
    "accept": "application/json, text/plain, */*",
    "sec-ch-ua": "\"Google Chrome\";v=\"131\", \"Chromium\";v=\"131\", \"Not_A Brand\";v=\"24\"",
    "sec-ch-ua-mobile": "?1",
    "origin": "http://localhost:5173",
    "sec-fetch-site": "same-site",
    "sec-fetch-mode": "cors",
    "sec-fetch-dest": "empty",
    "referer": "http://localhost:5173/",
    "accept-encoding": "gzip, deflate, br, zstd",
    "accept-language": "en-US,en;q=0.9",
    "if-none-match": "W/\"b5-VqTNJSdOdddfefC5Mu/hTTblnwA\""
  },
  "body": {}
}
2025-05-28 14:34:31 [INFO]: Fetching user by id {
  "id": "b1d9491a-8702-40d9-a999-68a7dccdc7c3"
}
2025-05-28 14:34:31 [INFO]: Database query executed {
  "sql": "SELECT id, username, email, role, nationality, created_at FROM users WHERE id = $1",
  "params": [
    "b1d9491a-8702-40d9-a999-68a7dccdc7c3"
  ],
  "rowCount": 1,
  "duration": "59ms"
}
2025-05-28 14:34:31 [INFO]: Fetched user by id {
  "id": "b1d9491a-8702-40d9-a999-68a7dccdc7c3"
}
2025-05-28 14:34:31 [INFO]: Database query executed {
  "sql": "SELECT id, username, email, role, nationality, created_at FROM users",
  "params": [],
  "rowCount": 7,
  "duration": "262ms"
}
2025-05-28 14:34:31 [INFO]: Fetched all users
2025-05-28 14:34:31 [INFO]: Request received {
  "method": "GET",
  "url": "/api/users",
  "headers": {
    "host": "localhost:3000",
    "connection": "keep-alive",
    "sec-ch-ua-platform": "\"Android\"",
    "authorization": "Bearer eyJhbGciOiJIUzI1NiIsInR5cCI6IkpXVCJ9.eyJpZCI6ImIxZDk0OTFhLTg3MDItNDBkOS1hOTk5LTY4YTdkY2NkYzdjMyIsInJvbGUiOiJjb29yZGluYXRvciIsImlhdCI6MTc0ODQxNzY3MSwiZXhwIjoxNzQ4NDI4NDcxfQ.MOQIt-O8lbMBbRrythvfWZKqNDWeXiS5Qj-KdfwLio4",
    "user-agent": "Mozilla/5.0 (Linux; Android 6.0; Nexus 5 Build/MRA58N) AppleWebKit/537.36 (KHTML, like Gecko) Chrome/131.0.0.0 Mobile Safari/537.36",
    "accept": "application/json, text/plain, */*",
    "sec-ch-ua": "\"Google Chrome\";v=\"131\", \"Chromium\";v=\"131\", \"Not_A Brand\";v=\"24\"",
    "sec-ch-ua-mobile": "?1",
    "origin": "http://localhost:5173",
    "sec-fetch-site": "same-site",
    "sec-fetch-mode": "cors",
    "sec-fetch-dest": "empty",
    "referer": "http://localhost:5173/",
    "accept-encoding": "gzip, deflate, br, zstd",
    "accept-language": "en-US,en;q=0.9",
    "if-none-match": "W/\"4b7-nxt4E/qpmJ5hSLuZZQvDmh5l7qA\""
  },
  "body": {}
}
2025-05-28 14:34:31 [INFO]: Fetching all users
2025-05-28 14:34:31 [INFO]: Request received {
  "method": "GET",
  "url": "/api/childattendances",
  "headers": {
    "host": "localhost:3000",
    "connection": "keep-alive",
    "sec-ch-ua-platform": "\"Android\"",
    "authorization": "Bearer eyJhbGciOiJIUzI1NiIsInR5cCI6IkpXVCJ9.eyJpZCI6ImIxZDk0OTFhLTg3MDItNDBkOS1hOTk5LTY4YTdkY2NkYzdjMyIsInJvbGUiOiJjb29yZGluYXRvciIsImlhdCI6MTc0ODQxNzY3MSwiZXhwIjoxNzQ4NDI4NDcxfQ.MOQIt-O8lbMBbRrythvfWZKqNDWeXiS5Qj-KdfwLio4",
    "user-agent": "Mozilla/5.0 (Linux; Android 6.0; Nexus 5 Build/MRA58N) AppleWebKit/537.36 (KHTML, like Gecko) Chrome/131.0.0.0 Mobile Safari/537.36",
    "accept": "application/json, text/plain, */*",
    "sec-ch-ua": "\"Google Chrome\";v=\"131\", \"Chromium\";v=\"131\", \"Not_A Brand\";v=\"24\"",
    "sec-ch-ua-mobile": "?1",
    "origin": "http://localhost:5173",
    "sec-fetch-site": "same-site",
    "sec-fetch-mode": "cors",
    "sec-fetch-dest": "empty",
    "referer": "http://localhost:5173/",
    "accept-encoding": "gzip, deflate, br, zstd",
    "accept-language": "en-US,en;q=0.9",
    "if-none-match": "W/\"17b1-KFOsXko93AVUp3hGkhv3X8s/S64\""
  },
  "body": {}
}
2025-05-28 14:34:31 [INFO]: Database query executed {
  "sql": "SELECT id, username, email, role, nationality, created_at FROM users",
  "params": [],
  "rowCount": 7,
  "duration": "51ms"
}
2025-05-28 14:34:31 [INFO]: Fetched all users
2025-05-28 14:34:43 [INFO]: Request received {
  "method": "GET",
  "url": "/api/childattendances/attendance?date=2025-05-28&user_id=895b0c9f-0205-4f2a-8fa0-f887510befdf",
  "headers": {
    "host": "localhost:3000",
    "connection": "keep-alive",
    "sec-ch-ua-platform": "\"Android\"",
    "authorization": "Bearer eyJhbGciOiJIUzI1NiIsInR5cCI6IkpXVCJ9.eyJpZCI6ImIxZDk0OTFhLTg3MDItNDBkOS1hOTk5LTY4YTdkY2NkYzdjMyIsInJvbGUiOiJjb29yZGluYXRvciIsImlhdCI6MTc0ODQxNzY3MSwiZXhwIjoxNzQ4NDI4NDcxfQ.MOQIt-O8lbMBbRrythvfWZKqNDWeXiS5Qj-KdfwLio4",
    "user-agent": "Mozilla/5.0 (Linux; Android 6.0; Nexus 5 Build/MRA58N) AppleWebKit/537.36 (KHTML, like Gecko) Chrome/131.0.0.0 Mobile Safari/537.36",
    "accept": "application/json, text/plain, */*",
    "sec-ch-ua": "\"Google Chrome\";v=\"131\", \"Chromium\";v=\"131\", \"Not_A Brand\";v=\"24\"",
    "sec-ch-ua-mobile": "?1",
    "origin": "http://localhost:5173",
    "sec-fetch-site": "same-site",
    "sec-fetch-mode": "cors",
    "sec-fetch-dest": "empty",
    "referer": "http://localhost:5173/",
    "accept-encoding": "gzip, deflate, br, zstd",
    "accept-language": "en-US,en;q=0.9",
    "if-none-match": "W/\"db4-bVednR6Z0dCxYpJSlOcHBiZDTUY\""
  },
  "body": {}
}
2025-05-28 14:34:44 [INFO]: Request received {
  "method": "GET",
  "url": "/api/childattendances/attendance?date=2025-05-28&user_id=895b0c9f-0205-4f2a-8fa0-f887510befdf",
  "headers": {
    "host": "localhost:3000",
    "connection": "keep-alive",
    "sec-ch-ua-platform": "\"Android\"",
    "authorization": "Bearer eyJhbGciOiJIUzI1NiIsInR5cCI6IkpXVCJ9.eyJpZCI6ImIxZDk0OTFhLTg3MDItNDBkOS1hOTk5LTY4YTdkY2NkYzdjMyIsInJvbGUiOiJjb29yZGluYXRvciIsImlhdCI6MTc0ODQxNzY3MSwiZXhwIjoxNzQ4NDI4NDcxfQ.MOQIt-O8lbMBbRrythvfWZKqNDWeXiS5Qj-KdfwLio4",
    "user-agent": "Mozilla/5.0 (Linux; Android 6.0; Nexus 5 Build/MRA58N) AppleWebKit/537.36 (KHTML, like Gecko) Chrome/131.0.0.0 Mobile Safari/537.36",
    "accept": "application/json, text/plain, */*",
    "sec-ch-ua": "\"Google Chrome\";v=\"131\", \"Chromium\";v=\"131\", \"Not_A Brand\";v=\"24\"",
    "sec-ch-ua-mobile": "?1",
    "origin": "http://localhost:5173",
    "sec-fetch-site": "same-site",
    "sec-fetch-mode": "cors",
    "sec-fetch-dest": "empty",
    "referer": "http://localhost:5173/",
    "accept-encoding": "gzip, deflate, br, zstd",
    "accept-language": "en-US,en;q=0.9",
    "if-none-match": "W/\"db4-bVednR6Z0dCxYpJSlOcHBiZDTUY\""
  },
  "body": {}
}
2025-05-28 14:34:45 [INFO]: Request received {
  "method": "GET",
  "url": "/api/childattendances/attendance?date=2025-05-28&user_id=895b0c9f-0205-4f2a-8fa0-f887510befdf",
  "headers": {
    "host": "localhost:3000",
    "connection": "keep-alive",
    "sec-ch-ua-platform": "\"Android\"",
    "authorization": "Bearer eyJhbGciOiJIUzI1NiIsInR5cCI6IkpXVCJ9.eyJpZCI6ImIxZDk0OTFhLTg3MDItNDBkOS1hOTk5LTY4YTdkY2NkYzdjMyIsInJvbGUiOiJjb29yZGluYXRvciIsImlhdCI6MTc0ODQxNzY3MSwiZXhwIjoxNzQ4NDI4NDcxfQ.MOQIt-O8lbMBbRrythvfWZKqNDWeXiS5Qj-KdfwLio4",
    "user-agent": "Mozilla/5.0 (Linux; Android 6.0; Nexus 5 Build/MRA58N) AppleWebKit/537.36 (KHTML, like Gecko) Chrome/131.0.0.0 Mobile Safari/537.36",
    "accept": "application/json, text/plain, */*",
    "sec-ch-ua": "\"Google Chrome\";v=\"131\", \"Chromium\";v=\"131\", \"Not_A Brand\";v=\"24\"",
    "sec-ch-ua-mobile": "?1",
    "origin": "http://localhost:5173",
    "sec-fetch-site": "same-site",
    "sec-fetch-mode": "cors",
    "sec-fetch-dest": "empty",
    "referer": "http://localhost:5173/",
    "accept-encoding": "gzip, deflate, br, zstd",
    "accept-language": "en-US,en;q=0.9",
    "if-none-match": "W/\"db4-bVednR6Z0dCxYpJSlOcHBiZDTUY\""
  },
  "body": {}
}
2025-05-28 14:34:47 [INFO]: Request received {
  "method": "POST",
  "url": "/api/childattendances/checklist",
  "headers": {
    "host": "localhost:3000",
    "connection": "keep-alive",
    "content-length": "86",
    "sec-ch-ua-platform": "\"Android\"",
    "authorization": "Bearer eyJhbGciOiJIUzI1NiIsInR5cCI6IkpXVCJ9.eyJpZCI6ImIxZDk0OTFhLTg3MDItNDBkOS1hOTk5LTY4YTdkY2NkYzdjMyIsInJvbGUiOiJjb29yZGluYXRvciIsImlhdCI6MTc0ODQxNzY3MSwiZXhwIjoxNzQ4NDI4NDcxfQ.MOQIt-O8lbMBbRrythvfWZKqNDWeXiS5Qj-KdfwLio4",
    "user-agent": "Mozilla/5.0 (Linux; Android 6.0; Nexus 5 Build/MRA58N) AppleWebKit/537.36 (KHTML, like Gecko) Chrome/131.0.0.0 Mobile Safari/537.36",
    "accept": "application/json, text/plain, */*",
    "sec-ch-ua": "\"Google Chrome\";v=\"131\", \"Chromium\";v=\"131\", \"Not_A Brand\";v=\"24\"",
    "content-type": "application/json",
    "sec-ch-ua-mobile": "?1",
    "origin": "http://localhost:5173",
    "sec-fetch-site": "same-site",
    "sec-fetch-mode": "cors",
    "sec-fetch-dest": "empty",
    "referer": "http://localhost:5173/",
    "accept-encoding": "gzip, deflate, br, zstd",
    "accept-language": "en-US,en;q=0.9"
  },
  "body": {
    "attendance_date": "2025-05-28",
    "organizer_id": "895b0c9f-0205-4f2a-8fa0-f887510befdf"
  }
}
2025-05-28 14:34:47 [INFO]: Request received {
  "method": "GET",
  "url": "/api/childattendances",
  "headers": {
    "host": "localhost:3000",
    "connection": "keep-alive",
    "sec-ch-ua-platform": "\"Android\"",
    "authorization": "Bearer eyJhbGciOiJIUzI1NiIsInR5cCI6IkpXVCJ9.eyJpZCI6ImIxZDk0OTFhLTg3MDItNDBkOS1hOTk5LTY4YTdkY2NkYzdjMyIsInJvbGUiOiJjb29yZGluYXRvciIsImlhdCI6MTc0ODQxNzY3MSwiZXhwIjoxNzQ4NDI4NDcxfQ.MOQIt-O8lbMBbRrythvfWZKqNDWeXiS5Qj-KdfwLio4",
    "user-agent": "Mozilla/5.0 (Linux; Android 6.0; Nexus 5 Build/MRA58N) AppleWebKit/537.36 (KHTML, like Gecko) Chrome/131.0.0.0 Mobile Safari/537.36",
    "accept": "application/json, text/plain, */*",
    "sec-ch-ua": "\"Google Chrome\";v=\"131\", \"Chromium\";v=\"131\", \"Not_A Brand\";v=\"24\"",
    "sec-ch-ua-mobile": "?1",
    "origin": "http://localhost:5173",
    "sec-fetch-site": "same-site",
    "sec-fetch-mode": "cors",
    "sec-fetch-dest": "empty",
    "referer": "http://localhost:5173/",
    "accept-encoding": "gzip, deflate, br, zstd",
    "accept-language": "en-US,en;q=0.9",
    "if-none-match": "W/\"17b1-KFOsXko93AVUp3hGkhv3X8s/S64\""
  },
  "body": {}
}
2025-05-28 14:34:47 [INFO]: Request received {
  "method": "GET",
  "url": "/api/childattendances/attendance?date=2025-05-28&user_id=895b0c9f-0205-4f2a-8fa0-f887510befdf",
  "headers": {
    "host": "localhost:3000",
    "connection": "keep-alive",
    "sec-ch-ua-platform": "\"Android\"",
    "authorization": "Bearer eyJhbGciOiJIUzI1NiIsInR5cCI6IkpXVCJ9.eyJpZCI6ImIxZDk0OTFhLTg3MDItNDBkOS1hOTk5LTY4YTdkY2NkYzdjMyIsInJvbGUiOiJjb29yZGluYXRvciIsImlhdCI6MTc0ODQxNzY3MSwiZXhwIjoxNzQ4NDI4NDcxfQ.MOQIt-O8lbMBbRrythvfWZKqNDWeXiS5Qj-KdfwLio4",
    "user-agent": "Mozilla/5.0 (Linux; Android 6.0; Nexus 5 Build/MRA58N) AppleWebKit/537.36 (KHTML, like Gecko) Chrome/131.0.0.0 Mobile Safari/537.36",
    "accept": "application/json, text/plain, */*",
    "sec-ch-ua": "\"Google Chrome\";v=\"131\", \"Chromium\";v=\"131\", \"Not_A Brand\";v=\"24\"",
    "sec-ch-ua-mobile": "?1",
    "origin": "http://localhost:5173",
    "sec-fetch-site": "same-site",
    "sec-fetch-mode": "cors",
    "sec-fetch-dest": "empty",
    "referer": "http://localhost:5173/",
    "accept-encoding": "gzip, deflate, br, zstd",
    "accept-language": "en-US,en;q=0.9",
    "if-none-match": "W/\"db4-bVednR6Z0dCxYpJSlOcHBiZDTUY\""
  },
  "body": {}
}
2025-05-28 14:35:37 [INFO]: Request received {
  "method": "POST",
  "url": "/api/auth/login",
  "headers": {
    "host": "localhost:3000",
    "connection": "keep-alive",
    "content-length": "51",
    "sec-ch-ua-platform": "\"Android\"",
    "user-agent": "Mozilla/5.0 (Linux; Android 6.0; Nexus 5 Build/MRA58N) AppleWebKit/537.36 (KHTML, like Gecko) Chrome/131.0.0.0 Mobile Safari/537.36",
    "accept": "application/json, text/plain, */*",
    "sec-ch-ua": "\"Google Chrome\";v=\"131\", \"Chromium\";v=\"131\", \"Not_A Brand\";v=\"24\"",
    "content-type": "application/json",
    "sec-ch-ua-mobile": "?1",
    "origin": "http://localhost:5173",
    "sec-fetch-site": "same-site",
    "sec-fetch-mode": "cors",
    "sec-fetch-dest": "empty",
    "referer": "http://localhost:5173/",
    "accept-encoding": "gzip, deflate, br, zstd",
    "accept-language": "en-US,en;q=0.9"
  },
  "body": {
    "email": "***",
    "password": "***"
  }
}
2025-05-28 14:35:37 [INFO]: Attempting login {
  "email": "Sopheak@gmail.com"
}
2025-05-28 14:35:37 [INFO]: Database query executed {
  "sql": "SELECT * FROM users WHERE email = $1",
  "params": [
    "Sopheak@gmail.com"
  ],
  "rowCount": 1,
  "duration": "240ms"
}
2025-05-28 14:35:37 [INFO]: Login successful {
  "id": "b1d9491a-8702-40d9-a999-68a7dccdc7c3"
}
2025-05-28 14:35:37 [INFO]: Login successful {
  "email": "Sopheak@gmail.com"
}
2025-05-28 14:35:37 [INFO]: Request received {
  "method": "GET",
  "url": "/api/users/b1d9491a-8702-40d9-a999-68a7dccdc7c3",
  "headers": {
    "host": "localhost:3000",
    "connection": "keep-alive",
    "sec-ch-ua-platform": "\"Android\"",
    "authorization": "Bearer eyJhbGciOiJIUzI1NiIsInR5cCI6IkpXVCJ9.eyJpZCI6ImIxZDk0OTFhLTg3MDItNDBkOS1hOTk5LTY4YTdkY2NkYzdjMyIsInJvbGUiOiJjb29yZGluYXRvciIsImlhdCI6MTc0ODQxNzczNywiZXhwIjoxNzQ4NDI4NTM3fQ.lXaobYHSQhGHE6r95VzN67TwIx_xmqPrAZv3BL4l9x0",
    "user-agent": "Mozilla/5.0 (Linux; Android 6.0; Nexus 5 Build/MRA58N) AppleWebKit/537.36 (KHTML, like Gecko) Chrome/131.0.0.0 Mobile Safari/537.36",
    "accept": "application/json, text/plain, */*",
    "sec-ch-ua": "\"Google Chrome\";v=\"131\", \"Chromium\";v=\"131\", \"Not_A Brand\";v=\"24\"",
    "sec-ch-ua-mobile": "?1",
    "origin": "http://localhost:5173",
    "sec-fetch-site": "same-site",
    "sec-fetch-mode": "cors",
    "sec-fetch-dest": "empty",
    "referer": "http://localhost:5173/",
    "accept-encoding": "gzip, deflate, br, zstd",
    "accept-language": "en-US,en;q=0.9",
    "if-none-match": "W/\"b5-VqTNJSdOdddfefC5Mu/hTTblnwA\""
  },
  "body": {}
}
2025-05-28 14:35:37 [INFO]: Fetching user by id {
  "id": "b1d9491a-8702-40d9-a999-68a7dccdc7c3"
}
2025-05-28 14:35:37 [INFO]: Request received {
  "method": "GET",
  "url": "/api/users",
  "headers": {
    "host": "localhost:3000",
    "connection": "keep-alive",
    "sec-ch-ua-platform": "\"Android\"",
    "authorization": "Bearer eyJhbGciOiJIUzI1NiIsInR5cCI6IkpXVCJ9.eyJpZCI6ImIxZDk0OTFhLTg3MDItNDBkOS1hOTk5LTY4YTdkY2NkYzdjMyIsInJvbGUiOiJjb29yZGluYXRvciIsImlhdCI6MTc0ODQxNzczNywiZXhwIjoxNzQ4NDI4NTM3fQ.lXaobYHSQhGHE6r95VzN67TwIx_xmqPrAZv3BL4l9x0",
    "user-agent": "Mozilla/5.0 (Linux; Android 6.0; Nexus 5 Build/MRA58N) AppleWebKit/537.36 (KHTML, like Gecko) Chrome/131.0.0.0 Mobile Safari/537.36",
    "accept": "application/json, text/plain, */*",
    "sec-ch-ua": "\"Google Chrome\";v=\"131\", \"Chromium\";v=\"131\", \"Not_A Brand\";v=\"24\"",
    "sec-ch-ua-mobile": "?1",
    "origin": "http://localhost:5173",
    "sec-fetch-site": "same-site",
    "sec-fetch-mode": "cors",
    "sec-fetch-dest": "empty",
    "referer": "http://localhost:5173/",
    "accept-encoding": "gzip, deflate, br, zstd",
    "accept-language": "en-US,en;q=0.9",
    "if-none-match": "W/\"4b7-nxt4E/qpmJ5hSLuZZQvDmh5l7qA\""
  },
  "body": {}
}
2025-05-28 14:35:37 [INFO]: Fetching all users
2025-05-28 14:35:37 [INFO]: Request received {
  "method": "GET",
  "url": "/api/childattendances",
  "headers": {
    "host": "localhost:3000",
    "connection": "keep-alive",
    "sec-ch-ua-platform": "\"Android\"",
    "authorization": "Bearer eyJhbGciOiJIUzI1NiIsInR5cCI6IkpXVCJ9.eyJpZCI6ImIxZDk0OTFhLTg3MDItNDBkOS1hOTk5LTY4YTdkY2NkYzdjMyIsInJvbGUiOiJjb29yZGluYXRvciIsImlhdCI6MTc0ODQxNzczNywiZXhwIjoxNzQ4NDI4NTM3fQ.lXaobYHSQhGHE6r95VzN67TwIx_xmqPrAZv3BL4l9x0",
    "user-agent": "Mozilla/5.0 (Linux; Android 6.0; Nexus 5 Build/MRA58N) AppleWebKit/537.36 (KHTML, like Gecko) Chrome/131.0.0.0 Mobile Safari/537.36",
    "accept": "application/json, text/plain, */*",
    "sec-ch-ua": "\"Google Chrome\";v=\"131\", \"Chromium\";v=\"131\", \"Not_A Brand\";v=\"24\"",
    "sec-ch-ua-mobile": "?1",
    "origin": "http://localhost:5173",
    "sec-fetch-site": "same-site",
    "sec-fetch-mode": "cors",
    "sec-fetch-dest": "empty",
    "referer": "http://localhost:5173/",
    "accept-encoding": "gzip, deflate, br, zstd",
    "accept-language": "en-US,en;q=0.9",
    "if-none-match": "W/\"273b-zz/kYad7EJB/8+0no1bWGx2juyI\""
  },
  "body": {}
}
2025-05-28 14:35:37 [INFO]: Database query executed {
  "sql": "SELECT id, username, email, role, nationality, created_at FROM users WHERE id = $1",
  "params": [
    "b1d9491a-8702-40d9-a999-68a7dccdc7c3"
  ],
  "rowCount": 1,
  "duration": "44ms"
}
2025-05-28 14:35:37 [INFO]: Fetched user by id {
  "id": "b1d9491a-8702-40d9-a999-68a7dccdc7c3"
}
2025-05-28 14:35:37 [INFO]: Request received {
  "method": "GET",
  "url": "/api/users/b1d9491a-8702-40d9-a999-68a7dccdc7c3",
  "headers": {
    "host": "localhost:3000",
    "connection": "keep-alive",
    "sec-ch-ua-platform": "\"Android\"",
    "authorization": "Bearer eyJhbGciOiJIUzI1NiIsInR5cCI6IkpXVCJ9.eyJpZCI6ImIxZDk0OTFhLTg3MDItNDBkOS1hOTk5LTY4YTdkY2NkYzdjMyIsInJvbGUiOiJjb29yZGluYXRvciIsImlhdCI6MTc0ODQxNzczNywiZXhwIjoxNzQ4NDI4NTM3fQ.lXaobYHSQhGHE6r95VzN67TwIx_xmqPrAZv3BL4l9x0",
    "user-agent": "Mozilla/5.0 (Linux; Android 6.0; Nexus 5 Build/MRA58N) AppleWebKit/537.36 (KHTML, like Gecko) Chrome/131.0.0.0 Mobile Safari/537.36",
    "accept": "application/json, text/plain, */*",
    "sec-ch-ua": "\"Google Chrome\";v=\"131\", \"Chromium\";v=\"131\", \"Not_A Brand\";v=\"24\"",
    "sec-ch-ua-mobile": "?1",
    "origin": "http://localhost:5173",
    "sec-fetch-site": "same-site",
    "sec-fetch-mode": "cors",
    "sec-fetch-dest": "empty",
    "referer": "http://localhost:5173/",
    "accept-encoding": "gzip, deflate, br, zstd",
    "accept-language": "en-US,en;q=0.9",
    "if-none-match": "W/\"b5-VqTNJSdOdddfefC5Mu/hTTblnwA\""
  },
  "body": {}
}
2025-05-28 14:35:37 [INFO]: Fetching user by id {
  "id": "b1d9491a-8702-40d9-a999-68a7dccdc7c3"
}
2025-05-28 14:35:37 [INFO]: Database query executed {
  "sql": "SELECT id, username, email, role, nationality, created_at FROM users WHERE id = $1",
  "params": [
    "b1d9491a-8702-40d9-a999-68a7dccdc7c3"
  ],
  "rowCount": 1,
  "duration": "50ms"
}
2025-05-28 14:35:37 [INFO]: Fetched user by id {
  "id": "b1d9491a-8702-40d9-a999-68a7dccdc7c3"
}
2025-05-28 14:35:37 [INFO]: Request received {
  "method": "GET",
  "url": "/api/childattendances",
  "headers": {
    "host": "localhost:3000",
    "connection": "keep-alive",
    "sec-ch-ua-platform": "\"Android\"",
    "authorization": "Bearer eyJhbGciOiJIUzI1NiIsInR5cCI6IkpXVCJ9.eyJpZCI6ImIxZDk0OTFhLTg3MDItNDBkOS1hOTk5LTY4YTdkY2NkYzdjMyIsInJvbGUiOiJjb29yZGluYXRvciIsImlhdCI6MTc0ODQxNzczNywiZXhwIjoxNzQ4NDI4NTM3fQ.lXaobYHSQhGHE6r95VzN67TwIx_xmqPrAZv3BL4l9x0",
    "user-agent": "Mozilla/5.0 (Linux; Android 6.0; Nexus 5 Build/MRA58N) AppleWebKit/537.36 (KHTML, like Gecko) Chrome/131.0.0.0 Mobile Safari/537.36",
    "accept": "application/json, text/plain, */*",
    "sec-ch-ua": "\"Google Chrome\";v=\"131\", \"Chromium\";v=\"131\", \"Not_A Brand\";v=\"24\"",
    "sec-ch-ua-mobile": "?1",
    "origin": "http://localhost:5173",
    "sec-fetch-site": "same-site",
    "sec-fetch-mode": "cors",
    "sec-fetch-dest": "empty",
    "referer": "http://localhost:5173/",
    "accept-encoding": "gzip, deflate, br, zstd",
    "accept-language": "en-US,en;q=0.9",
    "if-none-match": "W/\"273b-zz/kYad7EJB/8+0no1bWGx2juyI\""
  },
  "body": {}
}
2025-05-28 14:35:37 [INFO]: Database query executed {
  "sql": "SELECT id, username, email, role, nationality, created_at FROM users",
  "params": [],
  "rowCount": 7,
  "duration": "237ms"
}
2025-05-28 14:35:37 [INFO]: Fetched all users
2025-05-28 14:35:37 [INFO]: Request received {
  "method": "GET",
  "url": "/api/users",
  "headers": {
    "host": "localhost:3000",
    "connection": "keep-alive",
    "sec-ch-ua-platform": "\"Android\"",
    "authorization": "Bearer eyJhbGciOiJIUzI1NiIsInR5cCI6IkpXVCJ9.eyJpZCI6ImIxZDk0OTFhLTg3MDItNDBkOS1hOTk5LTY4YTdkY2NkYzdjMyIsInJvbGUiOiJjb29yZGluYXRvciIsImlhdCI6MTc0ODQxNzczNywiZXhwIjoxNzQ4NDI4NTM3fQ.lXaobYHSQhGHE6r95VzN67TwIx_xmqPrAZv3BL4l9x0",
    "user-agent": "Mozilla/5.0 (Linux; Android 6.0; Nexus 5 Build/MRA58N) AppleWebKit/537.36 (KHTML, like Gecko) Chrome/131.0.0.0 Mobile Safari/537.36",
    "accept": "application/json, text/plain, */*",
    "sec-ch-ua": "\"Google Chrome\";v=\"131\", \"Chromium\";v=\"131\", \"Not_A Brand\";v=\"24\"",
    "sec-ch-ua-mobile": "?1",
    "origin": "http://localhost:5173",
    "sec-fetch-site": "same-site",
    "sec-fetch-mode": "cors",
    "sec-fetch-dest": "empty",
    "referer": "http://localhost:5173/",
    "accept-encoding": "gzip, deflate, br, zstd",
    "accept-language": "en-US,en;q=0.9",
    "if-none-match": "W/\"4b7-nxt4E/qpmJ5hSLuZZQvDmh5l7qA\""
  },
  "body": {}
}
2025-05-28 14:35:37 [INFO]: Fetching all users
2025-05-28 14:35:37 [INFO]: Database query executed {
  "sql": "SELECT id, username, email, role, nationality, created_at FROM users",
  "params": [],
  "rowCount": 7,
  "duration": "51ms"
}
2025-05-28 14:35:37 [INFO]: Fetched all users
2025-05-28 14:36:00 [INFO]: Request received {
  "method": "GET",
  "url": "/api/campevents",
  "headers": {
    "host": "localhost:3000",
    "connection": "keep-alive",
    "sec-ch-ua-platform": "\"Android\"",
    "authorization": "Bearer eyJhbGciOiJIUzI1NiIsInR5cCI6IkpXVCJ9.eyJpZCI6ImIxZDk0OTFhLTg3MDItNDBkOS1hOTk5LTY4YTdkY2NkYzdjMyIsInJvbGUiOiJjb29yZGluYXRvciIsImlhdCI6MTc0ODQxNzczNywiZXhwIjoxNzQ4NDI4NTM3fQ.lXaobYHSQhGHE6r95VzN67TwIx_xmqPrAZv3BL4l9x0",
    "user-agent": "Mozilla/5.0 (Linux; Android 6.0; Nexus 5 Build/MRA58N) AppleWebKit/537.36 (KHTML, like Gecko) Chrome/131.0.0.0 Mobile Safari/537.36",
    "accept": "application/json, text/plain, */*",
    "sec-ch-ua": "\"Google Chrome\";v=\"131\", \"Chromium\";v=\"131\", \"Not_A Brand\";v=\"24\"",
    "sec-ch-ua-mobile": "?1",
    "origin": "http://localhost:5173",
    "sec-fetch-site": "same-site",
    "sec-fetch-mode": "cors",
    "sec-fetch-dest": "empty",
    "referer": "http://localhost:5173/",
    "accept-encoding": "gzip, deflate, br, zstd",
    "accept-language": "en-US,en;q=0.9",
    "if-none-match": "W/\"279-4Q8yCIDVqs/TLLAuw6vfFmEKSrs\""
  },
  "body": {}
}
2025-05-28 14:36:00 [INFO]: Fetching all camp-event associations
2025-05-28 14:36:00 [INFO]: Database query executed {
  "sql": "SELECT \n         ce.id, \n         ce.camp_id, \n         c.camp_name, \n         ce.event_id, \n         ce.created_at \n       FROM camp_event ce\n       JOIN camp c ON ce.camp_id = c.id",
  "params": [],
  "rowCount": 3,
  "duration": "257ms"
}
2025-05-28 14:36:00 [INFO]: Fetched all camp-event associations
2025-05-28 14:36:00 [INFO]: Request received {
  "method": "GET",
  "url": "/api/campevents",
  "headers": {
    "host": "localhost:3000",
    "connection": "keep-alive",
    "sec-ch-ua-platform": "\"Android\"",
    "authorization": "Bearer eyJhbGciOiJIUzI1NiIsInR5cCI6IkpXVCJ9.eyJpZCI6ImIxZDk0OTFhLTg3MDItNDBkOS1hOTk5LTY4YTdkY2NkYzdjMyIsInJvbGUiOiJjb29yZGluYXRvciIsImlhdCI6MTc0ODQxNzczNywiZXhwIjoxNzQ4NDI4NTM3fQ.lXaobYHSQhGHE6r95VzN67TwIx_xmqPrAZv3BL4l9x0",
    "user-agent": "Mozilla/5.0 (Linux; Android 6.0; Nexus 5 Build/MRA58N) AppleWebKit/537.36 (KHTML, like Gecko) Chrome/131.0.0.0 Mobile Safari/537.36",
    "accept": "application/json, text/plain, */*",
    "sec-ch-ua": "\"Google Chrome\";v=\"131\", \"Chromium\";v=\"131\", \"Not_A Brand\";v=\"24\"",
    "sec-ch-ua-mobile": "?1",
    "origin": "http://localhost:5173",
    "sec-fetch-site": "same-site",
    "sec-fetch-mode": "cors",
    "sec-fetch-dest": "empty",
    "referer": "http://localhost:5173/",
    "accept-encoding": "gzip, deflate, br, zstd",
    "accept-language": "en-US,en;q=0.9",
    "if-none-match": "W/\"279-4Q8yCIDVqs/TLLAuw6vfFmEKSrs\""
  },
  "body": {}
}
2025-05-28 14:36:00 [INFO]: Fetching all camp-event associations
2025-05-28 14:36:00 [INFO]: Database query executed {
  "sql": "SELECT \n         ce.id, \n         ce.camp_id, \n         c.camp_name, \n         ce.event_id, \n         ce.created_at \n       FROM camp_event ce\n       JOIN camp c ON ce.camp_id = c.id",
  "params": [],
  "rowCount": 3,
  "duration": "60ms"
}
2025-05-28 14:36:00 [INFO]: Fetched all camp-event associations
2025-05-28 14:36:30 [INFO]: Request received {
  "method": "POST",
  "url": "/api/childattendances",
  "headers": {
    "host": "localhost:3000",
    "connection": "keep-alive",
    "content-length": "170",
    "sec-ch-ua-platform": "\"Android\"",
    "authorization": "Bearer eyJhbGciOiJIUzI1NiIsInR5cCI6IkpXVCJ9.eyJpZCI6ImIxZDk0OTFhLTg3MDItNDBkOS1hOTk5LTY4YTdkY2NkYzdjMyIsInJvbGUiOiJjb29yZGluYXRvciIsImlhdCI6MTc0ODQxNzczNywiZXhwIjoxNzQ4NDI4NTM3fQ.lXaobYHSQhGHE6r95VzN67TwIx_xmqPrAZv3BL4l9x0",
    "user-agent": "Mozilla/5.0 (Linux; Android 6.0; Nexus 5 Build/MRA58N) AppleWebKit/537.36 (KHTML, like Gecko) Chrome/131.0.0.0 Mobile Safari/537.36",
    "accept": "application/json, text/plain, */*",
    "sec-ch-ua": "\"Google Chrome\";v=\"131\", \"Chromium\";v=\"131\", \"Not_A Brand\";v=\"24\"",
    "content-type": "application/json",
    "sec-ch-ua-mobile": "?1",
    "origin": "http://localhost:5173",
    "sec-fetch-site": "same-site",
    "sec-fetch-mode": "cors",
    "sec-fetch-dest": "empty",
    "referer": "http://localhost:5173/",
    "accept-encoding": "gzip, deflate, br, zstd",
    "accept-language": "en-US,en;q=0.9"
  },
  "body": {
    "fullname": "luka",
    "gender": "Female",
    "age": 12,
    "family_id": "7777",
    "attendance_date": "2025-05-28",
    "status": "Present",
    "camp_event_id": "b87a33d8-3e71-4803-bd78-8baf3f2bdbb6"
  }
}
2025-05-28 14:36:30 [INFO]: Request received {
  "method": "GET",
  "url": "/api/childattendances",
  "headers": {
    "host": "localhost:3000",
    "connection": "keep-alive",
    "sec-ch-ua-platform": "\"Android\"",
    "authorization": "Bearer eyJhbGciOiJIUzI1NiIsInR5cCI6IkpXVCJ9.eyJpZCI6ImIxZDk0OTFhLTg3MDItNDBkOS1hOTk5LTY4YTdkY2NkYzdjMyIsInJvbGUiOiJjb29yZGluYXRvciIsImlhdCI6MTc0ODQxNzczNywiZXhwIjoxNzQ4NDI4NTM3fQ.lXaobYHSQhGHE6r95VzN67TwIx_xmqPrAZv3BL4l9x0",
    "user-agent": "Mozilla/5.0 (Linux; Android 6.0; Nexus 5 Build/MRA58N) AppleWebKit/537.36 (KHTML, like Gecko) Chrome/131.0.0.0 Mobile Safari/537.36",
    "accept": "application/json, text/plain, */*",
    "sec-ch-ua": "\"Google Chrome\";v=\"131\", \"Chromium\";v=\"131\", \"Not_A Brand\";v=\"24\"",
    "sec-ch-ua-mobile": "?1",
    "origin": "http://localhost:5173",
    "sec-fetch-site": "same-site",
    "sec-fetch-mode": "cors",
    "sec-fetch-dest": "empty",
    "referer": "http://localhost:5173/",
    "accept-encoding": "gzip, deflate, br, zstd",
    "accept-language": "en-US,en;q=0.9",
    "if-none-match": "W/\"273b-zz/kYad7EJB/8+0no1bWGx2juyI\""
  },
  "body": {}
}
2025-05-28 14:36:30 [INFO]: Request received {
  "method": "GET",
  "url": "/api/users/b1d9491a-8702-40d9-a999-68a7dccdc7c3",
  "headers": {
    "host": "localhost:3000",
    "connection": "keep-alive",
    "sec-ch-ua-platform": "\"Android\"",
    "authorization": "Bearer eyJhbGciOiJIUzI1NiIsInR5cCI6IkpXVCJ9.eyJpZCI6ImIxZDk0OTFhLTg3MDItNDBkOS1hOTk5LTY4YTdkY2NkYzdjMyIsInJvbGUiOiJjb29yZGluYXRvciIsImlhdCI6MTc0ODQxNzczNywiZXhwIjoxNzQ4NDI4NTM3fQ.lXaobYHSQhGHE6r95VzN67TwIx_xmqPrAZv3BL4l9x0",
    "user-agent": "Mozilla/5.0 (Linux; Android 6.0; Nexus 5 Build/MRA58N) AppleWebKit/537.36 (KHTML, like Gecko) Chrome/131.0.0.0 Mobile Safari/537.36",
    "accept": "application/json, text/plain, */*",
    "sec-ch-ua": "\"Google Chrome\";v=\"131\", \"Chromium\";v=\"131\", \"Not_A Brand\";v=\"24\"",
    "sec-ch-ua-mobile": "?1",
    "origin": "http://localhost:5173",
    "sec-fetch-site": "same-site",
    "sec-fetch-mode": "cors",
    "sec-fetch-dest": "empty",
    "referer": "http://localhost:5173/",
    "accept-encoding": "gzip, deflate, br, zstd",
    "accept-language": "en-US,en;q=0.9",
    "if-none-match": "W/\"b5-VqTNJSdOdddfefC5Mu/hTTblnwA\""
  },
  "body": {}
}
2025-05-28 14:36:30 [INFO]: Fetching user by id {
  "id": "b1d9491a-8702-40d9-a999-68a7dccdc7c3"
}
2025-05-28 14:36:30 [INFO]: Request received {
  "method": "GET",
  "url": "/api/users",
  "headers": {
    "host": "localhost:3000",
    "connection": "keep-alive",
    "sec-ch-ua-platform": "\"Android\"",
    "authorization": "Bearer eyJhbGciOiJIUzI1NiIsInR5cCI6IkpXVCJ9.eyJpZCI6ImIxZDk0OTFhLTg3MDItNDBkOS1hOTk5LTY4YTdkY2NkYzdjMyIsInJvbGUiOiJjb29yZGluYXRvciIsImlhdCI6MTc0ODQxNzczNywiZXhwIjoxNzQ4NDI4NTM3fQ.lXaobYHSQhGHE6r95VzN67TwIx_xmqPrAZv3BL4l9x0",
    "user-agent": "Mozilla/5.0 (Linux; Android 6.0; Nexus 5 Build/MRA58N) AppleWebKit/537.36 (KHTML, like Gecko) Chrome/131.0.0.0 Mobile Safari/537.36",
    "accept": "application/json, text/plain, */*",
    "sec-ch-ua": "\"Google Chrome\";v=\"131\", \"Chromium\";v=\"131\", \"Not_A Brand\";v=\"24\"",
    "sec-ch-ua-mobile": "?1",
    "origin": "http://localhost:5173",
    "sec-fetch-site": "same-site",
    "sec-fetch-mode": "cors",
    "sec-fetch-dest": "empty",
    "referer": "http://localhost:5173/",
    "accept-encoding": "gzip, deflate, br, zstd",
    "accept-language": "en-US,en;q=0.9",
    "if-none-match": "W/\"4b7-nxt4E/qpmJ5hSLuZZQvDmh5l7qA\""
  },
  "body": {}
}
2025-05-28 14:36:30 [INFO]: Fetching all users
2025-05-28 14:36:30 [INFO]: Database query executed {
  "sql": "SELECT id, username, email, role, nationality, created_at FROM users WHERE id = $1",
  "params": [
    "b1d9491a-8702-40d9-a999-68a7dccdc7c3"
  ],
  "rowCount": 1,
  "duration": "260ms"
}
2025-05-28 14:36:30 [INFO]: Fetched user by id {
  "id": "b1d9491a-8702-40d9-a999-68a7dccdc7c3"
}
2025-05-28 14:36:30 [INFO]: Request received {
  "method": "GET",
  "url": "/api/childattendances",
  "headers": {
    "host": "localhost:3000",
    "connection": "keep-alive",
    "sec-ch-ua-platform": "\"Android\"",
    "authorization": "Bearer eyJhbGciOiJIUzI1NiIsInR5cCI6IkpXVCJ9.eyJpZCI6ImIxZDk0OTFhLTg3MDItNDBkOS1hOTk5LTY4YTdkY2NkYzdjMyIsInJvbGUiOiJjb29yZGluYXRvciIsImlhdCI6MTc0ODQxNzczNywiZXhwIjoxNzQ4NDI4NTM3fQ.lXaobYHSQhGHE6r95VzN67TwIx_xmqPrAZv3BL4l9x0",
    "user-agent": "Mozilla/5.0 (Linux; Android 6.0; Nexus 5 Build/MRA58N) AppleWebKit/537.36 (KHTML, like Gecko) Chrome/131.0.0.0 Mobile Safari/537.36",
    "accept": "application/json, text/plain, */*",
    "sec-ch-ua": "\"Google Chrome\";v=\"131\", \"Chromium\";v=\"131\", \"Not_A Brand\";v=\"24\"",
    "sec-ch-ua-mobile": "?1",
    "origin": "http://localhost:5173",
    "sec-fetch-site": "same-site",
    "sec-fetch-mode": "cors",
    "sec-fetch-dest": "empty",
    "referer": "http://localhost:5173/",
    "accept-encoding": "gzip, deflate, br, zstd",
    "accept-language": "en-US,en;q=0.9",
    "if-none-match": "W/\"28d4-dpW2B+CKTUpMwW/qMxWMlvwqMF4\""
  },
  "body": {}
}
2025-05-28 14:36:30 [INFO]: Request received {
  "method": "GET",
  "url": "/api/users/b1d9491a-8702-40d9-a999-68a7dccdc7c3",
  "headers": {
    "host": "localhost:3000",
    "connection": "keep-alive",
    "sec-ch-ua-platform": "\"Android\"",
    "authorization": "Bearer eyJhbGciOiJIUzI1NiIsInR5cCI6IkpXVCJ9.eyJpZCI6ImIxZDk0OTFhLTg3MDItNDBkOS1hOTk5LTY4YTdkY2NkYzdjMyIsInJvbGUiOiJjb29yZGluYXRvciIsImlhdCI6MTc0ODQxNzczNywiZXhwIjoxNzQ4NDI4NTM3fQ.lXaobYHSQhGHE6r95VzN67TwIx_xmqPrAZv3BL4l9x0",
    "user-agent": "Mozilla/5.0 (Linux; Android 6.0; Nexus 5 Build/MRA58N) AppleWebKit/537.36 (KHTML, like Gecko) Chrome/131.0.0.0 Mobile Safari/537.36",
    "accept": "application/json, text/plain, */*",
    "sec-ch-ua": "\"Google Chrome\";v=\"131\", \"Chromium\";v=\"131\", \"Not_A Brand\";v=\"24\"",
    "sec-ch-ua-mobile": "?1",
    "origin": "http://localhost:5173",
    "sec-fetch-site": "same-site",
    "sec-fetch-mode": "cors",
    "sec-fetch-dest": "empty",
    "referer": "http://localhost:5173/",
    "accept-encoding": "gzip, deflate, br, zstd",
    "accept-language": "en-US,en;q=0.9",
    "if-none-match": "W/\"b5-VqTNJSdOdddfefC5Mu/hTTblnwA\""
  },
  "body": {}
}
2025-05-28 14:36:30 [INFO]: Fetching user by id {
  "id": "b1d9491a-8702-40d9-a999-68a7dccdc7c3"
}
2025-05-28 14:36:30 [INFO]: Database query executed {
  "sql": "SELECT id, username, email, role, nationality, created_at FROM users",
  "params": [],
  "rowCount": 7,
  "duration": "284ms"
}
2025-05-28 14:36:30 [INFO]: Fetched all users
2025-05-28 14:36:30 [INFO]: Request received {
  "method": "GET",
  "url": "/api/users",
  "headers": {
    "host": "localhost:3000",
    "connection": "keep-alive",
    "sec-ch-ua-platform": "\"Android\"",
    "authorization": "Bearer eyJhbGciOiJIUzI1NiIsInR5cCI6IkpXVCJ9.eyJpZCI6ImIxZDk0OTFhLTg3MDItNDBkOS1hOTk5LTY4YTdkY2NkYzdjMyIsInJvbGUiOiJjb29yZGluYXRvciIsImlhdCI6MTc0ODQxNzczNywiZXhwIjoxNzQ4NDI4NTM3fQ.lXaobYHSQhGHE6r95VzN67TwIx_xmqPrAZv3BL4l9x0",
    "user-agent": "Mozilla/5.0 (Linux; Android 6.0; Nexus 5 Build/MRA58N) AppleWebKit/537.36 (KHTML, like Gecko) Chrome/131.0.0.0 Mobile Safari/537.36",
    "accept": "application/json, text/plain, */*",
    "sec-ch-ua": "\"Google Chrome\";v=\"131\", \"Chromium\";v=\"131\", \"Not_A Brand\";v=\"24\"",
    "sec-ch-ua-mobile": "?1",
    "origin": "http://localhost:5173",
    "sec-fetch-site": "same-site",
    "sec-fetch-mode": "cors",
    "sec-fetch-dest": "empty",
    "referer": "http://localhost:5173/",
    "accept-encoding": "gzip, deflate, br, zstd",
    "accept-language": "en-US,en;q=0.9",
    "if-none-match": "W/\"4b7-nxt4E/qpmJ5hSLuZZQvDmh5l7qA\""
  },
  "body": {}
}
2025-05-28 14:36:30 [INFO]: Fetching all users
2025-05-28 14:36:30 [INFO]: Database query executed {
  "sql": "SELECT id, username, email, role, nationality, created_at FROM users WHERE id = $1",
  "params": [
    "b1d9491a-8702-40d9-a999-68a7dccdc7c3"
  ],
  "rowCount": 1,
  "duration": "47ms"
}
2025-05-28 14:36:30 [INFO]: Fetched user by id {
  "id": "b1d9491a-8702-40d9-a999-68a7dccdc7c3"
}
2025-05-28 14:36:30 [INFO]: Database query executed {
  "sql": "SELECT id, username, email, role, nationality, created_at FROM users",
  "params": [],
  "rowCount": 7,
  "duration": "60ms"
}
2025-05-28 14:36:30 [INFO]: Fetched all users
2025-05-28 14:36:53 [INFO]: Request received {
  "method": "GET",
  "url": "/api/childattendances/attendance?date=2025-05-28&user_id=b1d9491a-8702-40d9-a999-68a7dccdc7c3",
  "headers": {
    "host": "localhost:3000",
    "connection": "keep-alive",
    "sec-ch-ua-platform": "\"Android\"",
    "authorization": "Bearer eyJhbGciOiJIUzI1NiIsInR5cCI6IkpXVCJ9.eyJpZCI6ImIxZDk0OTFhLTg3MDItNDBkOS1hOTk5LTY4YTdkY2NkYzdjMyIsInJvbGUiOiJjb29yZGluYXRvciIsImlhdCI6MTc0ODQxNzczNywiZXhwIjoxNzQ4NDI4NTM3fQ.lXaobYHSQhGHE6r95VzN67TwIx_xmqPrAZv3BL4l9x0",
    "user-agent": "Mozilla/5.0 (Linux; Android 6.0; Nexus 5 Build/MRA58N) AppleWebKit/537.36 (KHTML, like Gecko) Chrome/131.0.0.0 Mobile Safari/537.36",
    "accept": "application/json, text/plain, */*",
    "sec-ch-ua": "\"Google Chrome\";v=\"131\", \"Chromium\";v=\"131\", \"Not_A Brand\";v=\"24\"",
    "sec-ch-ua-mobile": "?1",
    "origin": "http://localhost:5173",
    "sec-fetch-site": "same-site",
    "sec-fetch-mode": "cors",
    "sec-fetch-dest": "empty",
    "referer": "http://localhost:5173/",
    "accept-encoding": "gzip, deflate, br, zstd",
    "accept-language": "en-US,en;q=0.9",
    "if-none-match": "W/\"5bb-u0gjC0VxrFfGoh7q6KX0JeuREgk\""
  },
  "body": {}
}
2025-05-28 14:37:45 [INFO]: Request received {
  "method": "GET",
  "url": "/api/childattendances/attendance?date=2025-05-28&user_id=b1d9491a-8702-40d9-a999-68a7dccdc7c3",
  "headers": {
    "host": "localhost:3000",
    "connection": "keep-alive",
    "sec-ch-ua-platform": "\"Android\"",
    "authorization": "Bearer eyJhbGciOiJIUzI1NiIsInR5cCI6IkpXVCJ9.eyJpZCI6ImIxZDk0OTFhLTg3MDItNDBkOS1hOTk5LTY4YTdkY2NkYzdjMyIsInJvbGUiOiJjb29yZGluYXRvciIsImlhdCI6MTc0ODQxNzczNywiZXhwIjoxNzQ4NDI4NTM3fQ.lXaobYHSQhGHE6r95VzN67TwIx_xmqPrAZv3BL4l9x0",
    "user-agent": "Mozilla/5.0 (Linux; Android 6.0; Nexus 5 Build/MRA58N) AppleWebKit/537.36 (KHTML, like Gecko) Chrome/131.0.0.0 Mobile Safari/537.36",
    "accept": "application/json, text/plain, */*",
    "sec-ch-ua": "\"Google Chrome\";v=\"131\", \"Chromium\";v=\"131\", \"Not_A Brand\";v=\"24\"",
    "sec-ch-ua-mobile": "?1",
    "origin": "http://localhost:5173",
    "sec-fetch-site": "same-site",
    "sec-fetch-mode": "cors",
    "sec-fetch-dest": "empty",
    "referer": "http://localhost:5173/",
    "accept-encoding": "gzip, deflate, br, zstd",
    "accept-language": "en-US,en;q=0.9",
    "if-none-match": "W/\"723-saCh7KMnxPirzGPNGH4kMnJfVbw\""
  },
  "body": {}
}
